title,release_date,platforms,genres
.kkrieger,2004-01-01,Microsoft Windows,"action game, first-person shooter, science fiction video game"
0 A.D.,2021-02-21,"Berkeley Software Distribution, Microsoft Windows, macOS","historical video game, real-time strategy"
007 Legends,2012-10-16,"Microsoft Windows, PlayStation 3, Wii U, Xbox One",first-person shooter
007: Licence to Kill,1989-04-20,"Amstrad CPC, Atari ST, BBC Micro, Commodore 64, DOS, MSX, ZX Spectrum",shoot 'em up
007: Quantum of Solace,2008-10-31,"Microsoft Windows, Nintendo DS, PlayStation 3, PlayStation 4, Wii, Xbox One","first-person shooter, third-person shooter"
1080° Snowboarding,1998-02-28,"Nintendo 64, Wii U",snowboarding video game
10th Frame,1986-01-01,"Amstrad CPC, Commodore 64, DOS, MSX, ZX Spectrum","bowling video game, sports video game"
11eyes: Tsumi to Batsu to Aganai no Shōjo,2008-04-25,"Microsoft Windows, PlayStation Portable, Xbox One","Chuunige, eroge, urban fantasy video game, visual novel"
12Riven: The Psi-Climinal of Integral,2008-03-13,"Microsoft Windows, PlayStation 4, iOS",visual novel
18 Wheeler: American Pro Trucker,2000-10-12,"Nintendo GameCube, PlayStation 4, arcade video game",racing video game
18 Wheels of Steel: Haulin',2006-09-01,Microsoft Windows,truck simulation video game
1848,2006-01-01,Microsoft Windows,Unknown
1869,1992-01-01,DOS,"strategy video game, trade simulation game"
19 Part One: Boot Camp,1988-01-01,"Commodore 64, ZX Spectrum",military education and training
1941: Counter Attack,1990-01-01,"PC Engine SuperGrafx, TurboGrafx-16, arcade video game","arcade, shoot 'em up"
1943: The Battle of Midway,1987-01-01,"Amstrad CPC, Atari ST, Commodore 64, Nintendo Entertainment System, PlayStation 3, TurboGrafx-16, ZX Spectrum, arcade video game",shoot 'em up
2006 FIFA World Cup,2006-04-24,"Microsoft Windows, Nintendo DS, Nintendo GameCube, PlayStation 4, PlayStation Portable, Xbox One",association football video game
2010 FIFA World Cup South Africa,2007-04-19,"PlayStation 3, PlayStation 4, PlayStation Portable, Wii, Xbox One, iOS",association football video game
2020 Super Baseball,1993-03-12,"Neo Geo, Neo Geo CD, PlayStation, Super Nintendo Entertainment System",sports video game
24: The Game,2006-02-28,PlayStation 4,third-person shooter
25 to Life,2006-01-17,"Microsoft Windows, PlayStation 4",third-person shooter
2Xtreme,1996-10-31,"PlayStation 2, PlayStation Portable",racing video game
3 Count Bout,1993-04-23,"Neo Geo, arcade video game","fighting game, sports video game"
3 Ninjas Kick Back,1994-06-01,"PlayStation, Super Nintendo Entertainment System",beat 'em up
3 Skulls of the Toltecs,1996-01-01,"DOS, Microsoft Windows",point-and-click adventure
3-D Monster Chase,1984-01-01,"Amstrad CPC, ZX Spectrum",maze video game
3-D Tic-Tac-Toe,1980-01-01,"Atari 2600, Atari 8-bit family",strategy video game
3D Construction Kit,1991-06-01,"Acorn Archimedes, Amstrad CPC, Atari ST, Commodore 128, Commodore 64, DOS, ZX Spectrum","3D computer graphics software, game creation system, graphics software"
3D Dot Game Heroes,2009-11-05,PlayStation 3,"action role-playing game, action-adventure game"
3D Knockout,1984-01-01,MSX,boxing video game
3D Monster Maze,1982-01-01,Sinclair ZX81,"maze video game, survival horror"
3D Movie Maker,,Microsoft Windows,Unknown
3D Tanx,1982-01-01,"BBC Micro, Commodore 64, ZX Spectrum",shoot 'em up
3D Tunnel,1983-01-01,"Commodore 64, ZX Spectrum",shoot 'em up
3DDX,,arcade video game,"fitness video game, music video game"
3Xtreme,1999-04-21,PlayStation 2,racing video game
3rd Super Robot Wars Alpha: To the End of the Galaxy,2005-07-28,PlayStation 4,tactical role-playing game
4 Soccer Simulators,1988-01-01,"Amstrad CPC, Commodore 64, ZX Spectrum",association football video game
428: Shibuya Scramble,2008-12-04,"Microsoft Windows, PlayStation 3, PlayStation Portable, Wii, iOS","adventure video game, visual novel"
4Story,2008-10-01,Microsoft Windows,role-playing video game
4x4 EVO 2,2001-10-30,"Classic Mac OS, Microsoft Windows, Nintendo GameCube, PlayStation 4",racing video game
4x4 Off-Road Racing,1988-01-01,"Amstrad CPC, Commodore 64, DOS, MSX, ZX Spectrum",racing video game
64 Hanafuda: Tenshi no Yakusoku,1999-11-05,Nintendo 64,puzzle video game
688 Attack Sub,1989-01-01,"DOS, NEC PC-9800 series, PlayStation",submarine simulator
7 Sins,2005-05-27,"Microsoft Windows, PlayStation 4",life simulation game
720°,1986-12-01,"Amstrad CPC, Atari System 2, Commodore 64, Game Boy Color, Nintendo Entertainment System, ZX Spectrum","action game, skateboarding video game"
750cc Grand Prix,1989-01-01,"Amstrad CPC, ZX Spectrum",racing video game
7554,2011-12-16,Microsoft Windows,first-person shooter
7th Dragon,2009-03-05,Nintendo DS,role-playing video game
9Dragons,2006-01-01,Microsoft Windows,massively multiplayer online role-playing game
A Boy and His Blob: Trouble on Blobolonia,1990-01-01,Nintendo Entertainment System,"Metroidvania, puzzle video game"
A Mind Forever Voyaging,1985-08-14,"Apple II series, Atari ST, Classic Mac OS, Commodore 128, DOS",interactive fiction
A Question of Sport,1988-01-01,"Amstrad CPC, Atari ST, BBC Micro, Commodore 64, ZX Spectrum","quiz video game, sports video game"
A Second Face,2008-12-23,Microsoft Windows,adventure video game
A Tale in the Desert,2003-01-01,"Microsoft Windows, macOS",massively multiplayer online role-playing game
A Week of Garfield,1989-04-07,Nintendo Entertainment System,"action game, platformer"
A-Jax,1987-01-01,"Amstrad CPC, Commodore 64, DOS, ZX Spectrum, arcade video game",shooter game
A.R.E.S.: Extinction Agenda,2010-12-14,"Microsoft Windows, Xbox One","action game, platformer, science fiction video game"
A.S.P. Air Strike Patrol,1994-02-18,Super Nintendo Entertainment System,shoot 'em up
A2 Racer II,1998-01-01,Microsoft Windows,racing video game
AGEOD's American Civil War,2007-06-26,"Microsoft Windows, macOS",turn-based strategy video game
AGON,2003-01-01,"Microsoft Windows, macOS",adventure video game
AI Shogi 3,1998-01-01,Nintendo 64,puzzle video game
AMY,2012-01-11,"PlayStation 3, PlayStation Portable, Xbox One","science fiction video game, stealth game, survival horror"
APB: All Points Bulletin,2010-06-29,Microsoft Windows,"action-adventure game, third-person shooter"
ARMA 2,2009-06-17,Microsoft Windows,"action game, first-person shooter, simulation video game, strategy video game, third-person shooter"
ARMA: Armed Assault,2006-11-10,Microsoft Windows,"first-person shooter, tactical shooter, third-person shooter"
Aaahh!!! Real Monsters,1995-08-15,"PlayStation, Super Nintendo Entertainment System",action game
Aaargh!,1987-01-01,"Amstrad CPC, Apple IIGS, Arcadia Systems, Atari ST, Classic Mac OS, Commodore 64, DOS, MSX, ZX Spectrum",action game
Abyss,1984-01-01,"Commodore 64, ZX Spectrum",adventure video game
Ace Attorney Investigations 2: Prosecutor's Gambit,2011-02-03,"Nintendo DS, iOS","adventure video game, visual novel"
Ace Combat 5: The Unsung War,2004-10-21,PlayStation 4,"combat flight simulator game, flight simulation video game"
Ace Combat 6: Fires of Liberation,2007-10-23,Xbox One,combat flight simulator game
Ace Combat X: Skies of Deception,2006-10-24,PlayStation Portable,arcade
Ace Combat: Joint Assault,2010-08-26,PlayStation Portable,combat flight simulator game
Ace Online,2006-05-26,Microsoft Windows,"massively multiplayer online game, science fiction video game"
Ace of Aces,1986-01-01,"Amstrad CPC, Atari 7800, Commodore 64, DOS, MSX, ZX Spectrum",flight simulation video game
Ace of Spades,2012-12-12,"Microsoft Windows, macOS","first-person shooter, sandbox game"
Aces of the Deep,1994-01-01,"DOS, Microsoft Windows",submarine simulator
Aces of the Pacific,1992-01-01,"DOS, Microsoft Windows",combat flight simulator game
"Achtung, die Kurve!",1995-01-01,DOS,strategy video game
Acme Animation Factory,1994-01-01,Super Nintendo Entertainment System,educational video game
Act of War: Direct Action,2005-03-15,Microsoft Windows,real-time strategy
ActRaiser,1990-12-16,"Nintendo Super System, Super Nintendo Entertainment System, Wii, mobile phone","action game, city-building game, god game, platformer"
Actionloop,2006-03-02,"Nintendo DS, Wii",puzzle video game
Addiction Pinball,1998-01-01,Microsoft Windows,pinball video game
Advance Wars,2001-01-01,Wii U,turn-based tactics
Advent Rising,2005-05-31,"IBM PC compatible, Microsoft Windows","action game, action-adventure game, space opera video game, third-person shooter"
Adventure,1980-01-01,Atari 2600,action-adventure game
Adventure Construction Set,,"Apple IIGS, Commodore 64, DOS",adventure video game
Adventure Island,1986-09-12,"Game Boy, MSX, Nintendo Entertainment System, Nintendo GameCube, PlayStation 4",platformer
Adventure Island II,1991-02-01,"Game Boy, Nintendo Entertainment System",platformer
Adventure Time: Hey Ice King! Why'd You Steal Our Garbage?!!,2012-11-20,"Nintendo 3DS, Nintendo DS",Metroidvania
Adventureland,1978-01-01,"Commodore 64, Commodore VIC-20, TRS-80 Model I, ZX Spectrum",adventure video game
Adventures of Lolo,1989-04-01,Nintendo Entertainment System,puzzle video game
Adventures of Lolo 2,1990-01-06,"Nintendo Entertainment System, Wii U",puzzle video game
Adventures of Yogi Bear,1994-10-01,"PlayStation, Super Nintendo Entertainment System",platformer
Aerobiz Supersonic,1993-04-02,"PlayStation, Super Nintendo Entertainment System",business simulation game
Aether,2008-09-03,Unknown,"adventure video game, puzzle video game"
After Burner,1987-07-17,arcade video game,shoot 'em up
Afterlife,1996-05-31,"Classic Mac OS, DOS, Microsoft Windows, macOS",god game
Agatha Christie: Evil Under the Sun,2007-10-16,"Microsoft Windows, Wii",adventure video game
Age of Conan,2008-05-20,Microsoft Windows,sword and sorcery
Age of Empires,1997-10-15,"Classic Mac OS, Microsoft Windows, macOS","historical video game, real-time strategy"
Age of Empires II: The Age of Kings,1999-09-27,"Microsoft Windows, PlayStation 4","historical video game, real-time strategy"
Age of Empires III,2009-04-30,"Microsoft Windows, N-Gage, Windows Mobile, macOS",real-time strategy
Age of Empires Online,2011-08-16,Microsoft Windows,massively multiplayer online real-time strategy game
Age of Mythology,2002-10-31,"Classic Mac OS, Microsoft Windows, macOS",real-time strategy
Age of Pirates: Caribbean Tales,2006-09-12,Microsoft Windows,role-playing video game
Age of Wanderer,2003-02-01,Microsoft Windows,beat 'em up
Age of Wonders,1999-10-31,Microsoft Windows,"strategy video game, turn-based strategy video game"
Age of Wonders: Shadow Magic,2003-07-25,Microsoft Windows,turn-based strategy video game
Agony,1992-01-01,Unknown,shoot 'em up
Ai Senshi Nicol,1987-04-24,Famicom Disk System,action-adventure game
Ai Sp@ce,2008-10-15,Microsoft Windows,Unknown
Aidyn Chronicles: The First Mage,2001-03-14,Nintendo 64,role-playing video game
Aion,2008-11-25,Microsoft Windows,massively multiplayer online role-playing game
Air,2000-09-08,"Microsoft Windows, PlayStation 4, PlayStation Portable, iOS","eroge, romance adventure game, visual novel"
Air Buster,1990-01-01,"PlayStation, TurboGrafx-16, arcade video game",shooter game
Air Fortress,1987-08-17,Nintendo Entertainment System,shooter game
Air-Sea Battle,1977-09-01,Atari 2600,fixed shooter
Airborne Ranger,1987-01-01,"Amstrad CPC, Atari ST, Commodore 64, DOS, Microsoft Windows, ZX Spectrum","action game, simulation video game, stealth game, strategy video game"
Airfix Dogfighter,2000-01-14,Microsoft Windows,"action game, combat flight simulator game"
Airline Tycoon,1998-08-01,"Microsoft Windows, macOS",business simulation game
Airport Mania,2010-11-29,"Microsoft Windows, iOS, macOS",time management video game
Airport Tycoon,2000-04-25,Microsoft Windows,business simulation game
Aiyoku no Eustia,2011-04-28,"Microsoft Windows, PlayStation Vita","eroge, romance adventure game, visual novel"
Akai Ito,2004-10-21,PlayStation 4,"LGBT-themed video game, adventure video game, horror video game, visual novel, yuri, yuri game"
Akalabeth: World of Doom,1979-01-01,"Apple II series, Commodore 64, DOS, iOS",role-playing video game
Akane Maniax,,Microsoft Windows,"adventure video game, mecha video game"
Akaneiro ni Somaru Saka,2007-01-01,"Microsoft Windows, PlayStation 4, PlayStation Portable","bishōjo game, eroge, harem, romance adventure game, visual novel"
Akinator,2007-01-01,"BlackBerry, Microsoft Windows, Windows Phone, iOS, macOS, web browser",trivia video game
Akuma-kun,1989-01-01,Nintendo Entertainment System,role-playing video game
Albert Odyssey: Legend of Eldean,1996-08-09,Unknown,role-playing video game
Albion,1996-08-31,DOS,"role-playing video game, science fiction video game"
Alchemist,1983-01-01,"Microsoft Windows, ZX Spectrum",action-adventure game
Alchemy,2001-08-29,"Microsoft Windows, macOS",puzzle video game
Aleste,1988-02-29,MSX,shoot 'em up
Alex Kidd BMX Trial,1987-11-15,Unknown,racing video game
Alex Kidd in Miracle World,1986-11-01,Unknown,platformer
Alex Kidd in Shinobi World,1990-01-01,Unknown,"crossover fiction, platformer"
Alex Kidd: The Lost Stars,1986-01-01,arcade video game,platformer
Alexander,2004-11-23,Microsoft Windows,"historical video game, real-time strategy"
Alias,2004-02-04,"Microsoft Windows, PlayStation 4",action-adventure game
Alice in the Country of Hearts,2007-02-14,"Microsoft Windows, PlayStation 4","adventure video game, harem, visual novel"
Alien Breed 3D,1995-01-01,"Amiga 1200, Amiga CD32","first-person shooter, science fiction video game"
Alien Breed II: The Horror Continues,1993-01-01,"Amiga 1200, Amiga CD32","action game, science fiction video game"
Alien Breed: Tower Assault,1994-01-01,"Amiga 1200, Amiga CD32, DOS","action game, science fiction video game"
Alien Soldier,1995-02-24,"Microsoft Windows, PlayStation, macOS",action game
Alien Trilogy,1996-05-31,"DOS, PlayStation 2","first-person shooter, science fiction video game"
Alien vs Predator,1994-10-20,Atari Jaguar,first-person shooter
Alien vs. Predator,1994-05-20,arcade video game,"arcade, beat 'em up"
Aliens Versus Predator,1999-04-30,"Microsoft Windows, macOS",first-person shooter
Aliens vs. Predator,2010-02-16,"Microsoft Windows, PlayStation 3, Xbox One",first-person shooter
Aliens vs. Predator: Extinction,2003-07-30,PlayStation 4,real-time strategy
Aliens vs. Predator: Requiem,2007-11-13,PlayStation Portable,action game
All Night Nippon Super Mario Bros.,1986-12-01,Famicom Disk System,platformer
All or Nothing,,ZX Spectrum,action-adventure game
Allegiance,2000-03-16,Microsoft Windows,"real-time strategy, space simulator"
Alliance of Valiant Arms,2010-11-17,Microsoft Windows,first-person shooter
Alligator Hunt,1994-01-01,arcade video game,shoot 'em up
Allods Online,2016-06-03,Microsoft Windows,fantasy video game
Alone in the Dark,2008-11-18,"PlayStation 3, PlayStation 4, Wii, Xbox One",survival horror
Alpha Protocol,2010-05-27,"Microsoft Windows, PlayStation 3, Xbox One","action role-playing game, role-playing video game"
Altered Beast,1988-11-27,"Amstrad CPC, Atari ST, Commodore 64, DOS, MSX, Microsoft Windows, Nintendo Entertainment System, PlayStation, PlayStation Portable, TurboGrafx-16, Xbox One, ZX Spectrum, arcade video game, iOS, macOS","beat 'em up, platformer"
Altitude,2009-05-01,"Microsoft Windows, macOS",action game
Alundra,1997-04-11,"PlayStation 2, PlayStation Portable",action-adventure game
Alvin and the Chipmunks,2007-12-04,"Microsoft Windows, Nintendo DS, PlayStation 4, Wii",music video game
Amagami,2009-03-19,"PlayStation 4, PlayStation Vita",harem
Amagon,1988-12-02,Nintendo Entertainment System,platformer
Amaurote,1987-01-01,"Amstrad CPC, Commodore 64, MSX, ZX Spectrum",action game
Amazing Tater,1991-08-02,Game Boy,puzzle video game
Amazon,1984-01-01,"Classic Mac OS, Commodore 64, DOS, MSX",interactive fiction
Ambermoon,1993-01-01,Unknown,role-playing video game
Amberstar,1992-01-01,"Atari ST, DOS",role-playing video game
American Conquest,2003-02-05,Microsoft Windows,real-time strategy
American Gladiators,1991-01-01,"Nintendo Entertainment System, PlayStation, Super Nintendo Entertainment System",sports video game
American McGee's Alice,2000-12-05,"Classic Mac OS, Microsoft Windows, PlayStation 3, Xbox One, macOS","psychological horror fiction, third-person shooter"
Amerzone,1999-10-18,"Classic Mac OS, Microsoft Windows, PlayStation 2, iOS, macOS","Myst-like, adventure video game"
Amnesia: Memories,2011-08-18,"Microsoft Windows, PlayStation Portable, PlayStation Vita, iOS","otome game, visual novel"
Amnesia: The Dark Descent,2010-09-08,"Microsoft Windows, macOS",psychological horror fiction
Amnios,1991-01-01,Unknown,shoot 'em up
Anachronox,2001-06-29,Microsoft Windows,"cyberpunk video game, role-playing video game, science fiction video game"
Anarchy Online,2001-06-27,Microsoft Windows,"massively multiplayer online role-playing game, science fiction video game"
Ancient Domains of Mystery,1994-01-01,"BeOS, DOS, FreeBSD, Mac operating system, Microsoft Windows, OpenBSD, Raspberry Pi, macOS","roguelike, role-playing video game"
Ancient Wars: Sparta,2007-04-20,Microsoft Windows,"historical video game, real-time strategy"
And Yet It Moves,2009-04-02,"Microsoft Windows, Wii, iOS, macOS",puzzle-platformer
Android Nim,1978-01-01,"Commodore PET, Microsoft Windows, TRS-80 Model I",Unknown
Angband,1990-01-01,"Classic Mac OS, DOS, Microsoft Windows, macOS",roguelike
Angel's Feather,2003-04-25,"Microsoft Windows, PlayStation 4","Boys' Love game, visual novel"
Angelique,1994-09-23,"Microsoft Windows, Nintendo DS, PlayStation 2, Super Nintendo Entertainment System","otome game, visual novel"
Angler,1983-01-01,ZX Spectrum,"fishing video game, sports video game"
Animal Crossing: City Folk,2008-11-16,Wii,life simulation game
Animal Crossing: New Leaf,2012-11-08,Nintendo 3DS,"Christmas video game, life simulation game"
Animal Crossing: Wild World,2005-11-23,"Nintendo DS, Wii U",social simulation game
Ankh,2005-11-04,Microsoft Windows,adventure video game
Ankh: Battle of the Gods,2010-03-02,"Microsoft Windows, macOS",adventure video game
Ankh: Heart of Osiris,2006-01-01,"Microsoft Windows, macOS",adventure video game
Anno 1404,2009-06-23,Microsoft Windows,"business simulation game, city-building game, real-time strategy"
Anno 1503,2003-04-04,Microsoft Windows,real-time strategy
Anno 1602,1998-09-24,Microsoft Windows,real-time strategy
Anno 1701,2006-10-26,Microsoft Windows,real-time strategy
Anno 1701: Dawn of Discovery,2007-06-08,Nintendo DS,real-time strategy
Anno 2070,2011-11-17,Microsoft Windows,"city-building game, post-apocalyptic video game, real-time strategy, science fiction video game"
Annoying Orange: Kitchen Carnage,2011-04-07,iOS,action game
Anomaly: Warzone Earth,2011-04-08,"Microsoft Windows, iOS, macOS",real-time strategy
Another Century's Episode Portable,2011-01-13,PlayStation Portable,"action game, action-adventure game"
Another Code: Two Memories,2005-02-24,Nintendo DS,"adventure video game, visual novel"
Another World,1991-01-01,"3DO, Apple IIGS, Atari Jaguar, Atari ST, Classic Mac OS, DOS, Microsoft Windows, PlayStation, Super Nintendo Entertainment System, Symbian, Windows Mobile, iOS, macOS","action-adventure game, cinematic platformer, science fiction video game"
Ant Attack,1983-01-01,"Commodore 64, ZX Spectrum",action game
AntMe!,,Microsoft Windows,serious game
Antarctic Adventure,1983-01-01,"ColecoVision, MSX, Nintendo Entertainment System",racing video game
Anubis II,2005-07-14,"Microsoft Windows, PlayStation 4, Wii",action game
Anvil of Dawn,1995-10-31,DOS,"adventure video game, dungeon crawl, role-playing video game"
Ape Escape,1999-05-31,"PlayStation 2, PlayStation Portable",platformer
Appleseed EX,2007-02-15,PlayStation 4,"action game, action-adventure game, beat 'em up, third-person shooter"
Aquaria,2007-12-07,"Microsoft Windows, iOS, macOS",Metroidvania
Arcade Pool,1994-01-01,"Amiga 1200, Amiga CD32, DOS",pool video game
Arcana,1992-03-27,Super Nintendo Entertainment System,"role-playing video game, turn-based Japanese role-playing game"
Arcana Famiglia,2011-10-27,"PlayStation Portable, PlayStation Vita","otome game, visual novel"
Arcania,2010-10-14,"Microsoft Windows, PlayStation 3, Xbox One","action role-playing game, role-playing video game"
ArcheAge,2013-01-15,Microsoft Windows,massively multiplayer online role-playing game
Archlord,2005-03-01,Microsoft Windows,massively multiplayer online role-playing game
Archon: The Light and the Dark,1983-01-01,"Amstrad CPC, Classic Mac OS, Commodore 64, DOS, Nintendo Entertainment System, ZX Spectrum",fighting game
Ardy Lightfoot,1993-11-26,Super Nintendo Entertainment System,platformer
Arkanoid,1986-01-01,"Amstrad CPC, Apple IIGS, Atari ST, Classic Mac OS, Commodore 64, DOS, MSX, Nintendo DS, Nintendo Entertainment System, Super Nintendo Entertainment System, Wii, Xbox One, ZX Spectrum, iOS",Breakout clone
Armadillo,1991-08-09,Nintendo Entertainment System,platformer
Armalyte,1988-01-01,Commodore 64,"action game, action-adventure game"
Armed and Dangerous,2003-12-02,Microsoft Windows,"adventure video game, first-person shooter, third-person shooter"
Armies of Exigo,2004-11-30,Microsoft Windows,real-time strategy
Armored Core: For Answer,2008-03-19,"PlayStation 3, Xbox One","third-person shooter, vehicular combat game"
Armour-Geddon,1991-01-01,"Atari ST, DOS","strategy video game, vehicular combat game"
Armour-Geddon 2: Codename Hellfire,1994-01-01,Unknown,simulation video game
Army Men Advance,2001-06-11,Unknown,action game
Army Men: Major Malfunction,2006-04-14,PlayStation 4,third-person shooter
Army Men: Operation Green,2001-12-10,Unknown,shooter game
Army Men: RTS,2002-03-28,"Microsoft Windows, Nintendo GameCube, PlayStation 4",real-time strategy
Army Moves,1986-01-01,"Amstrad CPC, Atari ST, Commodore 64, DOS, MSX, ZX Spectrum","action game, scrolling shooter"
Army of Two,2008-03-06,"PlayStation 3, Xbox One",third-person shooter
Arsenal of Democracy,2010-02-23,Microsoft Windows,"grand strategy wargame, real-time strategy"
Art of Fighting 2,1994-01-01,"Neo Geo, Super Nintendo Entertainment System",fighting game
Arthur to Astaroth no Nazomakaimura: Incredible Toons,1996-08-30,PlayStation 2,puzzle video game
Artificial Girl 2,2004-11-26,Microsoft Windows,dating sim
Artificial Girl 3,2007-11-30,Microsoft Windows,"dating sim, eroge"
Arx Fatalis,2002-06-28,"Mac operating system, Microsoft Windows",role-playing video game
Ascendancy,1995-01-01,"DOS, iOS","4X, science fiction video game, turn-based strategy video game"
Asda Story,2008-07-15,Microsoft Windows,"fantasy video game, massively multiplayer online role-playing game"
Ashen,2004-05-25,N-Gage,first-person shooter
Asheron's Call,1999-11-02,Microsoft Windows,massively multiplayer online role-playing game
Asphalt 5,2009-11-02,"Windows Phone, iOS",racing video game
Asphalt: Urban GT,2004-11-15,"N-Gage, Nintendo DS, iOS",racing video game
Assassin's Creed,2008-04-10,"Microsoft Windows, PlayStation 3, Xbox One","action-adventure game, historical video game, video game with LGBT character"
Assassin's Creed II,2009-11-17,"Microsoft Windows, PlayStation 3, Xbox One, macOS","action-adventure game, historical video game, stealth game, third-person shooter"
Assassin's Creed II: Discovery,2009-11-17,"Nintendo DS, iOS","action-adventure game, historical video game"
Assassin's Creed III,2012-10-30,"Java Platform, Micro Edition, Microsoft Windows, PlayStation 3, Wii U, Xbox One","action-adventure game, historical video game, stealth game"
Assassin's Creed III: Liberation,2012-10-30,"Microsoft Windows, PlayStation 3, PlayStation Vita, Xbox One","action-adventure game, historical video game, stealth game"
Assassin's Creed: Altaïr's Chronicles,2008-02-05,"Nintendo DS, Windows Phone, iOS","action-adventure game, historical video game"
Assassin's Creed: Bloodlines,2009-11-17,PlayStation Portable,"action-adventure game, historical video game"
Assassin's Creed: Revelations,2011-11-15,"Microsoft Windows, PlayStation 3, Xbox One","action-adventure game, historical video game"
Assault Rigs,1996-02-01,"Microsoft Windows, PlayStation 2",action game
Assault Suits Valken 2,1992-12-18,"PlayStation 4, Super Nintendo Entertainment System",platformer
Asterix & Obelix XXL,2004-03-19,"Microsoft Windows, Nintendo GameCube, PlayStation 4",action-adventure game
Asteroids,1979-11-01,"Atari 2600, Atari 7800, MOS Technology 6502, Microsoft Windows, Xbox One, arcade video game, iOS","science fiction video game, shooter game"
Astonishia Story,2002-01-21,"Microsoft Windows, PlayStation Portable",role-playing video game
Astro Boy: Omega Factor,2003-12-18,Unknown,beat 'em up
Asylum,1981-01-01,"Commodore 64, TRS-80 Model I",adventure video game
Ataxx,1988-01-01,Unknown,puzzle video game
Atelier Meruru: The Apprentice of Arland,2011-06-23,"PlayStation 3, PlayStation Vita",role-playing video game
Athena,1986-01-01,"Amstrad CPC, Commodore 64, Nintendo Entertainment System, ZX Spectrum, arcade video game",platformer
Atic Atac,1983-01-01,ZX Spectrum,action-adventure game
Atlantica Online,2008-07-15,Microsoft Windows,"massively multiplayer online role-playing game, tactical role-playing game"
Atlantik,,personal computer,Unknown
Atlantis Evolution,2004-01-01,"Microsoft Windows, PlayStation 4, iOS",adventure video game
Atlantis PbeM,1993-01-01,web browser,strategy video game
Atlantis: The Lost Tales,1997-09-30,"DOS, Microsoft Windows, PlayStation 2",adventure video game
Atomino,1991-01-01,"Commodore 64, DOS",puzzle video game
Attack of the Killer Tomatoes,1991-01-01,"Game Boy, Nintendo Entertainment System",platformer
Attack of the Mutant Camels,1983-01-01,Commodore 64,shoot 'em up
Audiosurf,2008-02-15,Microsoft Windows,puzzle video game
Audition Online,2006-09-01,Microsoft Windows,music video game
Auf Wiedersehen Monty,1987-01-01,"Amstrad CPC, Commodore 64, MSX, ZX Spectrum",Metroidvania
Avalon The 3D Adventure Movie,,"PlayStation 3, ZX Spectrum","action game, action-adventure game"
Ayakashi,2005-10-28,Microsoft Windows,"eroge, visual novel"
Ayakashi no Shiro,1990-05-25,Game Boy,role-playing video game
B-17 Flying Fortress,1992-01-01,"DOS, Microsoft Windows","combat flight simulator game, flight simulation video game"
BASIC Programming,1979-01-01,Atari 2600,interpreter
BC Racers,1994-01-01,"3DO, DOS, PlayStation","racing video game, vehicular combat game"
BIONICLE,2003-09-01,"Microsoft Windows, Nintendo GameCube, PlayStation 4",action-adventure game
Babel Rising,2012-06-13,"Microsoft Windows, Windows Phone, iOS, macOS",tower defense
Baby Boomer,1989-01-01,Nintendo Entertainment System,shooter game
Back to Skool,1985-01-01,ZX Spectrum,action-adventure game
Back to the Future,1985-01-01,"Amstrad CPC, Commodore 64, Nintendo Entertainment System, ZX Spectrum",action-adventure game
Back to the Future Part II & III,1990-09-01,Nintendo Entertainment System,"action-adventure game, platformer, puzzle video game"
Back to the Future Part III,1991-01-01,"Amstrad CPC, Atari ST, Commodore 64, DOS, PlayStation, ZX Spectrum","action game, science fiction video game"
Back to the Future: The Game,2010-12-22,"Microsoft Windows, PlayStation 3, PlayStation Portable, Wii, iOS, macOS","point-and-click adventure, role-playing video game"
Bad Day L.A.,2006-09-06,Microsoft Windows,action-adventure game
Bad Day on the Midway,1995-10-31,"Classic Mac OS, Mac operating system, Microsoft Windows",adventure video game
Bad Dudes Vs. DragonNinja,1989-08-01,"Amstrad CPC, Atari ST, Commodore 64, DOS, Microsoft Windows, Nintendo Entertainment System, ZX Spectrum",beat 'em up
Bad Piggies,2012-09-27,"BlackBerry 10, Microsoft Windows, Wii U, iOS, macOS",puzzle video game
Balance of Power,1985-09-01,"Apple IIGS, Atari ST, Classic Mac OS, DOS, MSX, NEC PC-8800 series, NEC PC-9800 series",strategy video game
Baldr Sky,2019-12-20,Microsoft Windows,"eroge, mecha video game, science fiction video game, visual novel"
Baldur's Gate II: Shadows of Amn,2000-09-22,"Classic Mac OS, Microsoft Windows, macOS",role-playing video game
Baldur's Gate: Dark Alliance,2001-12-03,"Microsoft Windows, Nintendo GameCube, PlayStation 4, macOS","action role-playing game, hack and slash"
Baldur's Gate: Dark Alliance II,2004-01-20,"Microsoft Windows, PlayStation 4, Xbox Series X and Series S, macOS","action role-playing game, hack and slash, role-playing video game"
Ball Jacks,1993-04-23,PlayStation,"action game, science fiction video game"
Ballance,2004-04-02,Microsoft Windows,puzzle video game
Ballblazer,1984-03-01,"Amstrad CPC, Apple II, Apple IIGS, Atari 5200, Atari 7800, Atari ST, Commodore 64, MSX, Nintendo Entertainment System, ZX Spectrum","action game, association football video game"
Ballerburg,1987-04-01,Atari ST,artillery game
Balloon Fight,1987-03-12,"NES Classic Edition, Nintendo 3DS, Nintendo Entertainment System, Nintendo GameCube, Nintendo e-Reader, PlayChoice-10, Sharp Zaurus, Wii, Wii U, Zilog Z80, arcade video game","action game, platformer"
Balls of Steel,1997-12-12,"Classic Mac OS, Microsoft Windows","casual game, pinball video game, simulation video game"
Ballyhoo,1985-12-15,"Amstrad CPC, Atari 8-bit family, Atari ST, Classic Mac OS, Commodore 64, DOS, TRS-80 Model I, Texas Instruments TI-99/4A",interactive fiction
Band Hero,2009-11-25,"Nintendo DS, PlayStation 3, PlayStation 4, Wii, Xbox One",music video game
Bandits,1982-01-01,"Atari 8-bit family, Commodore 64",shoot 'em up
Bangai-O Spirits,2008-03-19,Nintendo DS,action game
Banjo-Kazooie,1998-06-29,"Nintendo 64, Xbox One","3D platform game, Christmas video game, collect-a-thon platformer"
Banjo-Kazooie: Grunty's Revenge,2003-09-12,Unknown,"isometric platformer, platformer"
Banjo-Kazooie: Nuts & Bolts,2008-11-11,Xbox One,"action-adventure game, construction and management simulation, vehicular combat game"
Banjo-Pilot,2005-01-12,Unknown,racing video game
Banjo-Tooie,2000-11-20,"Nintendo 64, Xbox One","action-adventure game, platformer"
Bank Panic,1984-01-01,"MSX, SG-1000, arcade video game",shoot 'em up
Barbarian,1987-01-01,"Amstrad CPC, Atari ST, Commodore 64, DOS, MSX, ZX Spectrum",platformer
Barbarian: The Ultimate Warrior,1987-01-01,"Amstrad CPC, Commodore 64, DOS, ZX Spectrum",fighting game
Barbie: Super Model,1993-01-01,"DOS, PlayStation, Super Nintendo Entertainment System",action game
Barkley Shut Up and Jam!,1993-01-01,"PlayStation, Super Nintendo Entertainment System",sports video game
Base Jumpers,1995-01-01,Amiga CD32,platformer
Base Wars,1991-06-01,Nintendo Entertainment System,"science fiction video game, sports video game"
Baseball,1983-12-07,"Famicom Disk System, Nintendo Entertainment System",sports video game
Baseball Stars Professional,1990-01-01,"Microsoft Windows, Neo Geo, TurboGrafx-16, arcade video game",sports video game
Bases Loaded,1987-06-26,"Family Computer, Game Boy, Nintendo Entertainment System","baseball video game, sports video game"
Bases Loaded 4,1991-11-22,Nintendo Entertainment System,sports video game
Basic Math,1977-01-01,Atari 2600,educational video game
Bastard‼,1994-01-28,Super Nintendo Entertainment System,fighting game
Bastion,2011-07-20,"Google Chrome, Microsoft Windows, PlayStation 3, PlayStation Vita, Xbox One, iOS, macOS",action role-playing game
Baten Kaitos: Eternal Wings and the Lost Ocean,2003-12-05,Nintendo GameCube,role-playing video game
Batman,1989-01-01,"Amstrad CPC, Amstrad PCW, Atari ST, Commodore 64, DOS, MSX, ZX Spectrum","action-adventure game, arcade, beat 'em up, platformer, racing video game"
Batman & Robin,1998-08-07,PlayStation 2,action-adventure game
Batman: Arkham Asylum,2009-08-25,"Microsoft Windows, PlayStation 3, Xbox One, macOS",Metroidvania
Batman: Arkham City,2011-10-18,"Microsoft Windows, PlayStation 3, Wii U, Xbox One, macOS","action game, action-adventure game, adventure video game, beat 'em up, stealth game"
Batman: Arkham City Lockdown,2011-12-07,iOS,action-adventure game
Batman: Dark Tomorrow,2003-03-18,Nintendo GameCube,action-adventure game
Batman: Return of the Joker,1991-12-01,"Game Boy, Nintendo Entertainment System, PlayStation",action-adventure game
Batman: The Animated Series,1993-11-01,"Game Boy, Super Nintendo Entertainment System","action game, action-adventure game"
Batman: The Brave and the Bold – The Videogame,2010-09-07,"Nintendo DS, Wii",action-adventure game
Batman: The Caped Crusader,1988-01-01,"Amstrad CPC, Commodore 64, DOS, ZX Spectrum",action-adventure game
Batman: Vengeance,2001-10-15,"Microsoft Windows, Nintendo GameCube, PlayStation 4",action-adventure game
Battalion Wars 2,2007-10-29,Wii,"real-time tactics, third-person shooter"
Battle Arena Toshinden,1995-01-01,"DOS, PlayStation 2","3D fighting game, crossover fiction"
Battle Arena Toshinden 2,1995-01-01,"Microsoft Windows, PlayStation 2, arcade video game",3D fighting game
Battle Bugs,1997-09-18,"DOS, Microsoft Windows",real-time tactics
Battle Isle,1991-01-01,"DOS, Microsoft Windows",turn-based tactics
Battle Kid: Fortress of Peril,2010-02-22,"Nintendo Entertainment System, Xbox Series X and Series S",Metroidvania
Battle Raper 2,2005-04-22,Microsoft Windows,"eroge, fighting game"
Battle Realms,2001-11-07,Microsoft Windows,real-time strategy
Battlefield 1943,2009-07-08,"PlayStation 3, Xbox One",first-person shooter
Battlefield 2142,2006-10-17,"Microsoft Windows, macOS","first-person shooter, post-apocalyptic video game, science fiction video game"
Battlefield 2: Modern Combat,2005-10-24,"PlayStation 4, Xbox One",first-person shooter
Battlefield Online,2010-03-25,Microsoft Windows,first-person shooter
Battles of Prince of Persia,2005-12-06,Nintendo DS,"turn-based strategy video game, turn-based tactics"
Battletank,1990-09-01,Nintendo Entertainment System,simulation video game
Battletoads,1991-06-01,"Microsoft Windows, Nintendo Entertainment System, PlayStation",platformer
Battletoads in Battlemaniacs,1993-06-01,Super Nintendo Entertainment System,"beat 'em up, platformer"
Battlezone,1980-11-01,"Atari 2600, Atari ST, Commodore 64, Commodore VIC-20, DOS, Microsoft Windows, PlayStation Portable, ZX Spectrum","first-person shooter, real-time strategy, science fiction video game, simulation video game, vehicular combat game"
Battlezone II: Combat Commander,1999-01-01,Microsoft Windows,"first-person shooter, real-time strategy, science fiction video game"
Battlezone: Rise of the Black Dogs,2000-03-01,Nintendo 64,real-time strategy
Beach Head,1985-01-01,"Amstrad CPC, Atari 8-bit family, BBC Micro, Commodore 64, MSX, Thomson MO5, Thomson TO7, ZX Spectrum",run and gun
Beach Spikers,2002-07-19,"Nintendo GameCube, arcade video game",beach volleyball video game
Beach Volley,1989-01-01,"Amstrad CPC, Atari ST, Commodore 64, ZX Spectrum",sports video game
Beatmania IIDX 10th Style,2004-02-16,PlayStation 4,music video game
Beatmania IIDX 7th Style,2004-03-13,PlayStation 4,music video game
Beatmania IIDX 8th Style,2002-09-27,PlayStation 4,music video game
Beatmania IIDX 9th Style,2005-03-21,PlayStation 4,music video game
Beavis and Butt-head,1994-01-01,"Game Boy, PlayStation, Super Nintendo Entertainment System",action-adventure game
Beetle Adventure Racing!,1999-02-28,Nintendo 64,racing video game
Bejeweled,2001-05-30,"Classic Mac OS, Facebook, Java Platform, Micro Edition, Microsoft Windows, Windows Phone, iOS, macOS, web browser",puzzle video game
Below the Root,1984-01-01,"Apple II, Commodore 64, DOS",adventure video game
Ben 10 Alien Force: Vilgax Attacks,2009-10-27,"PlayStation 4, Wii, Xbox One",action-adventure game
Ben 10 Ultimate Alien: Cosmic Destruction,2010-10-05,"Nintendo DS, PlayStation 3, PlayStation 4, Wii, Xbox One",action-adventure game
Ben 10: Alien Force,2008-10-28,"Nintendo DS, PlayStation 4, PlayStation Portable, Wii",action-adventure game
Ben 10: Galactic Racing,2011-10-18,"Nintendo 3DS, Nintendo DS, PlayStation 3, PlayStation Vita, Wii, Xbox One",racing video game
Ben 10: Omniverse,2012-11-13,"Nintendo DS, PlayStation 3, Wii, Wii U, Xbox One",action game
Beneath a Steel Sky,1994-03-07,"Amiga CD32, DOS, Microsoft Windows, iOS, macOS","adventure video game, cyberpunk video game, point-and-click adventure, science fiction video game"
Beowulf: The Game,2007-11-13,"Microsoft Windows, PlayStation 3, PlayStation Portable, Xbox One",action game
Bermuda Syndrome,1995-01-01,Microsoft Windows,platformer
Berzerk,1980-11-12,"Atari 2600, Atari 5200, Vectrex, Zilog Z80, arcade video game","maze video game, shoot 'em up"
Betrayal at Krondor,1993-06-22,"DOS, Microsoft Windows",role-playing video game
Betrayal in Antara,1997-07-31,Microsoft Windows,role-playing video game
Beyond Divinity,2004-01-01,"Microsoft Windows, macOS",role-playing video game
Beyond Oasis,1994-12-12,"Microsoft Windows, PlayStation, macOS",action role-playing game
Beyond the Forbidden Forest,1985-01-01,Commodore 64,shoot 'em up
Beyond: Two Souls,2013-10-08,"Microsoft Windows, PlayStation 3","action-adventure game, interactive film, science fiction video game"
Bible Adventures,1991-01-01,"Nintendo Entertainment System, PlayStation","Christian video game, side-scrolling video game"
Bible Black,2006-11-21,"Microsoft Windows, PlayStation Portable","eroge, fantasy anime and manga, hentai, horror anime and manga, visual novel"
Big Brain Academy,2005-06-30,"Nintendo DS, Wii U",puzzle video game
Big Brain Academy: Wii Degree,2007-04-26,Wii,puzzle video game
Big Rigs: Over the Road Racing,2003-11-20,Microsoft Windows,racing video game
"Biing!: Sex, Intrigue and Scalpels",1995-01-01,Unknown,simulation video game
Biko 3,2004-01-01,Microsoft Windows,action-adventure game
Bill's Tomato Game,1992-01-01,Atari ST,puzzle video game
Binary Land,1985-12-19,"MSX, Nintendo Entertainment System",puzzle video game
Binary Pot,,Microsoft Windows,Unknown
Bio Miracle Bokutte Upa,1988-04-22,"Famicom Disk System, Nintendo Entertainment System",platformer
BioForge,1995-03-29,DOS,"action-adventure game, cyberpunk video game, science fiction video game"
BioShock,2007-08-21,"Microsoft Windows, PlayStation 3, Xbox One, iOS, macOS","first-person shooter, science fiction video game, video game with LGBT character"
BioShock 2,2010-02-09,"Microsoft Windows, PlayStation 3, Xbox One, macOS",first-person shooter
BioShock Infinite,2013-03-26,"Microsoft Windows, PlayStation 3, Xbox One, macOS",first-person shooter
Biomotor Unitron,1999-04-15,Unknown,role-playing video game
Bionic Commando,1987-01-01,"Amstrad CPC, Atari ST, Commodore 64, DOS, Microsoft Windows, Nintendo Entertainment System, PlayStation 3, Xbox One, ZX Spectrum","Metroidvania, action game, platformer"
Birth of the Empires,2006-08-28,Unknown,strategy video game
Birth of the Federation,1999-04-30,"Microsoft Windows, personal computer",turn-based strategy video game
BiteFight,2006-02-01,web browser,massively multiplayer browser role-playing game
Bittersweet Fools,2001-08-31,"Microsoft Windows, PlayStation 4","eroge, visual novel"
Black & White,2001-03-25,"Classic Mac OS, Microsoft Windows, macOS","god game, simulation video game"
Black Gold,1989-01-01,"Atari ST, Commodore 64, DOS",business simulation game
Black Mesa,2020-03-06,Microsoft Windows,"first-person shooter, science fiction video game"
Black Mirror II: Reigning Evil,2009-01-01,Microsoft Windows,adventure video game
Black Prophecy,2011-03-21,Microsoft Windows,"massively multiplayer online role-playing game, science fiction video game, space trading and combat game"
Blackthorne,1994-01-01,"Classic Mac OS, DOS, Mac operating system, PlayStation, Super Nintendo Entertainment System",action game
Blade & Soul,2012-06-30,"Microsoft Windows, PlayStation 3, iOS",massively multiplayer online role-playing game
Blade Runner,1997-10-31,Microsoft Windows,"adventure video game, cyberpunk video game"
Bladestorm: The Hundred Years' War,2007-08-30,"PlayStation 3, Xbox One",real-time tactics
Blake Stone: Aliens of Gold,1993-12-03,"DOS, Microsoft Windows, macOS","first-person shooter, science fiction video game"
Blast Corps,1997-03-21,Nintendo 64,"action game, puzzle video game"
"Blast Works: Build, Trade, Destroy",2008-06-10,Wii,"action game, shoot 'em up, shooter game"
Blasteroids,1987-01-01,"Amstrad CPC, Atari ST, Commodore 64, DOS, MSX, ZX Spectrum","action game, shoot 'em up"
BlazBlue: Calamity Trigger,2008-11-19,"Microsoft Windows, PlayStation 3, Xbox One, arcade video game",airdasher
Blazing Angels 2: Secret Missions of WWII,2007-09-07,"Microsoft Windows, PlayStation 3, Xbox One",flight simulation video game
Blazing Lazers,1989-07-07,"PlayStation Portable, TurboGrafx-16, Wii U",shoot 'em up
Bleach: Dark Souls,2007-02-15,Nintendo DS,2D fighting game
Bleach: Soul Resurrección,2011-06-23,PlayStation 3,action game
Bleach: The 3rd Phantom,2008-06-26,Nintendo DS,tactical role-playing game
Bleach: The Blade of Fate,2006-01-26,Nintendo DS,fighting game
Blitz,1982-01-01,Commodore VIC-20,fixed shooter
Blob Wars: Metal Blob Solid,2003-12-01,"Berkeley Software Distribution, Microsoft Windows, macOS","action-adventure game, platformer"
Blobby Volley,2000-11-01,"Microsoft Windows, iOS, macOS","casual game, sports video game"
Block Breaker Deluxe,2008-05-07,"Microsoft Windows, Wii",Breakout clone
Block Hole,1990-03-16,"Game Boy, MSX, Nintendo Entertainment System, Wii U",shoot 'em up
Blockland,2004-11-15,Microsoft Windows,sandbox game
Blockout,1989-10-01,"Apple IIGS, Atari Lynx, Atari ST, Classic Mac OS, Commodore 64, DOS, NEC PC-9800 series, PlayStation, arcade video game",puzzle video game
Blocks That Matter,2011-08-19,"Microsoft Windows, Xbox One, macOS","platformer, puzzle video game"
Blood,1997-05-31,"DOS, Microsoft Windows",first-person shooter
Blood 'n Guts,1986-01-01,Commodore 64,sports video game
Blood Money,1989-01-06,"Atari ST, Commodore 64, DOS","science fiction video game, shoot 'em up, side-scrolling video game"
Blood Omen 2,2002-03-21,"Microsoft Windows, Nintendo GameCube, PlayStation 4",action-adventure game
BloodRayne 2,2004-10-12,"Microsoft Windows, PlayStation 4","action-adventure game, vampire video game"
Bloodstone: An Epic Dwarven Tale,1993-01-01,DOS,role-playing video game
Bloodwych,1989-01-01,"Amstrad CPC, Atari ST, Commodore 64, DOS, Microsoft Windows, ZX Spectrum",role-playing video game
Bloody Roar 4,2003-11-11,PlayStation 4,fighting game
Blue Dragon,2006-12-07,Xbox One,role-playing video game
Blue Lightning,1989-01-01,"Atari Lynx, Microsoft Windows","action game, flight simulation video game"
Blue Max,1983-01-01,"Commodore 64, ZX Spectrum",action game
Blur,2010-05-25,"Microsoft Windows, PlayStation 3, Xbox One","racing video game, vehicular combat game"
Bobby Is Going Home,1983-01-01,Atari 2600,platformer
Body Blows,1993-01-01,"Amiga 1200, DOS",fighting game
Body Harvest,1998-10-20,Nintendo 64,"action-adventure game, third-person shooter"
Boiling Point: Road to Hell,2005-05-20,Microsoft Windows,"first-person shooter, role-playing video game"
Boin,2004-09-24,"Microsoft Windows, PlayStation Portable","eroge, harem, hentai, visual novel"
Bokosuka Wars,1985-12-14,"FM-7, MSX, Nintendo Entertainment System, Sharp X1","role-playing video game, strategy video game"
Boktai: The Sun Is in Your Hand,2003-07-17,Unknown,action role-playing game
Bolo,1987-01-01,Atari ST,Breakout clone
Bolt,2008-11-18,"Microsoft Windows, Nintendo DS, PlayStation 3, PlayStation 4, Wii, Xbox One",action-adventure game
Bomb Jack,1984-03-22,"Amstrad CPC, Atari ST, Commodore 64, Game Boy, Java virtual machine, MSX, PlayStation 4, SG-1000, ZX Spectrum",platformer
Bomberman GB 3,1996-01-01,Game Boy,action game
Bomberman Generation,2002-06-03,Nintendo GameCube,action-adventure game
Bomberman Hero,1998-04-30,Nintendo 64,"maze video game, platformer"
Bomberman II,1991-01-01,Nintendo Entertainment System,maze video game
Bomberman Land Touch!,2006-07-20,Nintendo DS,"crossover fiction, maze video game"
Bomberman Touch,2008-07-10,iOS,"maze video game, strategy video game"
Bonanza Bros.,1991-05-17,"Amstrad CPC, Commodore 64, Microsoft Windows, PlayStation, TurboGrafx-16, Wii, ZX Spectrum, macOS","action game, platformer, side-scrolling video game, stealth game"
Bone: Out from Boneville,2005-09-15,Microsoft Windows,adventure video game
Bonecruncher,1987-01-01,"Acorn Electron, Commodore 64",rocks-and-diamonds video game
Bonk's Adventure,1989-12-15,"Nintendo Entertainment System, PlayStation 3, PlayStation 4, PlayStation Portable, TurboGrafx-16, Wii, Wii U, iOS","action-adventure game, platformer"
Bonka,1983-01-01,Unknown,platformer
Boom Blox,2008-05-06,Wii,puzzle video game
Boom Boom Rocket,2007-04-11,Xbox One,music video game
Border Break,2009-09-09,arcade video game,"action game, arcade"
Border Down,2003-09-25,arcade video game,shoot 'em up
Border Zone,1987-10-08,"Atari ST, Classic Mac OS, Commodore 64, DOS",interactive fiction
Borderlands,2009-10-20,"Microsoft Windows, PlayStation 3, Xbox One, macOS","first-person shooter, looter shooter, post-apocalyptic video game, video game with LGBT character"
Borderlands 2,2012-09-18,"Microsoft Windows, PlayStation 3, PlayStation Vita, Xbox One, macOS","LGBT-themed video game, action role-playing game, first-person shooter, looter shooter, post-apocalyptic video game, video game with LGBT character"
Borrowed Time,1985-01-01,"Classic Mac OS, Commodore 64, DOS","adventure video game, interactive fiction"
Bos Wars,2004-03-06,Microsoft Windows,real-time strategy
Botanicula,2012-04-19,"Microsoft Windows, iOS, macOS","art game, graphic adventure game, point-and-click adventure, puzzle video game"
Boulder Dash,1984-01-01,"Amstrad CPC, Apple II series, Atari 8-bit family, Atari ST, ColecoVision, Commodore 64, FM-7, Game Boy, IBM Personal Computer, MSX, Nintendo Entertainment System, Super Cassette Vision, Windows Phone, ZX Spectrum, iOS",puzzle video game
Bouncers,1994-01-01,PlayStation,sports video game
Bouncing Babies,1984-01-01,DOS,arcade
Bounty Bob Strikes Back!,1984-01-01,"Atari 5200, Atari 800, Commodore 64, ZX Spectrum",platformer
Braid,2008-08-06,"Microsoft Windows, PlayStation Portable, macOS","action-adventure game, puzzle-platformer"
Brain Age 2: More Training in Minutes a Day!,2005-12-29,Nintendo DS,educational entertainment
Brain Age: Train Your Brain in Minutes a Day!,2005-05-19,"Nintendo DS, Wii U","puzzle video game, sudoku video game"
Brain Challenge,2007-09-05,"Nintendo DS, PlayStation 3, Wii, iOS, macOS",puzzle video game
Brain Dead 13,1995-12-15,"3DO, Atari Jaguar, Classic Mac OS, DOS, Microsoft Windows, Philips CD-i, PlayStation 2, iOS",interactive film
Bram Stoker's Dracula,1993-01-01,"DOS, Nintendo Entertainment System, PlayStation, Super Nintendo Entertainment System","first-person shooter, platformer, vampire video game"
Bravely Default,2012-10-11,Nintendo 3DS,"role-playing video game, turn-based Japanese role-playing game"
Break Dance,1984-01-01,Commodore 64,sports video game
Breakdown,2004-01-29,Unknown,"action-adventure game, first-person shooter, science fiction video game"
Breakout,1976-05-13,"Atari 2600, Atari 5200, Dynavision, Microsoft Windows, arcade video game, iOS","Breakout clone, action game"
Breath of Fire IV,2000-04-27,"Microsoft Windows, PlayStation 2",role-playing video game
Britney's Dance Beat,2002-01-01,PlayStation 4,rhythm game
Broken Age,2014-01-14,"Microsoft Windows, Ouya, PlayStation Vita, iOS, macOS",point-and-click adventure
Broken Sword II: The Smoking Mirror,1997-10-17,"Microsoft Windows, PlayStation 2, macOS",point-and-click adventure
Broken Sword: The Angel of Death,2006-09-15,Microsoft Windows,graphic adventure game
Brothers in Arms 2: Global Front,2010-02-22,iOS,first-person shooter
Brothers in Arms: D-Day,2006-11-07,"PlayStation Portable, PlayStation Vita","first-person shooter, tactical shooter"
Brothers in Arms: Earned in Blood,2005-10-26,"Microsoft Windows, PlayStation 4, Wii, macOS","first-person shooter, tactical shooter"
Brothers in Arms: Hell's Highway,2008-10-08,"Microsoft Windows, PlayStation 3, Xbox One",first-person shooter
Brothers in Arms: Road to Hill 30,2005-03-01,"Microsoft Windows, PlayStation 4, Wii, macOS","first-person shooter, tactical shooter"
Bruce Lee,1983-01-01,"Amstrad CPC, Apple II, Commodore 64, DOS, MSX, ZX Spectrum",platformer
Brunswick Pro Bowling,2007-09-21,"Nintendo 3DS, PlayStation 3, PlayStation 4, PlayStation Portable, Wii, Wii U, Xbox One",sports video game
Brütal Legend,2009-10-13,"Microsoft Windows, PlayStation 3, Xbox One, macOS","action-adventure game, heavy metal music, real-time strategy"
Bubble Bobble,1986-09-01,"Amstrad CPC, Atari ST, Commodore 64, DOS, Famicom Disk System, Game Boy, Game Boy Color, MSX, Nintendo Entertainment System, ZX Spectrum, arcade video game",platformer
Bubble Dizzy,1990-11-01,"Amstrad CPC, Atari ST, Commodore 64, DOS, ZX Spectrum",action game
Bubble Memories,1996-01-01,arcade video game,platformer
Bubble Symphony,1994-01-01,arcade video game,platformer
Bubsy in Fractured Furry Tales,1994-12-01,Atari Jaguar,platformer
Buck Rogers: Matrix Cubed,1992-01-01,DOS,role-playing video game
Budokan: The Martial Spirit,1991-01-01,"Commodore 64, DOS, PlayStation, ZX Spectrum",fighting game
Bugaboo,1983-01-01,"Amstrad CPC, Commodore 64, MSX, ZX Spectrum",platformer
Buggy Boy,1985-01-01,"Amstrad CPC, Atari ST, Commodore 64, ZX Spectrum",racing video game
Bugs Bunny & Taz: Time Busters,2000-11-24,"Microsoft Windows, PlayStation 2","action game, platformer"
Bugs Bunny in Double Trouble,1996-01-01,PlayStation,platformer
Bulletstorm,2011-02-22,"Microsoft Windows, PlayStation 3, Xbox One","first-person shooter, science fiction video game"
Bully,2006-10-25,"Microsoft Windows, Nvidia Shield TV, PlayStation 4, Shield Tablet, Wii, Xbox One, iOS","Christmas video game, LGBT-themed video game, action-adventure game, video game with LGBT character"
Bumpy,1989-01-01,"Amstrad CPC, Atari ST, DOS, MSX, ZX Spectrum","arcade, platformer"
Bureaucracy,1987-02-12,"Atari ST, Classic Mac OS, Commodore 128, DOS",interactive fiction
BurgerTime,1987-05-01,"Atari 2600, Atari 7800, ColecoVision, Commodore 64, DECO Cassette System, Famicom Disk System, Intellivision, MSX, Microsoft Windows, Nintendo Entertainment System","platformer, puzzle video game"
Burnout 3: Takedown,2004-09-07,PlayStation 4,racing video game
Burnout Paradise,2008-01-21,"Microsoft Windows, PlayStation 3, Xbox One, Xbox Series X and Series S",racing video game
Bust a Groove,1998-01-29,PlayStation 2,music video game
Buzz Aldrin's Race Into Space,1993-03-11,DOS,"construction and management simulation, turn-based strategy video game"
Buzz! Junior: Jungle Party,2006-10-20,"PlayStation 3, PlayStation 4",party video game
Buzz! Junior: Monster Rumble,2007-11-02,"PlayStation 3, PlayStation 4",party video game
Buzz!: The Mega Quiz,2007-04-27,PlayStation 4,party video game
Buzz!: The Music Quiz,2005-10-21,PlayStation 4,music video game
Bve trainsim,1996-01-01,Microsoft Windows,train simulator
C-evo,2006-01-01,Microsoft Windows,"4X, turn-based strategy video game"
CS2D,2004-03-27,"Microsoft Windows, personal computer",third-person shooter
CSI: Deadly Intent,2009-10-20,"Microsoft Windows, Nintendo DS, Wii, Xbox One",adventure video game
CSI: Miami,2004-04-24,"BlackBerry OS, Java Platform, Micro Edition, Microsoft Windows, Windows Mobile, iOS",adventure video game
CSPromod,2007-01-01,Microsoft Windows,first-person shooter
CT Special Forces,2001-01-02,PlayStation 2,action game
CT Special Forces 2: Back in the Trenches,2003-08-15,PlayStation 2,action game
Cabal,1988-01-01,"Amstrad CPC, Atari ST, Commodore 64, DOS, Nintendo Entertainment System, ZX Spectrum, arcade video game",cabal shooter
Cabal Online,2008-03-01,Microsoft Windows,massively multiplayer online role-playing game
Cadaver,1990-01-01,"Acorn Archimedes, Atari ST, DOS",action-adventure game
Café 0 ~The Drowned Mermaid~,2011-10-04,"Microsoft Windows, iOS, macOS",visual novel
California Games II,1990-01-01,"Atari ST, Microsoft Windows, Super Nintendo Entertainment System",sports video game
Call of Cthulhu: Dark Corners of the Earth,2005-10-24,Microsoft Windows,survival horror
Call of Duty 2,2005-10-25,"Microsoft Windows, Xbox One, macOS",first-person shooter
Call of Duty 3,2006-11-07,"PlayStation 3, PlayStation 4, Wii, Xbox One",first-person shooter
Call of Duty 4: Modern Warfare,2007-11-05,"Microsoft Windows, PlayStation 3, Wii, Xbox One, macOS",first-person shooter
Call of Duty Online,2012-09-28,Microsoft Windows,first-person shooter
Call of Duty: Black Ops II,2012-11-30,"Microsoft Windows, PlayStation 3, Wii U, Xbox One","first-person shooter, science fiction video game"
Call of Duty: Finest Hour,2004-11-16,"Nintendo GameCube, PlayStation 4",first-person shooter
Call of Duty: Modern Warfare 2,2009-11-10,"Microsoft Windows, PlayStation 3, Xbox One, macOS",first-person shooter
Call of Duty: Modern Warfare 3,2011-11-08,"Microsoft Windows, Nintendo DS, PlayStation 3, Wii, Xbox One, macOS",first-person shooter
Call of Duty: World at War,2008-11-11,"Microsoft Windows, PlayStation 3, Wii, Windows Mobile, Xbox One",first-person shooter
Call of Duty: World at War – Final Fronts,2008-11-10,PlayStation 4,first-person shooter
Call of Duty: World at War – Zombies,2009-11-16,iOS,"first-person shooter, horde shooter"
Call of Juarez,2006-09-05,"Microsoft Windows, Xbox One",first-person shooter
Call of Juarez: Bound in Blood,2009-06-30,"Microsoft Windows, PlayStation 3, Xbox One",first-person shooter
Call of the Pharaoh,2008-01-01,mobile phone,Unknown
Cameltry,1989-01-01,"Super Nintendo Entertainment System, arcade video game, iOS","platformer, racing video game"
Cannon Fodder,1993-01-01,"3DO, Acorn Archimedes, Amiga CD32, Atari ST, DOS, Game Boy Color, PlayStation, Super Nintendo Entertainment System","real-time tactics, shoot 'em up"
Capcom vs. SNK 2: Mark of the Millennium 2001,2001-09-13,PlayStation 4,"crossover fiction, fighting game"
Captain America and The Avengers,1991-01-01,"Game Boy, PlayStation, Super Nintendo Entertainment System, arcade video game",beat 'em up
Captain America: Super Soldier,2011-07-14,"Nintendo 3DS, Nintendo DS, PlayStation 3, Wii, Xbox One",action game
Captain Blood,1988-01-01,"Amstrad CPC, Apple IIGS, Atari ST, Classic Mac OS, Commodore 64, DOS, MOTO Gamme, Olivetti Prodest PC 128, ZX Spectrum","adventure video game, science fiction video game, simulation video game"
Captain Comic,1988-01-05,"DOS, Nintendo Entertainment System",Metroidvania
Captain Dynamo,1992-01-01,"Amstrad CPC, Atari ST, Commodore 64, DOS, ZX Spectrum",platformer
Captain Rainbow,2008-08-28,Wii,"action-adventure game, video game with LGBT character"
Captain Tsubasa,1988-04-28,Nintendo Entertainment System,association football video game
Captive,1990-01-01,"Atari ST, DOS","role-playing video game, science fiction video game"
Cardinal Syn,1998-06-30,PlayStation 2,fighting game
Carmageddon,1997-01-01,"Classic Mac OS, DOS, Java Platform, Micro Edition, Microsoft Windows, Symbian, iOS","racing video game, vehicular combat game"
Carrier Command,2022-12-24,"Amstrad CPC, Atari ST, Classic Mac OS, Commodore 64, DOS, Microsoft Windows, ZX Spectrum","action game, ship simulation game, simulation video game, strategy video game"
Carrier Command: Gaea Mission,2012-09-28,"Microsoft Windows, Xbox One","action game, real-time strategy, science fiction video game"
Cars,2006-06-06,"Microsoft Windows, Nintendo DS, Nintendo GameCube, PlayStation 4, PlayStation Portable, Wii, Xbox One","adventure video game, racing video game"
Cars 2,2011-06-21,"Microsoft Windows, Nintendo DS, PlayStation 3, PlayStation Portable, Wii, Xbox One, iOS, macOS","racing video game, third-person shooter"
Cartoon Network: Punch Time Explosion,2011-06-02,"Nintendo 3DS, PlayStation 3, Wii, Xbox One","crossover fiction, fighting game"
Castle Story,2013-09-23,"Microsoft Windows, macOS","real-time strategy, sandbox game"
Castle Wolfenstein,1981-09-01,"Apple II series, Atari 8-bit family, Commodore 64, DOS","action-adventure game, stealth game"
Castle of Illusion Starring Mickey Mouse,1990-11-20,"PlayStation, PlayStation 3",platformer
Castlevania: Lament of Innocence,2003-10-21,"PlayStation 3, PlayStation 4","action-adventure game, hack and slash"
Castlevania: Symphony of the Night,1997-03-20,"PlayStation 2, PlayStation Portable, iOS","Metroidvania, action role-playing game, fantasy video game"
Catacomb 3-D,1991-11-01,DOS,first-person shooter
Catherine,2011-02-17,"Microsoft Windows, PlayStation 3, PlayStation Vita, Xbox One, personal computer","LGBT-themed video game, action-adventure game, platformer, psychological horror fiction, puzzle video game, survival horror, video game with LGBT character"
Cauldron,1985-01-01,"Amstrad CPC, Commodore 64, ZX Spectrum","action-adventure game, halloween video game"
Cauldron II: The Pumpkin Strikes Back,1986-06-01,"Amstrad CPC, Commodore 64, ZX Spectrum","action-adventure game, halloween video game, platformer"
Cave Story,2004-12-20,"Microsoft Windows, Nintendo 3DS, Nintendo DS, Wii, macOS","Metroidvania, platformer, science fiction video game, shooter game"
Cavelord,1985-01-01,Atari 8-bit family,action-adventure game
Caverns of Mars,1981-01-01,Atari 8-bit family,shoot 'em up
CellFactor: Revolution,2007-05-08,Microsoft Windows,first-person shooter
Centipede,1981-06-01,"Atari 2600, Atari 5200, Atari 7800, BBC Micro, ColecoVision, Commodore 64, Game Boy, Game Boy Color, Microsoft Windows, PlayStation 2, PlayStation 3, PlayStation Portable, PlayStation Vita, iOS",fixed shooter
Challenge of the Ancient Empires!,1990-01-01,"Classic Mac OS, DOS","adventure video game, educational video game"
Challenger,1985-10-15,Nintendo Entertainment System,"action game, action-adventure game, platformer"
Chambers of Shaolin,1989-01-01,"Amiga CD32, Atari ST, Commodore 64",beat 'em up
Champions of Regnum,2007-05-24,"Microsoft Windows, macOS","fantasy video game, massively multiplayer online role-playing game"
Championship Manager,1992-09-01,"Atari ST, DOS",association football video game
Championship Manager 2,1995-09-22,"AmigaOS, Microsoft Windows",association football video game
Championship Manager: Season 01/02,2001-10-12,"Classic Mac OS, Microsoft Windows","association football video game, management"
Championship Sprint,1986-01-01,"Amstrad CPC, Commodore 64, PlayStation 3, PlayStation Portable, ZX Spectrum",racing video game
Chaos League,2004-08-08,Microsoft Windows,American football video game
Chaos Rings II,2012-03-15,iOS,role-playing video game
Chaos on Deponia,2012-11-06,"Microsoft Windows, macOS",graphic adventure game
Chaos;Head,2008-01-01,"Microsoft Windows, PlayStation 3, Xbox One, iOS",visual novel
Chaser,2003-08-30,Microsoft Windows,"cyberpunk video game, first-person shooter, science fiction video game"
Chasm: The Rift,1997-09-30,"DOS, Microsoft Windows, Xbox Series X and Series S",first-person shooter
Check Man,1982-01-01,arcade video game,"action game, puzzle video game"
ChefVille,2012-08-01,web browser,social simulation game
Chess Titans,2006-11-08,Microsoft Windows,chess video game
ChessV,,Microsoft Windows,"chess video game, computer chess"
Child of Eden,2011-06-14,"PlayStation 3, Xbox One","music video game, shoot 'em up"
Chiller,1986-01-01,"Commodore 64, Nintendo Entertainment System, ZX Spectrum, arcade video game","action game, light-gun shooter"
Chip 'n Dale Rescue Rangers,1990-06-01,Nintendo Entertainment System,platformer
Chip 'n Dale Rescue Rangers 2,1993-12-10,Nintendo Entertainment System,platformer
ChipWits,1984-01-01,"Classic Mac OS, Commodore 64",simulation video game
Chivalry: Medieval Warfare,2012-10-16,"Microsoft Windows, PlayStation 3, macOS","hack and slash, historical video game"
Choplifter,1982-05-01,"Atari 5200, Atari 7800, ColecoVision, Commodore 64, Commodore VIC-20, MSX, Nintendo Entertainment System, SG-1000",action game
Chopper Command,1982-01-01,Atari 2600,shoot 'em up
Chromehounds,2006-06-29,Xbox One,action game
Chrono Cross,1999-11-18,"Microsoft Windows, PlayStation 2","role-playing video game, video game with LGBT character"
Chrono Trigger,2008-01-01,"Microsoft Windows, Nintendo DS, PlayStation 2, PlayStation 3, PlayStation Portable, PlayStation Vita, Super Nintendo Entertainment System, Wii, iOS","role-playing video game, time travel video game, turn-based Japanese role-playing game, video game with LGBT character"
Chuck Rock,1991-01-01,Atari ST,"platformer, side-scrolling video game"
Chuck Yeager's Air Combat,1991-01-01,"Classic Mac OS, DOS, Mac operating system",flight simulation video game
Circus,1977-01-01,"Atari 2600, Commodore 64, arcade video game",arcade
Cisco Heat,1990-01-01,"Amstrad CPC, Atari ST, Commodore 64, DOS, ZX Spectrum, arcade video game",racing video game
Cities XL,2009-10-08,Microsoft Windows,"city-building game, massively multiplayer online game"
Cities in Motion,2011-02-23,"Microsoft Windows, macOS","business simulation game, city-building game, traffic simulation game"
City Bus Simulator 2010 - New York,2009-01-01,Microsoft Windows,vehicle simulation game
City Life,2006-04-14,"Microsoft Windows, Nintendo DS",city-building game
CityVille,2010-12-02,Facebook,"city-building game, construction and management simulation"
CityVille 2,2012-11-01,Facebook,"casual game, city-building game, construction and management simulation, simulation video game, social network game"
CivCity: Rome,2006-07-24,Microsoft Windows,"city-building game, historical video game"
Civilization,1991-09-01,"Amiga 1200, Atari ST, Classic Mac OS, DOS, Microsoft Windows, PlayStation 2, Super Nintendo Entertainment System, macOS","4X, computer wargame, grand strategy wargame, turn-based strategy video game"
Civilization IV: Colonization,2008-09-23,"Microsoft Windows, macOS","4X, turn-based strategy video game"
Civilization Revolution,2008-06-13,"Nintendo DS, PlayStation 3, Windows Phone, Xbox One, iOS","4X, turn-based strategy video game"
Civilization: Call to Power,1999-03-01,"BeOS, Classic Mac OS, Mac operating system, Microsoft Windows","strategy video game, turn-based strategy video game"
Clannad,2004-04-28,"Microsoft Windows, PlayStation 3, PlayStation 4, PlayStation Portable, Xbox One","harem, romance adventure game, visual novel"
Clash of Steel,1993-01-01,DOS,strategy video game
Claw,1997-09-30,Microsoft Windows,platformer
Clear,2007-08-24,"Microsoft Windows, OOParts, PlayStation 4","eroge, harem, visual novel"
Clive Barker's Jericho,2007-10-23,"Microsoft Windows, PlayStation 3, Xbox One","first-person shooter, video game with LGBT character"
Clive Barker's Undying,2001-02-21,"Microsoft Windows, macOS","first-person shooter, survival horror"
Clock Tower,1995-09-14,"Microsoft Windows, PlayStation 2, PlayStation Portable, Super Nintendo Entertainment System, Wii U, WonderSwan, Xbox Series X and Series S","point-and-click adventure, psychological horror fiction, survival horror"
Clone Wars Adventures,2010-09-15,Microsoft Windows,"adventure video game, massively multiplayer online game"
Close Combat: First to Fight,2005-04-06,"Microsoft Windows, macOS","first-person shooter, tactical shooter"
Closure,2012-03-27,"Mac, Microsoft Windows, PlayStation Portable, macOS",puzzle video game
Cloud,2005-10-24,Microsoft Windows,puzzle video game
Cloud Nine,2009-01-23,Microsoft Windows,massively multiplayer online role-playing game
Clover Heart's,2003-11-28,"Microsoft Windows, PlayStation 4","eroge, visual novel"
Club Penguin,2005-10-24,"iOS, web browser",massively multiplayer online game
Clubhouse Games,2005-11-03,Nintendo DS,"board video game, puzzle video game"
Code Lyoko,2007-05-15,Nintendo DS,"action-adventure game, role-playing video game"
Code Lyoko: Fall of X.A.N.A.,2008-06-20,Nintendo DS,role-playing video game
Code Lyoko: Quest for Infinity,2007-11-16,"PlayStation 4, PlayStation Portable, Wii",action-adventure game
Codename Eagle,1999-11-01,Microsoft Windows,first-person shooter
Codename: Gordon,2004-05-17,Microsoft Windows,"action game, post-apocalyptic video game"
Codename: Panzers,2004-09-30,Microsoft Windows,real-time tactics
Codename: Panzers Phase II,2005-07-21,Microsoft Windows,real-time strategy
Colin McRae Rally 04,2003-09-19,"Microsoft Windows, PlayStation 4",racing video game
Colin McRae Rally 3,2002-01-01,"Microsoft Windows, PlayStation 4",racing video game
Coloball 2002,2002-06-27,PlayStation 4,role-playing video game
Colony Wars: Red Sun,2000-05-02,PlayStation 2,space flight simulation game
Colony Wars: Vengeance,1998-10-31,PlayStation 2,space flight simulation game
Colossal Cave Adventure,1976-01-01,"Commodore 64, PDP-10, Unix-like operating system, mainframe computer","interactive fiction, text-based video game"
Colour Cross,2008-12-05,Nintendo DS,puzzle video game
Columns,1990-06-29,"MSX, Microsoft Windows, NEC PC-9800 series, PlayStation, PlayStation 3, Super Nintendo Entertainment System, TurboGrafx-16, arcade video game, iOS, macOS","falling block puzzle game, match-three video game"
Combat Arms,2008-07-11,Microsoft Windows,first-person shooter
Combat Mission: Beyond Overlord,2000-06-01,"Classic Mac OS, Microsoft Windows","computer wargame, turn-based tactics"
Combat Mission: Shock Force,2007-07-27,Microsoft Windows,computer wargame
Combat of Giants: Dinosaurs Strike,2010-11-02,Wii,fighting game
Comic Party,1999-05-28,"Microsoft Windows, PlayStation Portable","eroge, visual novel"
Comix Zone,1995-07-01,"Mega Drive Mini, Microsoft Windows, PlayStation, macOS",beat 'em up
Command & Conquer,1995-08-31,"Classic Mac OS, DOS, Microsoft Windows, Nintendo 64, PlayStation 2, PlayStation Portable",real-time strategy
Command & Conquer: Red Alert,1996-11-22,"DOS, Microsoft Windows, PlayStation 2, PlayStation Portable",real-time strategy
Command & Conquer: Red Alert 2,2000-10-23,Microsoft Windows,real-time strategy
Command & Conquer: Red Alert 3,2008-10-28,"Microsoft Windows, PlayStation 3, Xbox One, macOS",real-time strategy
Command & Conquer: Renegade,2002-02-26,Microsoft Windows,"first-person shooter, vehicular combat game"
Command & Conquer: Sole Survivor,1996-01-01,Microsoft Windows,strategy video game
Command & Conquer: Tiberian Sun,1999-08-27,Microsoft Windows,"post-apocalyptic video game, real-time strategy, science fiction video game"
Command & Conquer: Tiberium Alliances,2012-03-15,"Microsoft Windows, web browser",massively multiplayer online game
Commander Keen,2001-05-30,Game Boy Color,"platformer, side-scrolling video game"
Commander in Chief,2008-07-25,Microsoft Windows,government simulation game
Commando Libya,1986-01-01,Commodore 64,shoot 'em up
Commandos 2: Men of Courage,2001-09-20,"Microsoft Windows, PlayStation 4, macOS","multiple perspectives role-playing, real-time tactics"
Company of Heroes,2006-09-11,"Microsoft Windows, macOS","action game, strategy video game"
Company of Heroes 2,2013-06-25,"Microsoft Windows, macOS",real-time strategy
Company of Heroes Online,2010-09-02,Microsoft Windows,"massively multiplayer online game, real-time strategy"
Computer Space,1971-11-01,arcade video game,"combat flight simulator game, shoot 'em up"
Comunio,2000-01-01,Unknown,association football video game
Condemned 2: Bloodshot,2008-03-11,"PlayStation 3, Xbox One",psychological horror fiction
Conflict Zone,2001-10-31,"Microsoft Windows, PlayStation 4",real-time strategy
Conflict: Denied Ops,2008-02-08,"Microsoft Windows, PlayStation 3, Xbox One",first-person shooter
Conflict: Desert Storm,2002-09-13,"Microsoft Windows, Nintendo GameCube, PlayStation 4",third-person shooter
Conflict: Desert Storm II,2003-09-19,"Microsoft Windows, Nintendo GameCube, PlayStation 4",third-person shooter
Conflict: Middle East Political Simulator,1990-01-01,DOS,government simulation game
Confrontation,2012-04-05,Microsoft Windows,role-playing video game
Congo Bongo,1983-02-25,"Atari 2600, Atari 5200, ColecoVision, Commodore 64, Intellivision, MSX, SG-1000, Sega SC-3000","isometric platformer, platformer"
Conker's Bad Fur Day,2001-03-05,Nintendo 64,platformer
Conker's Pocket Tales,1999-06-08,Game Boy Color,adventure video game
Conquest of the New World,1996-03-31,"Classic Mac OS, DOS, Microsoft Windows, macOS",turn-based strategy video game
Conquiztador,2002-10-20,"iOS, web browser",strategy video game
Constantine,2005-02-15,"Microsoft Windows, PlayStation 4",action-adventure game
Contact,2006-03-30,Nintendo DS,role-playing video game
Continental Circus,1987-01-01,"Amstrad CPC, Commodore 64, MSX, ZX Spectrum, arcade video game",racing video game
Contra III: The Alien Wars,1992-02-28,"Game Boy, Super Nintendo Entertainment System","action game, post-apocalyptic video game"
Contra ReBirth,2009-05-12,Wii,action game
Contra: Legacy of War,1996-11-29,PlayStation 2,third-person shooter
Cooking Guide: Can't Decide What to Eat?,2008-06-20,Nintendo DS,educational entertainment
Cooking Mama,2006-03-23,"Nintendo DS, iOS","minigame, simulation video game"
Cooking Mama 2: Dinner with Friends,2007-11-13,Nintendo DS,"minigame, simulation video game"
Core War,1984-01-01,Unknown,programming game
Cosmic Soldier,1985-01-01,"MSX, NEC PC-8800 series",role-playing video game
Cosmic Wars,1989-08-04,Nintendo Entertainment System,turn-based strategy video game
Cosmo's Cosmic Adventure,1992-03-01,"DOS, Microsoft Windows, macOS",platformer
Cossacks II: Napoleonic Wars,2005-04-15,Microsoft Windows,"real-time strategy, real-time tactics"
Cossacks: Back to War,2010-09-02,Microsoft Windows,real-time strategy
Cossacks: European Wars,2001-04-24,Microsoft Windows,real-time strategy
Costume Quest,2010-10-19,"Microsoft Windows, PlayStation 3, iOS, macOS","adventure video game, halloween video game, role-playing video game"
Counter-Strike Neo,2005-10-27,arcade video game,first-person shooter
Counter-Strike Online,2008-07-24,Microsoft Windows,first-person shooter
Cowboy Bebop: Tsuioku no Serenade,2005-08-25,PlayStation 4,action game
Crack Attack!,2000-01-01,"Microsoft Windows, macOS",puzzle video game
Crackdown,2007-02-20,Xbox One,"action-adventure game, third-person shooter, vehicular combat game"
Crash Bandicoot,1996-09-09,"Microsoft Windows, PlayStation 2",3D platform game
Crash Bandicoot 2: Cortex Strikes Back,1997-11-01,"PlayStation 2, PlayStation 3, PlayStation Portable",3D platform game
Crash Bandicoot Nitro Kart 2,2010-01-01,iOS,racing video game
Crash Bandicoot Nitro Kart 3D,2008-01-01,iOS,racing video game
Crash Bandicoot Purple: Ripto's Rampage and Spyro Orange: The Cortex Conspiracy,2004-06-03,Unknown,"crossover fiction, platformer"
Crash Bandicoot: The Huge Adventure,2002-02-25,Unknown,platformer
Crash Bandicoot: The Wrath of Cortex,2001-10-29,"Nintendo GameCube, PlayStation 4",platformer
Crash Bandicoot: Warped,1998-10-31,"PlayStation 2, PlayStation Portable","3D platform game, science fiction video game"
Crash Bash,2000-11-06,"PlayStation 2, PlayStation Portable",party video game
Crash Tag Team Racing,2005-10-19,"Nintendo GameCube, PlayStation 4, PlayStation Portable","racing video game, vehicular combat game"
Crash Team Racing,1999-09-30,"PlayStation 2, PlayStation 3, PlayStation Portable, PlayStation Vita","kart racing game, mascot racer, vehicular combat game"
Crash Twinsanity,2004-08-30,PlayStation 4,platformer
Crash of the Titans,2007-10-02,"PlayStation 4, PlayStation Portable, Wii, Xbox One",platformer
Crash: Mind over Mutant,2008-10-07,"Nintendo DS, PlayStation 4, PlayStation Portable, Wii, Xbox One",platformer
Crashday,2006-02-23,Microsoft Windows,racing video game
Crazy Arcade,2001-01-01,Microsoft Windows,"arcade, maze video game, online game"
Crazy Climber,1980-11-10,"Atari 2600, Nintendo Entertainment System, Wii, WonderSwan, arcade video game",platformer
Crazy Machines,2005-10-01,"Microsoft Windows, Nintendo DS, Wii, iOS, macOS",puzzle video game
Crazy Machines 2,2007-10-15,Microsoft Windows,puzzle video game
Crazy Sue Goes On,1992-01-01,Unknown,platformer
Crazy Taxi,1999-02-01,"Microsoft Windows, Nintendo GameCube, PlayStation 3, PlayStation 4, PlayStation Portable, arcade video game, iOS",racing video game
Crazy Taxi: Catch a Ride,2003-04-08,Unknown,racing video game
CrazyRacing AirRider,2009-07-21,Microsoft Windows,racing video game
Crazyracing Kartrider,2004-06-01,"IBM PC compatible, Microsoft Windows",racing video game
Creature Shock,1996-01-19,"3DO, DOS, Philips CD-i, PlayStation 2","first-person shooter, science fiction video game, shoot 'em up"
Creatures,1990-01-01,"Atari ST, Commodore 64",platformer
Creatures 2,1998-09-30,Microsoft Windows,"artificial life, biological simulation video game"
Crimson Skies,2000-09-17,Microsoft Windows,action game
Crimsonland,2003-01-01,"Microsoft Windows, PlayStation 3, iOS, macOS",shoot 'em up
Crisis Core: Final Fantasy VII,2007-09-13,PlayStation Portable,"action role-playing game, role-playing video game"
Crisis Zone,2004-09-17,"PlayStation 4, arcade video game",shoot 'em up
Crisis in the Kremlin,1991-01-01,DOS,strategy video game
Crobots,1985-12-01,Unknown,"programming game, simulation video game"
Cross Channel,2003-09-26,"Microsoft Windows, PlayStation 3, PlayStation 4, PlayStation Portable, PlayStation Vita, Xbox One","eroge, visual novel"
Cross Days,2010-01-01,Microsoft Windows,"LGBT-themed video game, drama anime and manga, eroge, harem, visual novel"
Crossfire,2007-05-03,"Apple II, Microsoft Windows","first-person shooter, online game, shoot 'em up"
"Crouching Tiger, Hidden Dragon",2003-12-09,PlayStation 4,action-adventure game
Cruise Chaser Blassty,1986-04-30,NEC PC-8800 series,role-playing video game
Cruise for a Corpse,1991-01-01,"Atari ST, DOS",adventure video game
Crusader Kings,2004-08-27,"Microsoft Windows, macOS","computer wargame, grand strategy wargame, historical video game, real-time strategy"
Crusader of Centy,1994-06-16,PlayStation,action-adventure game
Crusader: No Remorse,1995-01-01,"DOS, Microsoft Windows, PlayStation 2, macOS","action game, cyberpunk video game, science fiction video game"
Crush,2007-05-25,PlayStation Portable,"platformer, puzzle video game"
Crysis,2007-11-13,"Microsoft Windows, PlayStation 3, Xbox One","first-person shooter, science fiction video game"
Crysis 3,2013-02-19,"Microsoft Windows, PlayStation 3, Xbox One","first-person shooter, post-apocalyptic video game, science fiction video game, stealth game"
Crystal Castles,1983-01-01,"Amstrad CPC, Apple II, Atari 2600, Atari ST, Commodore 64, Microsoft Windows, ZX Spectrum","action game, maze video game"
Crystal Caves,1991-10-23,"Classic Mac OS, DOS, Microsoft Windows, macOS",platformer
Crystal Warriors,1991-12-13,Nintendo 3DS,"strategy video game, turn-based strategy video game"
Cuban Missile Crisis: The Aftermath,2005-06-24,Microsoft Windows,"post-apocalyptic video game, real-time tactics"
Cubulus,1991-01-01,"Commodore 64, DOS",puzzle video game
Culdcept Second,2001-07-12,Unknown,role-playing video game
Curiosity – What's Inside the Cube?,2012-11-06,iOS,massively multiplayer online game
Cursed Mountain,2009-08-21,"Microsoft Windows, Wii",action-adventure game
Custer's Revenge,1982-10-13,Atari 2600,erotic video game
Custom Robo Arena,2006-10-19,Nintendo DS,action role-playing game
Cut the Rope,2011-06-24,"BlackBerry 10, Microsoft Windows, Nintendo 3DS, Windows Phone, iOS, macOS",puzzle video game
Cyber Nations,2006-01-06,web browser,text-based
Cyber Police ESWAT,1989-01-01,"Amstrad CPC, Atari ST, Commodore 64, PlayStation, ZX Spectrum",shoot 'em up
Cyber Speedway,1995-05-26,Unknown,"racing video game, science fiction video game"
CyberStorm 2: Corporate Wars,,Microsoft Windows,"science fiction video game, turn-based tactics"
Cybermorph,1993-11-23,"Atari Jaguar, Atari Panther","science fiction video game, shooter game, third-person shooter"
Cyclone,1985-01-01,ZX Spectrum,arcade
D,1995-01-01,"3DO, DOS, Microsoft Windows, PlayStation 2",puzzle video game
DC Universe Online,2011-01-11,"Microsoft Windows, PlayStation 3, Xbox Series X and Series S",massively multiplayer online role-playing game
DEFCON,2006-09-29,"Microsoft Windows, macOS",real-time strategy
DJ Hero,2009-10-27,"PlayStation 3, PlayStation 4, Wii, Xbox One",music video game
DJMax Ray,2012-09-28,iOS,music video game
DJMax Technika,2008-10-31,arcade video game,music video game
DJMax Technika 2,2010-06-16,arcade video game,music video game
DJMax Technika 3,2011-10-27,arcade video game,music video game
DK Jungle Climber,2007-08-09,"Nintendo DS, Wii U","action game, platformer"
DK: King of Swing,2005-02-04,Wii U,puzzle video game
DNA Warrior,1989-01-01,"Commodore 64, ZX Spectrum",shoot 'em up
DOOM 3,2004-08-03,"Classic Mac OS, Microsoft Windows, PlayStation 3, Xbox One, macOS","first-person shooter, science fiction horror, science fiction video game, survival horror"
DSiWare,2009-04-03,"Nintendo 3DS, Nintendo DSi",Unknown
Da Capo,2002-06-28,"Microsoft Windows, PlayStation 4","ecchi, eroge, harem, visual novel"
Da Capo II,2006-01-01,"Microsoft Windows, PlayStation 4","eroge, harem, visual novel"
Da Capo III,2012-01-01,"Microsoft Windows, macOS","eroge, harem, visual novel"
Daffy Duck: The Marvin Missions,1994-04-28,Super Nintendo Entertainment System,"platformer, science fiction video game"
Daigasso! Band Brothers,2004-12-02,Nintendo DS,music video game
Daikatana,2000-04-14,"Game Boy Color, Microsoft Windows, Nintendo 64","cyberpunk video game, first-person shooter"
Daimonin,2003-01-01,Microsoft Windows,massively multiplayer online role-playing game
Dallas Quest,1984-01-01,"Apple II series, Atari 8-bit family, Commodore 64, TRS-80 Color Computer",adventure video game
Damnation,2009-05-22,"Microsoft Windows, PlayStation 3, Xbox One",third-person shooter
Dan Dare: Pilot of the Future,1986-01-01,"Amstrad CPC, Commodore 64, ZX Spectrum","action game, action-adventure game"
Dance Dance Revolution SuperNova,2006-04-28,PlayStation 4,music video game
Dance Dance Revolution SuperNova 2,2007-08-22,PlayStation 4,music video game
Dance Dance Revolution: Mario Mix,2005-07-14,Nintendo GameCube,"fitness video game, music video game"
Dance Maniax,2000-01-01,arcade video game,music video game
Danganronpa: Trigger Happy Havoc,2010-01-01,"Microsoft Windows, PlayStation Portable, PlayStation Vita, iOS, macOS","action-adventure game, mystery video game, school anime and manga, speculative fiction, visual novel"
Danger from the Deep,2007-01-01,Unknown,simulation video game
Dangerous Dave,1988-01-01,DOS,platformer
Darius,1987-01-01,"Atari ST, Game Boy, TurboGrafx-16, ZX Spectrum, iOS",shoot 'em up
Darius Force,1993-09-24,Super Nintendo Entertainment System,shoot 'em up
Darius Twin,1991-03-29,Super Nintendo Entertainment System,shoot 'em up
Dark Ages,1999-08-02,"Classic Mac OS, DOS, Microsoft Windows, macOS","fantasy video game, massively multiplayer online role-playing game, platformer"
Dark Arms: Beast Buster,1999-10-21,Unknown,action role-playing game
Dark Castle,1986-01-01,"Apple IIGS, Atari ST, Classic Mac OS, Commodore 64, DOS, Philips CD-i, PlayStation, iOS","action game, platformer"
Dark Chronicle,2002-11-28,PlayStation 4,action role-playing game
Dark Cloud,2000-12-14,PlayStation 4,action role-playing game
Dark Colony,1997-08-31,"Classic Mac OS, IBM PC compatible, Microsoft Windows, macOS","real-time strategy, science fiction video game"
Dark Messiah of Might and Magic,2006-10-24,"Microsoft Windows, Xbox One",action role-playing game
Dark Oberon,2006-11-01,Unknown,Unknown
Dark Reign: The Future of War,1997-08-31,Microsoft Windows,real-time strategy
Dark Savior,1996-08-30,Unknown,platformer
Dark Sector,2008-03-25,"Microsoft Windows, PlayStation 3, Xbox One","post-apocalyptic video game, third-person shooter"
Dark Souls,2011-09-22,"Microsoft Windows, PlayStation 3, Xbox One","action role-playing game, adventure video game, dark fantasy video game, soulslike"
Dark Void,2010-01-19,"Microsoft Windows, PlayStation 3, Xbox One","science fiction video game, third-person shooter"
DarkOrbit,2006-12-11,"Microsoft Windows, web browser","massively multiplayer online game, massively multiplayer online role-playing game"
DarkStar One,2006-06-16,"Microsoft Windows, Xbox One","action game, space trading and combat game"
Darkeden,2008-01-03,Microsoft Windows,massively multiplayer online role-playing game
Darkest Hour: A Hearts of Iron Game,2011-04-05,Microsoft Windows,"grand strategy wargame, real-time strategy"
Darkest of Days,2009-09-08,"Microsoft Windows, Xbox One",first-person shooter
Darklands,1992-01-01,"DOS, Microsoft Windows, macOS",role-playing video game
Darkmere,1994-01-01,Unknown,action-adventure game
Darksiders,2010-01-05,"Microsoft Windows, PlayStation 3, Xbox One","action-adventure game, post-apocalyptic video game"
Darksiders II,2012-08-14,"Microsoft Windows, PlayStation 3, Wii U, Xbox One","action-adventure game, post-apocalyptic video game"
Darwinbots,,Microsoft Windows,Unknown
Darwinia,2005-03-04,"Classic Mac OS, Microsoft Windows, macOS","hybrid literary genre, real-time strategy, real-time tactics"
Das Stundenglas,1990-01-01,Unknown,"interactive fiction, post-apocalyptic video game"
Dawn Patrol,1994-01-01,DOS,combat flight simulator game
Daxter,2006-03-14,PlayStation Portable,platformer
Day of the Tentacle,1993-06-25,"Classic Mac OS, DOS, Microsoft Windows, macOS","graphic adventure game, science fiction video game"
Daytona USA,1995-04-01,"Microsoft Windows, PlayStation 3, Xbox One, arcade video game",racing video game
Daytona USA 2,1998-01-01,arcade video game,racing video game
De Blob,2008-09-30,"Binary Runtime Environment for Wireless, BlackBerry OS, Java Platform, Micro Edition, Microsoft Windows, Wii, Windows Phone, iOS","action game, action-adventure game, platformer, puzzle video game"
DeFRaG,,"Microsoft Windows, macOS",first-person shooter
Dead Island: Riptide,2013-04-23,"Microsoft Windows, PlayStation 3, Xbox One","action role-playing game, post-apocalyptic video game"
Dead Rising,2006-08-08,"Microsoft Windows, Wii, Xbox One, iOS, personal computer","survival horror, zombie video game"
Dead Rising 2,2010-09-24,"Microsoft Windows, PlayStation 3, Xbox One","post-apocalyptic video game, survival horror, video game with LGBT character"
Dead Rising 2: Off the Record,2011-10-11,"Microsoft Windows, PlayStation 3, Xbox One","post-apocalyptic video game, survival horror"
Dead Space 2,2011-01-25,"Microsoft Windows, PlayStation 3, Xbox One","psychological horror fiction, science fiction video game, third-person shooter"
Dead or Alive 5,2012-01-01,"PlayStation 3, Xbox One","3D fighting game, crossover fiction, science fiction video game"
Dead or Alive Paradise,2010-03-30,PlayStation Portable,"beach volleyball video game, casino game"
Dead or Alive Xtreme Beach Volleyball,2003-01-21,Unknown,beach volleyball video game
Dead or Alive: Dimensions,2011-05-19,Nintendo 3DS,3D fighting game
Deadliest Warrior: The Game,2010-07-14,Xbox One,fighting game
Deadline,1982-01-01,"Amstrad CPC, Amstrad PCW, Apple II, Atari 8-bit family, Atari ST, Classic Mac OS, DOS, Osborne 1, PC booter, TRS-80 Model I, Texas Instruments TI-99/4A","adventure video game, interactive fiction"
Deadly Premonition,2010-02-23,"Microsoft Windows, PlayStation 2",psychological horror fiction
Dear Esther,2012-02-14,"Microsoft Windows, macOS","adventure video game, walking simulator"
Death Crimson OX,2001-05-10,PlayStation 4,"action game, first-person shooter, light-gun shooter"
Death Race,1976-01-01,arcade video game,"racing video game, science fiction video game, vehicular combat game"
Death Rally,1996-12-31,"DOS, Microsoft Windows, iOS, macOS","racing video game, vehicular combat game"
Death Track: Resurrection,2008-02-22,"Microsoft Windows, PlayStation Portable, Xbox One","post-apocalyptic video game, racing video game"
Death to Spies,2007-10-16,Microsoft Windows,"shooter game, stealth game, third-person shooter"
Deca Sports,2008-03-19,"Wii, Xbox One",sports video game
December When There Is No Angel,2003-09-26,Microsoft Windows,"eroge, visual novel"
Deepolis,2008-01-01,web browser,Unknown
Def Jam Vendetta,2003-03-31,"Nintendo GameCube, PlayStation 4","professional wrestling video game, sports video game"
Defenders of Dynatron City,1992-07-01,Nintendo Entertainment System,"action game, science fiction video game"
Defense Grid: The Awakening,2008-12-08,"Microsoft Windows, Xbox One, macOS","science fiction video game, tower defense"
Deja Vu II: Lost in Las Vegas,1988-01-01,"Apple IIGS, Atari ST, Classic Mac OS, DOS, Microsoft Windows, Philips CD-i, macOS",adventure video game
Delta Force: Black Hawk Down,2003-03-24,"Microsoft Windows, PlayStation 4, macOS",first-person shooter
Demolition Racer,1999-08-31,"Microsoft Windows, PlayStation 2","racing video game, vehicular combat game"
Denaris,1989-01-01,Commodore 64,shoot 'em up
Depthcharge,1977-01-01,arcade video game,"action game, shoot 'em up"
Descent,1995-03-17,"Classic Mac OS, DOS, Microsoft Windows, PlayStation 2, macOS","first-person shooter, shoot 'em up"
Descent II,1996-02-29,"Acorn Archimedes, Classic Mac OS, DOS, Microsoft Windows, PlayStation 2, macOS",first-person shooter
Descent: FreeSpace – The Great War,1998-03-19,Microsoft Windows,"science fiction video game, space flight simulation game"
Desert Demolition,1995-01-01,PlayStation,action game
Desert Rats vs. Afrika Korps,2004-03-31,Microsoft Windows,real-time tactics
Desert Strike,1992-02-01,"Atari Lynx, Classic Mac OS, DOS, Game Boy, PlayStation, Super Nintendo Entertainment System",shoot 'em up
Desktop Tower Defense,2007-03-03,Nintendo DS,tower defense
Desperados 2: Cooper's Revenge,2006-04-28,Microsoft Windows,real-time tactics
Desperados: Wanted Dead or Alive,2001-04-20,"Microsoft Windows, macOS",real-time tactics
Desperate Housewives: The Game,2006-10-05,Microsoft Windows,life simulation game
Destiny,2014-09-09,"PlayStation 3, Xbox One","action role-playing game, first-person shooter, science fiction video game"
Destiny of an Emperor,1989-05-15,Nintendo Entertainment System,role-playing video game
Destroy All Humans!,2005-06-21,PlayStation 4,"action-adventure game, science fiction video game"
Destroy All Humans! 2,2006-10-17,PlayStation 4,"science fiction video game, third-person shooter"
Destroy All Humans! Big Willy Unleashed,2008-02-25,Wii,"science fiction video game, third-person shooter"
Destruction Derby,1995-10-31,"DOS, PlayStation 2, PlayStation Portable","racing video game, vehicular combat game"
Destruction Derby 2,1996-10-31,"Microsoft Windows, PlayStation 2","racing video game, vehicular combat game"
DethKarz,1998-01-01,Microsoft Windows,"racing video game, vehicular combat game"
Detroit,1994-01-01,"Amiga 1200, DOS",business simulation game
Deus Ex: Invisible War,2003-12-02,Microsoft Windows,"action role-playing game, cyberpunk video game, immersive sim, post-apocalyptic video game, stealth game, video game with LGBT character"
Deuteros,1991-01-01,Atari ST,strategy video game
Devastation,2003-03-25,Microsoft Windows,"first-person shooter, post-apocalyptic video game"
Devil May Cry,2001-08-23,"PlayStation 3, PlayStation 4, Xbox One","action-adventure game, character-action video game, dark fantasy video game"
Devil May Cry 2,2003-01-25,"PlayStation 3, PlayStation 4, Xbox One","action-adventure game, character-action video game, dark fantasy video game, hack and slash"
Devil May Cry 3: Dante's Awakening,2005-02-17,"Microsoft Windows, PlayStation 3, PlayStation 4, Xbox One","action-adventure game, character-action video game, dark fantasy video game"
Devil May Cry 4,2008-01-31,"Microsoft Windows, PlayStation 3, Xbox One, iOS","action-adventure game, character-action video game, dark fantasy video game"
Devil Summoner: Raidou Kuzunoha vs. The Soulless Army,2007-02-26,PlayStation 4,"action role-playing game, cyberpunk video game, role-playing video game"
Devil Summoner: Soul Hackers,1997-11-13,"Nintendo 3DS, PlayStation 2","cyberpunk video game, role-playing video game, video game with LGBT character"
Devil World,1984-10-05,"Nintendo Entertainment System, Wii U",maze video game
Diablo,1996-12-31,"Classic Mac OS, Microsoft Windows, PlayStation 2, macOS","action role-playing game, dark fantasy video game, role-playing video game"
Diablo II,2000-06-28,"Classic Mac OS, Microsoft Windows, macOS","action role-playing game, dark fantasy video game, hack and slash, role-playing video game"
Diablo III,2012-05-15,"Microsoft Windows, PlayStation 3, Xbox One, macOS","action role-playing game, dark fantasy video game, dungeon crawl, hack and slash, role-playing video game"
Dian Shi Mali,1989-01-01,Nintendo Entertainment System,casino game
Diddy Kong Racing,1997-11-21,"Nintendo 64, Nintendo DS","Christmas video game, mascot racer, racing video game, vehicular combat game"
Die Fugger II,1996-01-01,Microsoft Windows,business simulation game
Die Hard,1991-07-19,Nintendo Entertainment System,"Christmas video game, action game, side-scrolling video game"
Die Hard Arcade,1996-07-01,"PlayStation 4, Sega Titan Video, arcade video game",beat 'em up
Die Hard Trilogy,1996-08-31,"Microsoft Windows, PlayStation 2","Christmas video game, shoot 'em up, third-person shooter"
Die Hard Trilogy 2: Viva Las Vegas,2000-02-29,"Microsoft Windows, PlayStation 2","racing video game, third-person shooter"
Die by the Sword,1998-02-28,Microsoft Windows,action-adventure game
Dig Dug,1982-04-19,"Atari 2600, Atari 5200, Atari 7800, Atari 8-bit family, Commodore 64, Commodore VIC-20, Famicom Disk System, Game Boy, MSX, Microsoft Windows, Nintendo Entertainment System, iOS",action game
Dig Dug II,1985-03-12,"Famicom Disk System, Nintendo Entertainment System, arcade video game",maze video game
Digger,1983-01-01,"DOS, Microsoft Windows","arcade, maze video game"
Diggles: The Myth of Fenris,2001-09-27,Microsoft Windows,survival game
Digimon Adventure: Anode/Cathode Tamer,1999-12-15,WonderSwan,tactical role-playing game
Digimon Battle Online,2002-01-22,Microsoft Windows,massively multiplayer online role-playing game
Digimon Battle Spirit 2,2002-12-07,Unknown,fighting game
Digimon Story Lost Evolution,2010-07-01,Nintendo DS,"life simulation game, role-playing video game"
Digimon World 3,2002-06-05,PlayStation 2,role-playing video game
Digimon World DS,2006-06-15,Nintendo DS,role-playing video game
Digimon World Data Squad,2006-11-30,PlayStation 4,role-playing video game
Digital Devil Story: Megami Tensei II,1990-04-06,Nintendo Entertainment System,"cyberpunk video game, role-playing video game"
Digital Paint Paintball 2,2015-08-01,Microsoft Windows,first-person shooter
Diner Dash 2: Restaurant Rescue,2006-01-18,"Microsoft Windows, macOS","simulation video game, strategy video game"
Dink Smallwood,1998-01-01,Microsoft Windows,"action-adventure game, role-playing video game"
Dino Crisis,1999-07-01,"Microsoft Windows, PlayStation 4, PlayStation Portable",survival horror
Dino Crisis 2,2000-09-13,"Microsoft Windows, PlayStation 2",action-adventure game
Dino Master,2005-05-24,Nintendo DS,action game
Dinosaur King,2005-01-01,arcade video game,collectible card video game
Dirge of Cerberus: Final Fantasy VII,2006-01-26,PlayStation 4,"role-playing video game, third-person shooter"
Disaster Report,2002-04-25,"PlayStation 3, PlayStation 4","action-adventure game, adventure video game"
Disaster Report 4 Plus: Summer Memories,2018-11-22,Microsoft Windows,action-adventure game
Discworld,1995-01-01,"Classic Mac OS, DOS, PlayStation 2","adventure video game, point-and-click adventure"
Discworld II: Missing Presumed...!?,1996-11-30,"DOS, Microsoft Windows, PlayStation 2",adventure video game
Discworld MUD,1991-01-01,cross-platform,"MUD, fantasy comedy"
Discworld Noir,1999-07-05,"Microsoft Windows, PlayStation 2",adventure video game
Disgaea: Hour of Darkness,2003-01-30,"Microsoft Windows, Nintendo DS, PlayStation 4, PlayStation Portable",tactical role-playing game
Dishonored,2012-10-09,"Microsoft Windows, PlayStation 3, Xbox One","action-adventure game, stealth game"
Disney Magicboard Online,2007-12-10,Microsoft Windows,racing video game
Disney Sing It: Pop Hits,2009-10-06,"PlayStation 3, PlayStation 4, Wii",music video game
Disney Sports Basketball,2002-11-05,Nintendo GameCube,basketball video game
Disney's Hercules,1997-06-20,"Microsoft Windows, PlayStation 2",platformer
Disney's Kim Possible: What's the Switch?,,PlayStation 4,platformer
Disney's Villains' Revenge,1999-09-28,"Classic Mac OS, Microsoft Windows",action-adventure game
Dissidia Final Fantasy,2008-12-18,PlayStation Portable,"action role-playing game, crossover fiction, fighting game, role-playing video game"
Dive Alert,1999-08-19,Unknown,role-playing video game
Divine Divinity,2002-09-22,Microsoft Windows,"role-playing video game, video game with LGBT character"
Divinity II,2009-11-20,"Microsoft Windows, Xbox One",action role-playing game
Dizzy Panic!,1990-05-01,"Amstrad CPC, Atari ST, Commodore 64, ZX Spectrum",puzzle video game
Dizzy Prince of the Yolkfolk,1991-12-01,"Amstrad CPC, Atari ST, Commodore 64, DOS, Nintendo Entertainment System, ZX Spectrum",action-adventure game
Djibril – The Devil Angel,2007-01-01,Microsoft Windows,"eroge, hentai, magical girl, visual novel"
DoDonPachi Dai-Ou-Jou,2002-04-05,"PlayStation 4, Xbox One, arcade video game, iOS",bullet hell
Doctor Lautrec and the Forgotten Knights,2011-07-07,Nintendo 3DS,"adventure video game, puzzle video game"
Dodonpachi Resurrection,2008-05-22,"Microsoft Windows, Xbox One, arcade video game, iOS",bullet hell
Dofus,2004-09-01,"Mac operating system, Microsoft Windows, macOS",fantasy video game
Dogs of War,1989-01-01,Atari ST,run and gun
Doki Doki Majo Shinpan!,2007-07-05,Nintendo DS,"adventure video game, visual novel"
Doki! Doki! Yūenchi: Crazy Land Daisakusen,1991-08-09,Nintendo Entertainment System,action game
Dominions II: The Ascension Wars,2003-11-14,"Classic Mac OS, Microsoft Windows","fantasy video game, strategy video game, turn-based strategy video game"
Don Doko Don,1989-01-01,"Nintendo Entertainment System, TurboGrafx-16, arcade video game",action game
Don't Look Back,2017-02-23,Microsoft Windows,platformer
Donald Duck's Playground,1984-01-01,"Atari ST, Commodore 64, DOS",educational video game
Donkey Kong 3,1984-07-04,"Game & Watch series, Nintendo Entertainment System, arcade video game",shoot 'em up
Donkey Kong 64,1999-11-22,Nintendo 64,"adventure video game, collect-a-thon platformer, platformer"
Donkey Kong Barrel Blast,2007-06-28,Wii,"mascot racer, racing video game"
Donkey Kong Country,2006-12-01,"Game Boy Color, Super NES Classic Edition, Super Nintendo Entertainment System, Wii, Wii U",2D platform game
Donkey Kong Country 2: Diddy's Kong Quest,1995-11-20,"Super Nintendo Entertainment System, Virtual Console, Wii U",2D platform game
Donkey Kong Country 3: Dixie Kong's Double Trouble!,1996-12-13,"Game Boy Color, Super Nintendo Entertainment System, Wii U","2D platform game, Christmas video game"
Donkey Kong Country Returns,2010-11-21,Wii,2D platform game
Donkey Kong Jr. Math,1983-12-12,"Nintendo Entertainment System, Wii U","educational entertainment, mathematical education video game"
Donkey Kong Jungle Beat,2004-12-16,"Nintendo GameCube, Wii",platformer
Donkey Konga,2003-12-12,Nintendo GameCube,music video game
Doodle Jump,2009-04-06,"BlackBerry 10, Java Platform, Micro Edition, Nintendo 3DS, Nintendo DS, Series 30+, Symbian, Windows Phone, Xbox One, arcade video game, iOS, iPadOS",platformer
Doom 64,1997-03-31,"Microsoft Windows, Nintendo 64",first-person shooter
Doom II RPG,2009-11-23,"BlackBerry OS, Java Platform, Micro Edition, Java virtual machine, Windows Mobile, iOS","first-person shooter, role-playing video game"
Doom RPG,2005-09-13,mobile phone,"first-person shooter, role-playing video game"
Doomlord,2008-09-01,web browser,"fantasy role-playing game, role-playing video game"
Doraemon,1986-12-12,Nintendo Entertainment System,"action game, action-adventure game, shoot 'em up"
Doraemon 2: Nobita to Hikari no Shinden,1998-12-11,Nintendo 64,platformer
Doraemon 2: SOS! Otogi no Kuni,1997-02-21,PlayStation 2,"action game, platformer"
Doraemon 3: Makai no Dungeon,2000-12-14,PlayStation 2,role-playing video game
Doraemon 3: Nobita no Machi SOS!,2000-07-28,Nintendo 64,platformer
Doraemon Wii,2007-12-06,Wii,party video game
Doraemon: Giga Zombie no Gyakushū,1990-09-14,Nintendo Entertainment System,role-playing video game
Doraemon: Minna de Asobō! Minidorando,2003-07-18,Nintendo GameCube,action game
Doraemon: Nobita no Shin Makai Daibouken DS,2007-03-08,Nintendo DS,Unknown
Doraemon: Nobita to Mittsu no Seireiseki,1997-03-21,Nintendo 64,action game
Doraemon: Nobita's Dinosaur 2006 DS,2006-03-02,Nintendo DS,Unknown
Dota 2,2013-07-09,"Microsoft Windows, macOS","action game, multiplayer online battle arena, real-time strategy"
Double Dragon,1988-06-01,"Amstrad CPC, Atari 2600, Atari 7800, Atari ST, Commodore 64, DOS, Hitachi 6309, Nintendo 3DS, Nintendo Entertainment System, PlayStation, Wii U, ZX Spectrum, Zeebo, arcade video game",beat 'em up
Double Dragon 3: The Rosetta Stone,1990-05-31,"Amstrad CPC, Atari ST, Commodore 64, DOS, Game Boy, PlayStation, ZX Spectrum, arcade video game, iOS",beat 'em up
Double Dragon V: The Shadow Falls,1994-07-10,"Atari Jaguar, PlayStation, Super Nintendo Entertainment System",fighting game
Double Dribble,1987-07-24,"Commodore 64, Famicom Disk System, Nintendo Entertainment System",sports video game
Double Dribble: The Playoff Edition,1994-03-04,PlayStation,sports video game
Double Spoiler ~ Touhou Bunkachou,2010-03-14,Microsoft Windows,shoot 'em up
Dr. Drago's Madcap Chase,1995-01-01,Microsoft Windows,"board video game, strategy video game"
Dr. Mario,1990-07-27,"Game Boy, Nintendo Entertainment System, Super Nintendo Entertainment System","falling block puzzle game, puzzle video game, tile-matching video game"
Dr. Mario 64,2001-04-08,"Nintendo 64, iQue Player",puzzle video game
Draconus,1988-01-01,"Atari 8-bit family, Commodore 64, ZX Spectrum",Metroidvania
Dracula Unleashed,1993-01-01,"Classic Mac OS, Microsoft Windows, PlayStation","adventure video game, vampire video game, video game with LGBT character"
Dragon Age II,2011-03-08,"Microsoft Windows, PlayStation 3, Xbox One, macOS","action role-playing game, dark fantasy video game"
Dragon Age: Origins,2009-11-03,"Microsoft Windows, PlayStation 3, Xbox One, macOS","LGBT-themed video game, dark fantasy video game, role-playing video game, video game with LGBT character"
Dragon Ball Kai: Ultimate Butoden,2011-02-03,Nintendo DS,fighting game
Dragon Ball Z: Budokai,2002-11-02,"Nintendo GameCube, PlayStation 3, PlayStation 4, Xbox One",fighting game
Dragon Ball Z: Hyper Dimension,1996-01-01,Super Nintendo Entertainment System,fighting game
Dragon Ball Z: Shin Budokai 2,2007-01-01,PlayStation Portable,fighting game
Dragon Ball Z: Supersonic Warriors,2004-01-01,Nintendo DS,fighting game
Dragon Ball Z: Tenkaichi Tag Team,2010-09-30,PlayStation Portable,fighting game
Dragon Ball Z: Ultimate Battle 22,1995-07-28,PlayStation 2,fighting game
Dragon Ball Z: Ultimate Tenkaichi,2011-10-25,"PlayStation 3, Xbox One",fighting game
Dragon Ball: Raging Blast 2,2010-11-02,"PlayStation 3, Xbox One",fighting game
Dragon Ball: Revenge of King Piccolo,2009-07-23,Wii,platformer
Dragon Breed,1989-01-01,"Amstrad CPC, Atari ST, Commodore 64, ZX Spectrum",action game
Dragon Buster,1985-01-01,"MSX, Nintendo Entertainment System, arcade video game","action role-playing game, dungeon crawl, platformer, role-playing video game"
Dragon Knight 4,1994-02-25,"DOS, Microsoft Windows, NEC PC-9800 series, PC-FX, PlayStation 2, Sharp X68000, Super Nintendo Entertainment System","eroge, tactical role-playing game, visual novel"
Dragon Power,1986-01-01,Nintendo Entertainment System,action-adventure game
Dragon Quest Characters: Torneko no Daibōken 3,2002-10-31,PlayStation 4,"roguelike, role-playing video game"
Dragon Quest III,1988-02-10,"Nintendo Entertainment System, Super Nintendo Entertainment System, Xbox Series X and Series S, iOS",role-playing video game
Dragon Quest Swords,2007-07-12,Wii,role-playing video game
Dragon Quest VIII,2004-11-27,"Nintendo 3DS, PlayStation 4, iOS","role-playing video game, turn-based Japanese role-playing game"
Dragon Quest X,2012-08-02,"Docomo Market, Microsoft Windows, Nintendo 3DS, Wii, Wii U, iOS","massively multiplayer online role-playing game, turn-based Japanese role-playing game"
DragonStrike,1990-01-01,"Commodore 64, DOS, Microsoft Windows, NEC PC-9800 series, Sharp X68000","combat flight simulator game, role-playing video game"
Dragonica,2010-01-20,"Microsoft Windows, iOS",fantasy video game
Dragonworld,1984-01-01,"Commodore 64, DOS, MSX",interactive fiction
Drakengard,2003-09-11,PlayStation 4,"action role-playing game, dark fantasy video game"
Drakensang Online,2011-08-01,Microsoft Windows,massively multiplayer online role-playing game
Drakensang: The Dark Eye,2008-08-01,Microsoft Windows,role-playing video game
Drakensang: The River of Time,2010-02-19,Microsoft Windows,role-playing video game
Drawn to Life,2007-09-10,"Nintendo DS, iOS","action-adventure game, platformer"
Dream of Mirror Online,2005-09-03,Microsoft Windows,massively multiplayer online role-playing game
DreamMix TV World Fighters,2003-12-18,"Nintendo GameCube, PlayStation 4","crossover fiction, fighting game"
Dreamfall Chapters,2014-01-01,"Microsoft Windows, macOS","LGBT-themed video game, adventure video game, cyberpunk video game, video game with LGBT character"
Dreamfall: The Longest Journey,2006-04-17,Microsoft Windows,"adventure video game, cyberpunk video game"
Dreamkiller,2009-10-12,Microsoft Windows,first-person shooter
Dreamweb,1994-01-01,"Amiga 1200, DOS","adventure video game, cyberpunk video game"
Driller,1987-01-01,"Amstrad CPC, Atari ST, Commodore 64, DOS, ZX Spectrum",puzzle video game
Driver 3,2004-06-21,"Microsoft Windows, N-Gage, PlayStation 4","driving video game, shooter game"
Driver: Parallel Lines,2006-03-14,"Microsoft Windows, PlayStation 4, Wii",racing video game
Driver: San Francisco,2011-09-01,"Microsoft Windows, PlayStation 3, Wii, Xbox One, macOS",action-adventure game
DualPenSports,2011-06-02,Nintendo 3DS,sports video game
DuckTales,1989-09-14,"Game Boy, Nintendo Entertainment System",platformer
Duke Nukem,1991-07-01,"DOS, Microsoft Windows, macOS","platformer, science fiction video game"
Duke Nukem 3D,1996-01-29,"Amiga 1200, Classic Mac OS, DOS, Microsoft Windows, Nintendo 64, PlayStation, PlayStation 2, PlayStation 3, iOS, macOS","Christmas video game, first-person shooter, science fiction video game"
Duke Nukem Forever,2011-06-10,"Microsoft Windows, PlayStation 3, Xbox One, macOS","first-person shooter, science fiction video game"
Duke Nukem II,1993-12-03,"DOS, Microsoft Windows, iOS, macOS","platformer, science fiction video game"
Duke Nukem: Land of the Babes,2000-09-19,PlayStation 2,"action-adventure game, third-person shooter"
Dune,1992-01-01,"DOS, PlayStation",adventure video game
Dune II,1992-01-01,"DOS, Microsoft Windows, PlayStation","real-time strategy, science fiction video game"
Dungeon Defenders,2011-10-18,"Microsoft Windows, PlayStation 3, Xbox One, iOS, macOS","role-playing video game, tower defense"
Dungeon Explorer: Warriors of Ancient Arts,2007-11-17,Nintendo DS,action role-playing game
Dungeon Fighter Online,2005-08-01,Microsoft Windows,beat 'em up
Dungeon Keeper,1997-06-26,"DOS, Microsoft Windows, macOS","god game, real-time strategy"
Dungeon Master,1987-01-01,"Apple II series, Apple IIGS, Atari ST, DOS, FM Towns, NEC PC-9800 series, Sharp X68000, Super Nintendo Entertainment System",role-playing video game
Dungeon Master II: The Legend of Skullkeep,1995-01-01,"Amiga 1200, Classic Mac OS, DOS, PlayStation",role-playing video game
Dungeon Siege,2002-04-05,"Microsoft Windows, macOS",role-playing video game
Dungeon Siege III,2011-06-21,"Microsoft Windows, PlayStation 3, Xbox One",action role-playing game
Dungeons,2011-01-27,Microsoft Windows,strategy video game
Dungeons & Dragons Online,2006-02-28,"Microsoft Windows, macOS",massively multiplayer online role-playing game
Dungeons & Dragons: Dragonshard,2005-09-21,Microsoft Windows,real-time strategy
Dunzhin,1982-01-01,"Commodore 64, TRS-80 Model I",role-playing video game
Dwarf Fortress,2006-08-08,Microsoft Windows,"adventure video game, construction and management simulation, roguelike, sandbox game, survival game, text-based video game"
Dynamite Cop,1999-05-27,arcade video game,beat 'em up
Dynamite Dan,1985-01-01,"Amstrad CPC, Commodore 64, MSX, ZX Spectrum",platformer
Dynasty Warriors,1997-02-28,"PlayStation 2, PlayStation Portable",hack and slash
Dynasty Warriors 5,2005-02-24,"Microsoft Windows, PlayStation 4, Xbox One","crowd-combat video game, hack and slash"
Dynasty Warriors Advance,2005-03-24,Unknown,"action game, hack and slash"
Dynasty Warriors Next,2011-12-17,PlayStation Vita,beat 'em up
Dynasty Wars,1989-07-01,"Amstrad CPC, Commodore 64, ZX Spectrum",beat 'em up
Dystopia,2005-09-10,Microsoft Windows,"cyberpunk video game, first-person shooter"
Déjà Vu,1985-09-01,"Apple IIGS, Atari ST, Classic Mac OS, Commodore 64, DOS, Game Boy Color, Microsoft Windows, NEC PC-9800 series, Nintendo Entertainment System, Windows 3.x, macOS",adventure video game
Dōkyūsei,1996-08-09,"DOS, FM Towns, Microsoft Windows, PlayStation 2, Sharp X68000, TurboGrafx-16","bishōjo game, dating sim, eroge, romance adventure game, visual novel"
Dōsei,1997-05-23,Microsoft Windows,"eroge, social simulation game, visual novel"
E-Motion,1990-01-01,"Amstrad CPC, Atari ST, Commodore 64, DOS, Game Boy, ZX Spectrum","puzzle video game, strategy video game"
E.T. the Extra-Terrestrial,1982-12-01,Atari 2600,action-adventure game
ESPN SpeedWorld,1994-01-01,"PlayStation, Super Nintendo Entertainment System",racing video game
EVE Online,2003-05-06,"Microsoft Windows, macOS","massively multiplayer online game, massively multiplayer online role-playing game, role-playing video game, space flight simulation game, space opera, space opera video game, space trading and combat game"
EXperience112,2007-09-17,Microsoft Windows,"adventure video game, science fiction video game"
EZ2DJ,1999-01-01,arcade video game,music video game
EZ2Dancer,,arcade video game,music video game
Earthsiege 2,1996-01-01,Microsoft Windows,vehicle simulation game
Earthworm Jim,1994-01-01,"DOS, Game Boy, Microsoft Windows, PlayStation, PlayStation Portable, Super Nintendo Entertainment System, Windows Phone, iOS, macOS",platformer
Earthworm Jim 2,1995-01-01,"Microsoft Windows, PlayStation, PlayStation 2, Super Nintendo Entertainment System","platformer, run and gun"
Eastern Front (1941),1981-01-01,Atari 8-bit family,strategy video game
Ecco the Dolphin,1992-07-31,"Microsoft Windows, PlayStation, iOS, macOS","platformer, science fiction video game"
Ecco: The Tides of Time,1994-08-25,"Microsoft Windows, PlayStation",adventure video game
Echo Night: Beyond,2004-01-22,PlayStation 4,"psychological horror fiction, science fiction video game"
Echochrome,2008-03-19,"PlayStation 3, PlayStation Portable",puzzle video game
Eco Fighters,1993-12-01,arcade video game,shoot 'em up
"Ed, Edd n Eddy: The Mis-Edventures",2005-09-30,"Microsoft Windows, Nintendo GameCube, PlayStation 4","adventure video game, platformer"
Eddie Kidd Jump Challenge,1985-01-01,"BBC Micro, Commodore 64, MSX, ZX Spectrum",sports video game
Eden Eternal,2010-10-28,Microsoft Windows,massively multiplayer online role-playing game
Eden*,2015-01-30,Microsoft Windows,"drama anime and manga, eroge, romance anime and manga, science fiction anime and manga, science fiction video game, visual novel"
Edna & Harvey: Harvey's New Eyes,2012-10-01,"Microsoft Windows, macOS",graphic adventure game
Edna & Harvey: The Breakout,2011-02-08,Microsoft Windows,graphic adventure game
Ef: A Fairy Tale of the Two,2006-12-22,"Microsoft Windows, PlayStation 4","eroge, visual novel"
Ehrgeiz,1998-12-17,"PlayStation 2, PlayStation Portable, arcade video game",fighting game
Einhänder,1997-11-20,PlayStation 2,"post-apocalyptic video game, science fiction video game, shoot 'em up"
El Shaddai: Ascension of the Metatron,2011-04-28,"Microsoft Windows, PlayStation 3, Xbox One","action game, action-adventure game"
El Tigre: The Adventures of Manny Rivera,2007-10-29,"Nintendo DS, PlayStation 4",action game
Elasto Mania,2000-01-01,"Microsoft Windows, iOS","motorcycle simulation game, puzzle video game"
Elebits,2006-12-02,Wii,action game
Elevator Action,1985-06-28,"Amstrad CPC, Atari 2600, Commodore 64, MSX, Microsoft Windows, Nintendo Entertainment System, SG-1000, Wii U, ZX Spectrum","action game, platformer, side-scrolling video game"
Elite Beat Agents,2006-11-06,Nintendo DS,"Christmas video game, cheerleading video game, music video game"
Elsword,2007-12-27,Microsoft Windows,"fighting game, massively multiplayer online game, platformer, side-scrolling video game"
Elvira: Mistress of the Dark,1990-01-01,"Atari ST, Commodore 64, DOS",role-playing video game
Emergency Fire Response,2003-07-30,Microsoft Windows,simulation video game
Emil Chronicle Online,2005-11-24,Microsoft Windows,massively multiplayer online role-playing game
Emlyn Hughes International Soccer,1988-01-01,"Amstrad CPC, Atari ST, Commodore 64, ZX Spectrum",association football video game
Emperor: Battle for Dune,2001-06-12,Microsoft Windows,"real-time strategy, science fiction video game"
Emperor: Rise of the Middle Kingdom,2002-09-09,"Mac operating system, Microsoft Windows","city-building game, historical video game"
Empire City: 1931,1987-12-15,"MSX, Nintendo Entertainment System, arcade video game",shoot 'em up
Empire Earth,2001-11-12,Microsoft Windows,"real-time strategy, strategy video game"
Empire Earth II,2005-04-26,Microsoft Windows,real-time strategy
Empire Earth III,2007-11-06,Microsoft Windows,real-time strategy
Empire: Total War,2009-03-03,"Microsoft Windows, macOS","real-time strategy, real-time tactics, turn-based strategy video game"
Enchanted,2007-11-13,Nintendo DS,adventure video game
Enclave,2002-07-19,"Microsoft Windows, macOS","action-adventure game, role-playing video game, third-person shooter"
Endless,1985-01-01,Commodore 64,"action game, puzzle video game, shoot 'em up"
Endless Ocean,2007-08-02,Wii,simulation video game
Endless Ocean 2: Adventures of the Deep,2009-09-17,Wii,"adventure video game, simulation video game"
Enemy Territory: Quake Wars,2007-09-28,"Microsoft Windows, PlayStation 3, Xbox One, macOS","action game, first-person shooter, science fiction video game, strategy video game"
Enemy: Tempest of Violence,1997-01-01,Unknown,"action game, action-adventure game"
Energetika,2010-01-01,web browser,business simulation game
English Training: Have Fun Improving Your Skills!,2006-01-26,Nintendo DS,educational video game
Enigma: Rising Tide,2003-08-01,Microsoft Windows,vehicle simulation game
Enslaved: Odyssey to the West,2010-10-05,"Microsoft Windows, PlayStation 3, Xbox One","action-adventure game, post-apocalyptic video game"
Enter the Matrix,2003-05-14,"Microsoft Windows, Nintendo GameCube, PlayStation 4","action game, action-adventure game, beat 'em up, shooter game"
Entropia Universe,2003-01-30,Microsoft Windows,"first-person shooter, massively multiplayer online role-playing game"
Epic Mickey,2010-11-25,Wii,"crossover fiction, platformer, post-apocalyptic video game"
Epic Mickey 2: The Power of Two,2012-11-18,"Microsoft Windows, PlayStation 3, PlayStation Vita, Wii, Wii U, Xbox One","crossover fiction, platformer, post-apocalyptic video game"
Eressea,1996-01-01,cross-platform,turn-based strategy video game
Escape from Monkey Island,2000-11-08,"Classic Mac OS, Microsoft Windows, PlayStation 4, macOS",adventure video game
Escape from the Planet of the Robot Monsters,1989-01-01,"Amstrad CPC, Atari ST, Commodore 64, DOS, SAM Coupé, ZX Spectrum",shooter game
Escape-MCP,1983-01-01,ZX Spectrum,maze video game
Espgaluda II,2005-11-25,"Xbox One, arcade video game, iOS",bullet hell
Esprit,,Atari ST,puzzle video game
Eternal Champions: Challenge from the Dark Side,1995-02-01,Unknown,fighting game
Eternal Darkness: Sanity's Requiem,2002-06-24,Nintendo GameCube,"action-adventure game, psychological horror fiction"
Eternal Eden,2008-12-11,Microsoft Windows,role-playing video game
Eternal Fighter Zero,2000-08-11,Microsoft Windows,"crossover fiction, fighting game"
Eternal Sonata,2007-06-14,"PlayStation 3, Xbox One",role-playing video game
Ethnic Cleansing,2002-01-21,Microsoft Windows,"advergame, first-person shooter"
Europa 1400: The Guild,2002-10-25,Microsoft Windows,life simulation game
Europa Universalis,2000-10-20,Microsoft Windows,"computer wargame, grand strategy wargame, historical video game, real-time strategy"
Europa Universalis II,2001-12-11,"Classic Mac OS, Microsoft Windows, macOS","computer wargame, grand strategy wargame, historical video game, real-time strategy"
Europa Universalis: Rome,2008-04-18,"Microsoft Windows, macOS","grand strategy wargame, historical video game, strategy video game"
Europe Racer,2001-01-01,"Microsoft Windows, PlayStation 2","action game, racing video game"
Ever 17: The Out of Infinity,2002-08-29,"Microsoft Windows, PlayStation 4, Xbox One, iOS","science fiction video game, visual novel"
EverQuest,1999-03-16,"Mac operating system, Microsoft Windows, macOS",massively multiplayer online role-playing game
EverQuest II,2004-11-04,Microsoft Windows,massively multiplayer online role-playing game
Evil Dead: A Fistful of Boomstick,2003-05-20,PlayStation 4,action game
Evil Genius,2004-09-28,Microsoft Windows,"god game, real-time strategy, simulation video game"
Evolution: The World of Sacred Device,1999-01-21,Unknown,"roguelike, role-playing video game"
Evolva,2000-06-01,Microsoft Windows,"action game, action-adventure game, biopunk"
Evony,2009-05-06,Unknown,"fantasy video game, massively multiplayer online real-time strategy game"
Excite Truck,2006-11-19,Wii,"racing video game, stunt racing video game"
Excitebike,1984-11-30,"NEC PC-8800 series, Nintendo Entertainment System, Sharp X1, Wii, Wii U, arcade video game",racing video game
Exile,1988-01-01,"Acorn Electron, Amiga CD32, Atari ST, BBC Micro, Commodore 64",Metroidvania
Exit,2005-12-15,"Nintendo DS, PlayStation Portable","action game, puzzle video game"
Exolon,1987-01-01,"Amstrad CPC, Atari ST, Commodore 64, ZX Spectrum",shoot 'em up
Expensive Planetarium,1962-01-01,PDP-1,simulation video game
Express Raider,1986-01-01,"Amstrad CPC, Commodore 64, ZX Spectrum, arcade video game","beat 'em up, shoot 'em up"
Extreme-G,1997-09-30,Nintendo 64,vehicular combat game
Eye of the Beholder,1990-01-01,"Amiga 1200, Atari Lynx, Commodore 64, DOS, Microsoft Windows, NEC PC-9800 series, PlayStation, Super Nintendo Entertainment System, macOS","action role-playing game, role-playing video game"
Eye of the Beholder II: The Legend of Darkmoon,1991-01-01,"Amiga 1200, DOS, FM Towns, Microsoft Windows, NEC PC-9800 series, macOS","fantasy video game, role-playing video game"
F-1 Hero MD,1992-06-01,"Game Boy, Nintendo Entertainment System, PlayStation",racing video game
F-1 Race,1984-11-02,"Game Boy, Nintendo Entertainment System",racing video game
F-1 World Grand Prix,1998-07-31,"Microsoft Windows, Nintendo 64, PlayStation 2",sim racing
F-1 World Grand Prix II,1999-09-30,Nintendo 64,sim racing
F-15 Strike Eagle,1984-01-01,"Amstrad CPC, Atari ST, Commodore 64, MSX, Nintendo Entertainment System, ZX Spectrum",combat flight simulator game
F-15 Strike Eagle II,1989-01-01,"Atari ST, DOS, PlayStation",combat flight simulator game
F-Zero,1990-11-21,Super Nintendo Entertainment System,futuristic racing game
F-Zero GX,2003-07-25,Nintendo GameCube,racing video game
F-Zero: Maximum Velocity,2001-03-21,Wii U,racing video game
F.E.A.R.,2005-10-18,"Microsoft Windows, PlayStation 3, Xbox One","first-person shooter, psychological horror fiction"
F.E.A.R. 2: Project Origin,2009-02-10,"Microsoft Windows, PlayStation 3, Xbox One","first-person shooter, psychological horror fiction"
F.E.A.R. 3,2011-06-21,"Microsoft Windows, PlayStation 3, Xbox One","first-person shooter, psychological horror fiction"
F/A-18 Interceptor,1988-01-01,Unknown,combat flight simulator game
F1 2001,2001-09-20,"Microsoft Windows, PlayStation 4",sim racing
F1 2002,2002-01-01,"Microsoft Windows, Nintendo GameCube, PlayStation 4",racing video game
F1 2010,2010-09-22,"Microsoft Windows, PlayStation 3, Xbox One",racing video game
F1 2011,2011-09-20,"Microsoft Windows, PlayStation 3, PlayStation Vita, Xbox One, iOS",racing video game
F1 Grand Prix,2005-09-01,PlayStation Portable,racing video game
F1 Manager Professional,1997-01-01,DOS,business simulation game
F1 Tornado,1990-01-01,"Amstrad CPC, Commodore 64, ZX Spectrum",shoot 'em up
FAngband,,Microsoft Windows,roguelike
FIFA 06,2005-09-30,"Java virtual machine, Microsoft Windows, Nintendo DS, Nintendo GameCube, PlayStation 4, PlayStation Portable",association football video game
FIFA 07,2006-09-25,"Microsoft Windows, Nintendo DS, Nintendo GameCube, PlayStation 4, PlayStation Portable, Xbox One",association football video game
FIFA 08,2007-09-27,"Microsoft Windows, Nintendo DS, PlayStation 3, PlayStation 4, PlayStation Portable, Wii, Xbox One",association football video game
FIFA 09,2008-10-03,"Java virtual machine, Microsoft Windows, Nintendo DS, PlayStation 3, PlayStation 4, PlayStation Portable, Wii, Xbox One",association football video game
FIFA 10,2009-10-01,"Java virtual machine, Microsoft Windows, Nintendo DS, PlayStation 3, PlayStation 4, PlayStation Portable, Wii, Xbox One, iOS",association football video game
FIFA 11,2010-09-28,"Java virtual machine, Microsoft Windows, Nintendo DS, PlayStation 3, PlayStation 4, PlayStation Portable, Wii, Xbox One, iOS",association football video game
FIFA 12,2011-09-27,"Microsoft Windows, Nintendo DS, PlayStation 3, PlayStation 4, PlayStation Portable, PlayStation Vita, Wii, Xbox One, iOS",association football video game
FIFA 13,2012-09-25,"Microsoft Windows, Nintendo 3DS, PlayStation 3, PlayStation 4, PlayStation Portable, PlayStation Vita, Wii, Wii U, Xbox One, iOS",association football video game
FIFA 97,1996-01-01,"DOS, Game Boy, Microsoft Windows, PlayStation, PlayStation 2, Super Nintendo Entertainment System",association football video game
FIFA Football 2003,2002-10-25,"Microsoft Windows, Nintendo GameCube, PlayStation 2, PlayStation 4",association football video game
FIFA Football 2004,2003-10-24,"Microsoft Windows, N-Gage, Nintendo GameCube, PlayStation 2, PlayStation 4",association football video game
FIFA Football 2005,2004-10-08,"Microsoft Windows, N-Gage, Nintendo GameCube, PlayStation 2, PlayStation 4, PlayStation Portable",association football video game
FIFA Manager 09,2008-10-30,Microsoft Windows,"association football management game, association football video game"
FIFA Online,2010-05-26,Microsoft Windows,association football video game
FIFA Online 2,2006-01-01,Microsoft Windows,association football video game
FIFA Online 3,2012-12-18,"Microsoft Windows, TGP Box, iOS",association football video game
FIFA: Road to World Cup 98,1997-06-17,"Game Boy, Microsoft Windows, Nintendo 64, PlayStation, PlayStation 2, Super Nintendo Entertainment System",association football video game
FRONT MISSION HISTORY,,PlayStation 2,Unknown
Fable,2007-12-04,"Microsoft Windows, Xbox One, macOS","action game, action role-playing game, fantasy video game, role-playing video game, video game with LGBT character"
Fable II,2008-07-08,Xbox One,"action role-playing game, fantasy video game, video game with LGBT character"
Fable III,2010-08-02,"Microsoft Windows, Xbox One","action role-playing game, fantasy video game, video game with LGBT character"
Fable: The Journey,2012-10-09,Xbox One,action role-playing game
FaceBreaker,2008-09-04,"PlayStation 3, Wii, Xbox One",boxing video game
Faces of War,2006-09-08,Microsoft Windows,"real-time strategy, real-time tactics"
Fade to Black,1995-08-31,"DOS, PlayStation 2, PlayStation Portable","action-adventure game, cyberpunk video game, science fiction video game"
Fahrenheit,2005-09-16,"Microsoft Windows, PlayStation 4, iOS, macOS","action-adventure game, interactive film, psychological horror fiction, video game with LGBT character"
Fahrenheit 451,1984-01-01,"Classic Mac OS, Commodore 64, DOS, MSX, ZX Spectrum","adventure video game, science fiction video game"
Fairytale Fights,2009-10-23,"PlayStation 3, Xbox One","action game, fighting game, hack and slash"
Falcon Patrol II,1984-01-01,"Commodore 64, ZX Spectrum",shoot 'em up
Falcon: The Renegade Lord,1987-01-01,"Commodore 64, ZX Spectrum",action game
Fallout Tactics: Brotherhood of Steel,2001-03-15,Microsoft Windows,"post-apocalyptic video game, real-time tactics, tactical role-playing game"
Fallout: Brotherhood of Steel,2004-01-14,PlayStation 4,"action role-playing game, role-playing video game"
Fallout: New Vegas,2010-10-19,"Microsoft Windows, PlayStation 3, Xbox One","action role-playing game, post-apocalyptic video game, role-playing video game, video game with LGBT character"
Famicom Wars,1988-08-12,"Nintendo 3DS, Nintendo Entertainment System, Wii, Wii U",turn-based tactics
Family Guy: Back to the Multiverse,2012-11-20,"Microsoft Windows, PlayStation 3, Xbox One",action-adventure game
Fantastic Dizzy,1991-04-01,"Commodore 64, DOS, Nintendo Entertainment System, PlayStation",adventure video game
Fantastic Soccer,1990-01-01,Commodore 64,sports video game
Fantasy Earth: Zero,2006-02-23,Microsoft Windows,massively multiplayer online role-playing game
Fantasy Tennis,2007-06-25,Microsoft Windows,massively multiplayer online game
Fantasy Wars,2007-10-02,Microsoft Windows,turn-based tactics
Fantasy World Dizzy,1989-10-01,"Amstrad CPC, Atari ST, Commodore 64, DOS, ZX Spectrum","action-adventure game, platformer"
Far Cry,2004-03-23,"Microsoft Windows, PlayStation 3, Xbox One","first-person shooter, science fiction video game"
Far Cry 2,2008-10-21,"Microsoft Windows, PlayStation 3, Xbox One",first-person shooter
Far Cry 3,2012-11-29,"Microsoft Windows, PlayStation 3, Xbox One","action-adventure game, first-person shooter"
Far East of Eden: Kabuki Klash,,Neo Geo,fighting game
FarmVille,2009-10-11,"iOS, web browser","role-playing video game, simulation video game"
Farmerama,2009-10-09,Microsoft Windows,"role-playing video game, simulation video game"
Faselei!,1999-01-01,Neo Geo Pocket,turn-based strategy video game
Fast Food,1987-12-01,"Amstrad CPC, DOS, ZX Spectrum",maze video game
Fatal Fury 2,1992-12-12,"PlayStation, Super Nintendo Entertainment System",fighting game
Fatal Fury 3: Road to the Final Victory,1995-03-27,"Microsoft Windows, Neo Geo, arcade video game",fighting game
Fatal Fury Special,1993-09-16,"Neo Geo, PlayStation, PlayStation Portable, Super Nintendo Entertainment System, TurboGrafx-16, arcade video game, iOS",fighting game
Fatal Fury: King of Fighters,1991-11-25,"Neo Geo, PlayStation, PlayStation Portable, Super Nintendo Entertainment System, arcade video game",fighting game
Fatal Fury: Wild Ambition,1999-01-28,"PlayStation 2, PlayStation Portable, arcade video game",fighting game
Fatal Racing,1996-01-31,DOS,"racing video game, vehicular combat game"
Fate,2005-05-18,"Microsoft Windows, macOS",action role-playing game
Fate/Extra,2010-07-22,PlayStation Portable,"role-playing video game, visual novel"
Fate/stay night,2004-01-01,"Microsoft Windows, PlayStation 4, PlayStation Vita, iOS","Chuunige, dark fantasy video game, eroge, psychological thriller video game, urban fantasy video game, visual novel"
Fate/unlimited codes,2008-06-11,"PlayStation 4, PlayStation Portable, arcade video game","fantasy anime and manga, fighting game"
Fate: Gates of Dawn,1991-01-01,Atari ST,role-playing video game
Fate: Undiscovered Realms,2008-07-17,Microsoft Windows,"action role-playing game, roguelike, role-playing video game"
Fatman: The Caped Consumer,1993-01-01,Microsoft Windows,action game
Faxanadu,1987-11-16,Nintendo Entertainment System,action role-playing game
Fear Effect,2000-02-24,"Microsoft Windows, PlayStation 2","LGBT-themed video game, action-adventure game, cyberpunk video game"
Fear Effect 2: Retro Helix,2001-02-21,"Microsoft Windows, PlayStation 2","LGBT-themed video game, action-adventure game, cyberpunk video game, video game with LGBT character, yuri game"
Feeding Frenzy,2004-02-11,"Microsoft Windows, PlayStation 3, Xbox One, macOS",action game
Feet of Fury,2003-06-07,Unknown,music video game
Fever Pitch Soccer,1995-01-01,"PlayStation, Super Nintendo Entertainment System",association football video game
Fiendish Freddy's Big Top O'Fun,1990-01-01,"Amstrad CPC, Atari ST, Commodore 64, DOS, IBM Personal Computer, ZX Spectrum",action game
Fight for Life,1996-01-15,Atari Jaguar,fighting game
Fighting Force,1997-10-31,"Microsoft Windows, Nintendo 64, PlayStation 2",beat 'em up
Fighting Masters,1991-12-06,PlayStation,fighting game
Fin Fin on Teo the Magic Planet,1996-01-01,Microsoft Windows,digital pet
Final Approach,2004-01-01,PlayStation 4,visual novel
Final Fantasy,1987-12-18,"MSX, Nintendo Entertainment System, PlayStation 2, PlayStation Portable, Wii, Windows Phone, iOS",role-playing video game
Final Fantasy Anthology,1999-10-05,PlayStation 2,role-playing video game
Final Fantasy Crystal Chronicles,2003-08-08,"Nintendo GameCube, iOS",role-playing video game
Final Fantasy Crystal Chronicles: Ring of Fates,2007-08-23,Nintendo DS,action-adventure game
Final Fantasy Dimensions,2010-09-06,iOS,role-playing video game
Final Fantasy Fables: Chocobo Tales,2006-12-14,Nintendo DS,action-adventure game
Final Fantasy II,1988-12-17,"Nintendo Entertainment System, PlayStation 2, PlayStation Portable, iOS",role-playing video game
Final Fantasy III,1990-04-27,"Microsoft Windows, Nintendo Entertainment System, Virtual Console",role-playing video game
Final Fantasy IV,1991-11-01,"Microsoft Windows, Nintendo DS, PlayStation 2, PlayStation Portable, Super Nintendo Entertainment System, iOS","role-playing video game, turn-based Japanese role-playing game"
Final Fantasy Legend II,1990-12-14,"Game Boy, Nintendo DS",role-playing video game
Final Fantasy Legend III,1991-12-13,"Game Boy, Nintendo DS",role-playing video game
Final Fantasy Mystic Quest,1992-10-05,"Super Nintendo Entertainment System, Virtual Console, Wii U",role-playing video game
Final Fantasy Tactics Advance,2003-02-14,Unknown,tactical role-playing game
Final Fantasy Tactics: The War of the Lions,2007-05-10,iOS,tactical role-playing game
Final Fantasy Type-0,2011-10-27,"Microsoft Windows, PlayStation Portable",action role-playing game
Final Fantasy V,1992-12-06,"Microsoft Windows, PlayStation 2, PlayStation Portable, Super Nintendo Entertainment System, iOS",role-playing video game
Final Fantasy VI,1994-04-02,"Microsoft Windows, PlayStation 2, PlayStation Portable, Super Nintendo Entertainment System, Virtual Console, iOS","post-apocalyptic video game, role-playing video game, turn-based Japanese role-playing game"
Final Fantasy VII,2015-12-05,"Microsoft Windows, PlayStation 2, iOS","cyberpunk video game, role-playing video game"
Final Fantasy VIII,1999-02-11,"Microsoft Windows, PlayStation 2, iOS","role-playing video game, video game with LGBT character"
Final Fantasy X,2001-07-19,"PlayStation 3, PlayStation 4, PlayStation Vita",role-playing video game
Final Fantasy XII,2006-03-16,"Microsoft Windows, PlayStation 4",role-playing video game
Final Fantasy XII: Revenant Wings,2007-04-26,Nintendo DS,tactical role-playing game
Final Fantasy XIII,2009-12-17,"Microsoft Windows, PlayStation 3, Xbox One, iOS","role-playing video game, science fiction video game"
Final Fantasy XIII-2,2011-12-15,"Microsoft Windows, PlayStation 3, Xbox One, iOS",role-playing video game
Final Fantasy XIV,2010-09-30,"Microsoft Windows, PlayStation 3, Xbox Series X and Series S, macOS",massively multiplayer online role-playing game
Final Fantasy XV,2016-11-29,Microsoft Windows,action role-playing game
Final Fight,1992-12-10,"Amstrad CPC, Atari ST, Commodore 64, PlayStation, PlayStation Portable, Super Nintendo Entertainment System, ZX Spectrum, arcade video game, iOS","beat 'em up, video game with LGBT character"
Final Fight 2,1993-01-01,Super Nintendo Entertainment System,beat 'em up
Final Fight Revenge,2000-03-30,arcade video game,"fighting game, video game with LGBT character"
FinnWars,2004-02-07,"Microsoft Windows, macOS",first-person shooter
Fire Blade,2002-06-28,"Nintendo GameCube, PlayStation 4","action-adventure game, flight simulation video game"
Fire Emblem: New Mystery of the Emblem,2010-07-15,Nintendo DS,tactical role-playing game
Fire Emblem: Shadow Dragon and the Blade of Light,1990-04-20,"Nintendo 3DS, Nintendo Entertainment System, Wii, Wii U",tactical role-playing game
Fire Emblem: The Blazing Blade,2003-04-25,Wii U,tactical role-playing game
Fire Emblem: The Sacred Stones,2004-10-07,"Nintendo 3DS, Wii U",tactical role-playing game
Fire Shark,1989-11-01,"Microsoft Windows, PlayStation, arcade video game, macOS",vertically scrolling shooter
Fire and Ice,1992-01-01,"Amiga 1200, Amiga CD32, Atari ST, DOS",platformer
Firefall,2011-01-01,Microsoft Windows,"first-person shooter, third-person shooter"
First Kiss Story,1998-04-24,PC-FX,visual novel
First Samurai,1993-07-02,"Commodore 64, DOS, Microsoft Windows, Super Nintendo Entertainment System, iOS","action game, action-adventure game, adventure video game, platformer"
Fish Fillets NG,1997-04-07,"Microsoft Windows, macOS",puzzle video game
FishVille,,Facebook,simulation video game
Fist of the North Star,2007-03-29,PlayStation 4,"fighting game, post-apocalyptic video game"
Flashback,1992-01-01,"3DO, Acorn Archimedes, Classic Mac OS, DOS, Mac operating system, Microsoft Windows, Philips CD-i, PlayStation, Super Nintendo Entertainment System, iOS, macOS","action game, cinematic platformer, cyberpunk video game, puzzle video game, science fiction video game"
FlatOut 2,2006-06-30,"Microsoft Windows, PlayStation 4, PlayStation Portable, macOS",racing video game
FlatOut: Ultimate Carnage,2007-07-22,"Microsoft Windows, PlayStation Portable, Xbox One","racing video game, vehicular combat game"
Flicky,1991-01-01,"FM-7, MSX, Microsoft Windows, NEC PC-8800 series, PC-8000 series, PlayStation, SG-1000, Sharp MZ-2000, Sharp MZ-2500, Sharp X1, arcade video game, macOS",action game
Flight Control,2009-03-05,"Microsoft Windows, PlayStation 3, Windows Phone, iOS, macOS",time management video game
Flight Unlimited,1995-06-07,"Classic Mac OS, DOS, Microsoft Windows",vehicle simulation game
Flight of the Amazon Queen,1995-01-01,"DOS, iOS",adventure video game
Flintstones Jetsons: Timewarp,1994-01-01,Philips CD-i,Unknown
Flip & Flop,1983-01-01,"Atari 8-bit family, Commodore 64",platformer
Flood,1990-01-01,Atari ST,platformer
Floor 13,1992-01-01,DOS,"dystopian fiction, film noir, gallows humor, propaganda, satirical video game, strategy video game"
Fly!,1999-01-01,"Classic Mac OS, Microsoft Windows, macOS",Unknown
Flyff,2005-12-25,Microsoft Windows,fantasy video game
Flying Shark,1987-03-06,"Amstrad CPC, Atari ST, Commodore 64, DOS, FM Towns, Microsoft Windows, Nintendo Entertainment System, Sharp X68000, ZX Spectrum, arcade video game, macOS",vertically scrolling shooter
Foldit,2008-01-01,"Microsoft Windows, macOS",puzzle video game
FooBillard,2002-01-01,"Microsoft Windows, macOS",sports video game
Football Glory,1994-01-01,DOS,association football video game
Football Manager 2011,2010-11-05,"Microsoft Windows, PlayStation Portable, iOS, macOS","association football management game, association football video game"
Football Superstars,2008-12-31,Microsoft Windows,association football video game
For King and Country,2006-09-01,web browser,Unknown
Forbidden Forest,1983-01-01,Commodore 64,action game
Forbidden Quest,1983-01-01,"Apple II series, Atari ST, Classic Mac OS, PC booter",Unknown
Forge of Empires,2012-04-17,"Microsoft Windows, iOS, personal computer, web browser","online game, strategy video game"
Forgotten Realms: Unlimited Adventures,1993-03-17,"Classic Mac OS, DOS, Microsoft Windows","game creation system, role-playing video game"
Formula One 04,2004-09-22,PlayStation 4,racing video game
Formula One 05,2005-09-22,PlayStation 4,racing video game
Formula One 99,1999-10-20,"Microsoft Windows, PlayStation 2",racing video game
Formula One Championship Edition,2006-12-28,PlayStation 3,sim racing
Formula One Grand Prix,1992-01-01,"Atari ST, DOS, Microsoft Windows",sim racing
Forsaken,1998-04-30,"Microsoft Windows, Nintendo 64, PlayStation 2",first-person shooter
Fort Apocalypse,1982-01-01,"Atari 8-bit family, Commodore 64",action game
Fortune Arterial,2008-01-25,Microsoft Windows,"eroge, harem, visual novel"
Forza Motorsport,2005-05-03,Unknown,sim racing
Forza Motorsport 2,2007-05-24,Xbox One,sim racing
Forza Motorsport 3,2009-10-22,Xbox One,sim racing
Forza Motorsport 4,2011-10-11,Xbox One,sim racing
Fracture,2008-10-07,"PlayStation 3, Xbox One","science fiction video game, third-person shooter"
Fragile Allegiance,1997-03-31,"DOS, Microsoft Windows","4X, real-time strategy, science fiction video game"
Frak!,1984-01-01,"Acorn Electron, Commodore 64",platformer
Frank Herbert's Dune,2001-11-01,"Microsoft Windows, PlayStation 4",action-adventure game
Freddy Pharkas: Frontier Pharmacist,1993-01-01,"Classic Mac OS, DOS, Microsoft Windows, Windows 3.x",adventure video game
Free Realms,2009-04-28,"Microsoft Windows, PlayStation 3, macOS",massively multiplayer online game
FreeCell,,Unknown,Unknown
FreeCol,2009-05-12,"Java virtual machine, Microsoft Windows, macOS",turn-based strategy video game
FreeOrion,2004-03-06,"Microsoft Windows, macOS",4X
FreeSpace 2,1999-09-30,Microsoft Windows,"science fiction video game, space flight simulation game"
Freedom Fighters,2003-09-26,"Microsoft Windows, Nintendo GameCube, PlayStation 4",third-person shooter
Freedom Force vs the 3rd Reich,2005-03-08,Microsoft Windows,"real-time tactics, tactical role-playing game"
FreedroidRPG,2016-04-02,"Microsoft Windows, macOS",role-playing video game
Freekick,,web browser,Unknown
Freelancer,2003-03-04,"Microsoft Windows, personal computer","science fiction video game, space flight simulation game, space trading and combat game"
Freewar,2003-11-10,web browser,role-playing video game
Freeze!,2012-11-01,iOS,puzzle video game
Frets on Fire,2006-08-03,"Microsoft Windows, macOS","music video game, rhythm game"
Frisky Tom,1981-01-01,arcade video game,action game
Frogger,1981-01-01,"Atari 2600, Atari 5200, Classic Mac OS, ColecoVision, Commodore 64, Commodore VIC-20, Game Boy, Game Boy Color, MSX, Microsoft Windows, Nintendo DS, PlayStation, PlayStation 2, PlayStation 3, Super Nintendo Entertainment System, TRS-80 Model I, Windows Phone, ZX Spectrum, iOS",action game
Frogger's Adventures: The Rescue,2003-10-21,"Microsoft Windows, Nintendo GameCube, PlayStation 4",action-adventure game
Frogger: Helmet Chaos,2005-09-29,Nintendo DS,"action-adventure game, platformer"
From Russia with Love,2005-11-01,"Nintendo GameCube, PlayStation 4, PlayStation Portable",third-person shooter
From TV Animation - One Piece: Grand Battle!,2001-03-15,PlayStation 2,action game
Front Line,1982-01-01,"Atari 2600, ColecoVision, Nintendo Entertainment System",shoot 'em up
Front Mission 2,1997-09-25,PlayStation 2,"mecha video game, tactical role-playing game"
Front Mission 5: Scars of the War,2005-12-29,PlayStation 4,"mecha video game, tactical role-playing game"
Front Mission Evolved,2010-09-28,"Microsoft Windows, PlayStation 3, Xbox One","mecha video game, third-person shooter, vehicle simulation game"
Front Mission Series: Gun Hazard,1996-02-23,Super Nintendo Entertainment System,"horizontally scrolling shooter, mecha video game, shoot 'em up"
Frontier: Elite II,1993-10-01,"Amiga 1200, Atari ST, DOS","action game, space flight simulation game, space trading and combat game"
Frontier: First Encounters,1995-04-16,DOS,"space flight simulation game, space trading and combat game"
Frontlines: Fuel of War,2008-02-25,"Microsoft Windows, Xbox One",first-person shooter
Frozen Bubble,2002-02-08,"Classic Mac OS, Java virtual machine, Microsoft Windows, Symbian, Windows Phone, macOS",puzzle video game
Fruit Ninja,2010-04-21,"Microsoft Windows, PlayStation Vita, Windows Phone, Xbox One, iOS",arcade
Full Contact,1991-07-01,Unknown,action game
Full Metal Planet,1989-01-01,Atari ST,strategy video game
Full Throttle,1995-04-30,"Classic Mac OS, DOS, Microsoft Windows, iOS, macOS",adventure video game
Fullmetal Alchemist: Dual Sympathy,2005-07-21,Nintendo DS,action game
FunOrb,,Java virtual machine,Unknown
Fury of the Furries,1993-01-01,"Classic Mac OS, DOS",action game
Futurama,2003-08-01,PlayStation 4,"platformer, science fiction video game"
Future Cop: LAPD,1998-08-31,"Classic Mac OS, Microsoft Windows, PlayStation 2","cyberpunk video game, science fiction video game, third-person shooter"
Future Wars,1989-01-01,"Atari ST, DOS, NEC PC-9800 series, Sharp X68000","point-and-click adventure, science fiction video game"
Fuzion Frenzy 2,2007-01-30,Xbox One,Unknown
G-Darius,1998-04-09,"Microsoft Windows, PlayStation 2, arcade video game",shoot 'em up
G-Force,2009-07-21,"Microsoft Windows, Nintendo DS, PlayStation 3, PlayStation 4, PlayStation Portable, Wii, Xbox One, iOS","action game, platformer"
G-Man,1986-01-01,Commodore 16 and Plus/4,platformer
G-Police,1997-09-30,"Microsoft Windows, PlayStation 2","cyberpunk video game, first-person shooter"
G-senjou no Maou - The Devil on G-String,2008-05-29,Microsoft Windows,"eroge, visual novel"
G.I. Joe: The Rise of Cobra,2009-08-04,"Nintendo DS, PlayStation 3, PlayStation 4, Wii, Xbox One",action game
G.U.T.Z.,1988-01-01,"Commodore 64, ZX Spectrum",action-adventure game
GL-117,2005-03-12,"Microsoft Windows, macOS",flight simulation video game
GNU Go,,"Mac operating system, Microsoft Windows, macOS",Unknown
GT Legends,2005-10-15,Microsoft Windows,racing video game
GTR – FIA GT Racing Game,2004-01-01,Microsoft Windows,racing video game
Gain Ground,1991-01-03,"Microsoft Windows, PlayStation, Sega Mega-Tech, TurboGrafx-16, macOS","action game, real-time tactics, strategy video game, tactical shooter"
Galactic Civilizations,2003-03-26,Microsoft Windows,"4X, science fiction video game, space opera video game, strategy video game, turn-based strategy video game"
Galaga,1981-01-01,"Atari 7800, Commodore 64, Famicom Disk System, MSX, Microsoft Windows, Namco Galaga, Nintendo Entertainment System, SG-1000, iOS",shoot 'em up
Galaga '88,1987-12-01,"TurboGrafx-16, arcade video game",shoot 'em up
Galaxy Game,1971-01-01,arcade video game,shoot 'em up
Galaxywars,2001-01-01,web browser,Unknown
Galerians,1999-08-26,PlayStation 2,"cyberpunk video game, post-apocalyptic video game, survival horror"
Gall Force,1986-01-01,MSX,"adventure anime and manga, science fiction anime and manga"
Game Party,2007-11-27,Wii,party video game
Game of Thrones,2012-05-15,"Microsoft Windows, PlayStation 3, Xbox One","action role-playing game, role-playing video game"
Ganbare Ginkun,,arcade video game,Unknown
Ganbare Goemon 2: Kiteretsu Shōgun Magginesu,1993-12-22,Super Nintendo Entertainment System,action-adventure game
Gangbusters,1982-01-01,Commodore 64,"simulation video game, tabletop role-playing game"
Gangstar: Crime City,2006-01-01,"Java Platform, Micro Edition, Java virtual machine",third-person shooter
Gangsters 2,2001-06-01,Microsoft Windows,strategy video game
Gangsters: Organized Crime,1998-11-30,Microsoft Windows,strategy video game
Ganso Saiyūki: Super Monkey Daibōken,1986-11-21,Nintendo Entertainment System,platformer
Gardens of Time,,web browser,simulation video game
Garfield: The Bound for Home,2006-02-24,Nintendo DS,Unknown
Gargoyle's Quest,1990-05-02,Game Boy,platformer
Garou: Mark of the Wolves,1999-11-26,"Microsoft Windows, Neo Geo, PlayStation 4, PlayStation Portable, iOS",fighting game
Garry's Mod,2006-11-29,"Microsoft Windows, macOS","first-person shooter, physics game, sandbox game"
Gate 88,2005-01-01,"Microsoft Windows, macOS",space simulator
Gateway to Apshai,1983-01-01,"Atari 8-bit family, ColecoVision, Commodore 64",action-adventure game
Gauntlet,1985-11-01,"Amstrad CPC, Apple IIGS, Atari 8-bit family, Atari ST, Classic Mac OS, Commodore 64, DOS, MSX, Nintendo DS, ZX Spectrum, arcade video game, macOS",role-playing video game
Gauntlet Dark Legacy,2001-05-01,"Nintendo GameCube, PlayStation 4, arcade video game",role-playing video game
Gauntlet III: The Final Quest,1991-01-01,"Amstrad CPC, Atari ST, Commodore 64, ZX Spectrum",hack and slash
Gauntlet Legends,1999-08-31,"Nintendo 64, PlayStation 2, arcade video game",hack and slash
Gears of War 2,2008-11-07,Xbox One,"post-apocalyptic video game, third-person shooter"
Gears of War 3,2011-09-20,Xbox One,"post-apocalyptic video game, third-person shooter"
GeneRally,2002-05-16,Microsoft Windows,racing video game
Generations Lost,1994-01-01,PlayStation,"action game, platformer"
Genewars,1996-09-30,"DOS, Microsoft Windows",real-time strategy
Geniu$: The Tech Tycoon Game,2008-12-31,Microsoft Windows,strategy video game
Genji: Days of the Blade,2006-11-11,PlayStation 3,action-adventure game
German Truck Simulator,2010-01-13,Microsoft Windows,truck simulation video game
GetAmped,2004-12-13,Microsoft Windows,"action game, massively multiplayer online game"
Gex: Enter the Gecko,1998-01-31,"Game Boy Color, Microsoft Windows, Nintendo 64, PlayStation 2",3D platform game
Ghost Lion,1989-07-14,Nintendo Entertainment System,role-playing video game
Ghost in the Shell,1997-07-17,"Microsoft Windows, PlayStation 2, macOS","cyberpunk video game, third-person shooter"
Ghostbusters: The Video Game,2009-06-16,"Microsoft Windows, Nintendo DS, PlayStation 3, PlayStation 4, PlayStation Portable, Wii, Xbox One",action-adventure game
Ghosthunter,2003-12-05,PlayStation 4,third-person shooter
Ghosts 'n Goblins,1985-10-01,"Amstrad CPC, Atari ST, Commodore 64, Game Boy Color, Nintendo Entertainment System, PlayStation 3, ZX Spectrum",platformer
Ghoul School,1992-03-01,Nintendo Entertainment System,"Metroidvania, action game, halloween video game, survival horror"
Ghouls 'n Ghosts,1988-10-05,"Amstrad CPC, Atari ST, Commodore 64, PlayStation, TurboGrafx-16, ZX Spectrum, arcade video game","hack and slash, platformer"
Giana Sisters DS,2009-04-03,"Microsoft Windows, Nintendo DS, iOS, macOS",platformer
Gift,2005-01-01,"Microsoft Windows, OOParts, PlayStation 4, PlayStation Portable, iOS","drama anime and manga, eroge, fantasy anime and manga, harem, romance anime and manga, visual novel"
Giftpia,2003-04-25,Nintendo GameCube,"adventure video game, role-playing video game"
Giga Wing,1999-11-11,arcade video game,shoot 'em up
Giga Wing 2,2001-01-18,arcade video game,shoot 'em up
Gimmick!,1992-01-31,"Microsoft Windows, Nintendo Entertainment System, PlayStation 2",platformer
Giten Megami Tensei: Tokyo Mokushiroku,1997-04-04,"Microsoft Windows, NEC PC-9800 series",role-playing video game
Gladiatus,2007-01-01,iOS,strategy video game
Glest,2004-12-25,Microsoft Windows,real-time strategy
Glory of the Roman Empire,2006-06-26,Microsoft Windows,city-building game
Glove on Fight,2002-05-12,Microsoft Windows,"crossover fiction, fighting game"
Gnop!,1990-01-01,Mac operating system,sports video game
Go Vacation,2011-10-11,Wii,"party video game, sports video game"
GoSupermodel,2006-01-26,web browser,Unknown
Goalunited,2006-01-01,iOS,association football video game
God of War,2005-03-22,"PlayStation 3, PlayStation 4, PlayStation Vita",action-adventure game
God of War III,2010-03-16,PlayStation 3,"action-adventure game, hack and slash"
God of War: Betrayal,2007-06-20,"Java Platform, Micro Edition, Java virtual machine","action-adventure game, hack and slash, side-scrolling video game"
God of War: Chains of Olympus,2008-03-04,"PlayStation 3, PlayStation Portable","action game, hack and slash"
God of War: Ghost of Sparta,2010-11-02,"PlayStation 3, PlayStation Portable",hack and slash
Gods,1991-01-01,"Acorn Archimedes, Atari ST, DOS, Microsoft Windows, PlayStation, Super Nintendo Entertainment System, macOS",platformer
Godzilla Trading Battle,1998-12-03,PlayStation 2,action game
Godzilla: Battle Legends,1994-02-26,TurboDuo,fighting game
Gokujo Parodius,1994-04-26,"Super Nintendo Entertainment System, arcade video game",shoot 'em up
Golden Axe III,1993-06-25,"Microsoft Windows, PlayStation, iOS, macOS","hack and slash, side-scrolling beat 'em up"
Golden Sun,2001-08-01,Unknown,role-playing video game
Golden Sun: Dark Dawn,2010-11-29,Nintendo DS,role-playing video game
GoldenEye 007,1997-08-23,Nintendo 64,first-person shooter
GoldenEye: Rogue Agent,2004-11-22,"Nintendo DS, Nintendo GameCube, PlayStation 4",first-person shooter
Golf Grand Slam,1991-01-31,Nintendo Entertainment System,sports video game
Gon: Baku Baku Baku Baku Adventure,2012-06-14,Nintendo 3DS,action game
Goosebumps HorrorLand,2008-10-01,"Nintendo DS, PlayStation 4, Wii",Unknown
Gorf,1981-01-01,"Atari 2600, Atari 5200, Atari 8-bit family, ColecoVision, Commodore 64, Commodore VIC-20, arcade video game",shoot 'em up
Gorillas,1990-01-01,"DOS, macOS",artillery game
Gorky 17,1999-11-30,"Microsoft Windows, macOS","biopunk, post-apocalyptic video game, tactical role-playing game"
Gothic,2001-03-15,Microsoft Windows,"action role-playing game, role-playing video game"
Gothic 3,2006-10-13,Microsoft Windows,role-playing video game
Graal Online,1998-01-17,Unknown,massively multiplayer online role-playing game
Grabbed by the Ghoulies,2003-10-21,Unknown,beat 'em up
Gradius,1985-05-29,"Amstrad CPC, Commodore 64, MSX, NEC PC-8800 series, Nintendo Entertainment System, Sharp X68000, TurboGrafx-16, Wii U, ZX Spectrum, arcade video game",shoot 'em up
Gradius II: Gofer's Ambition,1988-03-24,"Nintendo Entertainment System, TurboGrafx-16, arcade video game",shoot 'em up
Gradius III,1989-01-01,arcade video game,shoot 'em up
Gradius IV,1999-02-04,arcade video game,shoot 'em up
Gradius V,2004-07-22,PlayStation 4,shoot 'em up
Gran Trak 10,1974-01-01,arcade video game,racing video game
Gran Turismo,2009-10-01,PlayStation Portable,racing video game
Gran Turismo 2,1999-12-11,PlayStation 2,racing video game
Gran Turismo 3: A-Spec,2001-04-28,PlayStation 4,racing video game
Gran Turismo 4,2004-12-28,PlayStation 4,racing video game
Gran Turismo 5,2010-11-24,PlayStation 3,sim racing
Gran Turismo Concept,2002-01-01,PlayStation 4,racing video game
Granado Espada,2006-02-14,Microsoft Windows,fantasy video game
Grand Chase,2003-08-01,Microsoft Windows,"fighting game, massively multiplayer online game, platformer, side-scrolling video game"
Grand Monster Slam,1989-01-01,"Atari ST, Commodore 64, DOS",sports video game
Grand Prix World,,Microsoft Windows,racing video game
Grand Slam Tennis 2,2012-02-10,"PlayStation 3, Xbox One",tennis video game
Grandia II,2000-08-03,"Microsoft Windows, PlayStation 4",role-playing video game
Gravity Bone,2008-08-28,Microsoft Windows,action-adventure game
Gravity Force,1989-01-01,Atari ST,shoot 'em up
Gray Matter,2010-10-29,"Microsoft Windows, Xbox One",graphic adventure game
Green Green,2001-10-05,"Microsoft Windows, PlayStation 4","bishōjo game, eroge, visual novel"
Grepolis,2010-02-01,Microsoft Windows,strategy video game
Grid 2,2013-05-27,"Microsoft Windows, PlayStation 3, Xbox One",racing video game
Grim Fandango,1998-10-30,"Microsoft Windows, PlayStation Vita, iOS, macOS","graphic adventure game, neo-noir video game"
GrimGrimoire,2007-04-12,"PlayStation 3, PlayStation 4","real-time strategy, video game with LGBT character"
Grotesque Tactics: Evil Heroes,2010-06-17,Microsoft Windows,tactical role-playing game
Ground Control,2000-06-01,Microsoft Windows,real-time tactics
Growl,1991-01-01,"PlayStation, arcade video game",beat 'em up
Growlanser,1999-11-25,"Microsoft Windows, PlayStation 2, PlayStation Portable",role-playing video game
Guardian Cross,2012-09-13,iOS,card video game
Guardians,1995-01-01,arcade video game,beat 'em up
Guerrilla War,1987-01-01,"Amstrad CPC, Atari ST, Commodore 64, Nintendo Entertainment System, ZX Spectrum",shoot 'em up
Guild Wars 2,2012-08-28,"Microsoft Windows, macOS","LGBT-themed video game, massively multiplayer online role-playing game, video game with LGBT character"
Guilty Gear 2: Overture,2007-11-29,"Microsoft Windows, Xbox One",action-adventure game
Guilty Gear Dust Strikers,2006-04-25,Nintendo DS,fighting game
Guinness World Records: The Videogame,2008-11-07,"Nintendo DS, Wii, iOS",Unknown
Guitar Freaks,1998-01-01,"PlayStation 2, arcade video game",rhythm game
Guitar Hero,2005-11-08,PlayStation 4,"music video game, rhythm game"
Guitar Hero 5,2009-09-01,"PlayStation 3, PlayStation 4, Wii, Xbox One",music video game
Guitar Hero III: Legends of Rock,2007-10-28,"Microsoft Windows, PlayStation 3, PlayStation 4, Wii, Xbox One, macOS",music video game
Guitar Hero World Tour,2008-10-26,"Microsoft Windows, PlayStation 3, PlayStation 4, Wii, Xbox One, macOS",rhythm game
Guitar Hero: Warriors of Rock,2010-09-24,"PlayStation 3, Wii, Xbox One",rhythm game
Gun,2005-11-05,"Microsoft Windows, Nintendo GameCube, PlayStation 4, PlayStation Portable, Xbox One","action-adventure game, third-person shooter"
Gun Fight,1975-01-01,arcade video game,shoot 'em up
Gun.Smoke,1985-11-01,"Amstrad CPC, Commodore 64, Famicom Disk System, MSX, Nintendo Entertainment System, PlayStation 3, ZX Spectrum, arcade video game",shoot 'em up
GunBound,2007-09-27,Microsoft Windows,artillery game
GunZ: The Duel,2009-05-01,Microsoft Windows,"massively multiplayer online game, third-person shooter"
Gundam Side Story 0079: Rise from the Ashes,1999-08-26,Unknown,"action game, mecha video game"
Gungrave,2002-07-18,PlayStation 4,"science fiction video game, third-person shooter"
Gunman Chronicles,2000-11-20,Microsoft Windows,"biopunk, first-person shooter"
Gunparade March,2000-09-28,PlayStation 2,"mecha video game, tactical role-playing game"
Gunstar Heroes,1993-09-09,PlayStation,"post-apocalyptic video game, run and gun, science fiction video game"
Gunvalkyrie,2002-03-18,Unknown,"science fiction video game, third-person shooter"
Guren,1999-11-18,Microsoft Windows,"eroge, role-playing video game, visual novel"
Gurumin: A Monstrous Adventure,2004-12-25,"Microsoft Windows, Nintendo 3DS",role-playing video game
Gynoug,1991-01-25,PlayStation,shoot 'em up
Gyromite,1985-08-13,Nintendo Entertainment System,"platformer, puzzle video game"
Gyruss,1988-11-18,"Atari 2600, Atari 5200, ColecoVision, Commodore 64, Famicom Disk System, Nintendo Entertainment System, PlayStation 2, Xbox One",tube shooter
H2O: Footprints in the Sand,,"Microsoft Windows, PlayStation 4","crossover fiction, eroge, visual novel"
Habbo,2000-09-22,web browser,massively multiplayer online social game
Hack,1982-01-01,cross-platform,roguelike
Hacker,1985-01-01,"Amstrad CPC, Classic Mac OS, Commodore 64, DOS, MSX, ZX Spectrum","cyberpunk video game, puzzle video game"
Half-Life,1998-11-19,"Microsoft Windows, PlayStation 4, macOS","first-person shooter, science fiction video game"
Half-Life 2,2004-11-16,"Microsoft Windows, PlayStation 3, Xbox One, macOS","first-person shooter, post-apocalyptic video game, science fiction horror, science fiction video game"
Half-Life 2: Deathmatch,2004-11-30,"Microsoft Windows, macOS","first-person shooter, post-apocalyptic video game"
Half-Life 2: Episode One,2006-06-01,"Microsoft Windows, PlayStation 3, Xbox One, macOS","first-person shooter, post-apocalyptic video game, science fiction video game"
Half-Life 2: Episode Two,2007-10-10,"Microsoft Windows, PlayStation 3, Xbox One, macOS","first-person shooter, post-apocalyptic video game, science fiction video game"
Half-Life 2: Lost Coast,2005-10-27,"Microsoft Windows, macOS","first-person shooter, post-apocalyptic video game"
Half-Life 2: Survivor,2006-06-28,arcade video game,first-person shooter
Half-Life: Blue Shift,2001-06-12,"Microsoft Windows, macOS","first-person shooter, science fiction video game"
Half-Life: Decay,2001-11-14,PlayStation 4,"first-person shooter, science fiction video game"
Half-Life: Opposing Force,1999-11-19,"Microsoft Windows, macOS","first-person shooter, science fiction video game"
Half-Life: Source,2004-11-16,"Microsoft Windows, macOS",first-person shooter
Halls of the Things,1983-01-01,"Amstrad CPC, Commodore 64, ZX Spectrum",arcade
Halo 3,2007-09-25,"Microsoft Windows, Xbox One","first-person shooter, science fiction video game"
Halo Wars,2009-02-26,"Microsoft Windows, Xbox One",real-time strategy
Halo: Reach,2010-09-14,"Microsoft Windows, Xbox One",first-person shooter
Hamlet,2010-04-08,"Microsoft Windows, iOS",adventure video game
Hamurabi,1969-01-01,HP 3000,"construction and management simulation, strategy video game"
Hang-On,1985-07-05,"SG-1000, arcade video game",racing video game
Hanjamaru,,Microsoft Windows,massively multiplayer online role-playing game
Hannah Montana,2006-01-01,Nintendo DS,adventure video game
Hannah Montana: Spotlight World Tour,2007-11-06,"PlayStation 4, Wii",music video game
Hanse,1986-01-01,"Atari ST, Commodore 64, DOS",strategy video game
Happiness!,2005-10-21,"Microsoft Windows, PlayStation 4","eroge, harem, visual novel"
Harcon: Herr Des Lichts,1986-01-01,Commodore 64,interactive fiction
Hard Hat Mack,1983-01-01,"Amstrad CPC, Commodore 64, DOS",platformer
Hard Nova,1990-01-01,DOS,"role-playing video game, science fiction video game"
Hard Reset,2011-09-13,Microsoft Windows,"cyberpunk video game, first-person shooter, post-apocalyptic video game, twitch shooter"
Hard Truck Apocalypse,2005-12-08,Microsoft Windows,"post-apocalyptic video game, role-playing video game, truck simulation video game, vehicular combat game"
HardBall II,1989-01-01,"Classic Mac OS, DOS",baseball video game
HardBall!,1985-01-01,"Apple IIGS, Atari ST, Commodore 64, DOS, MSX, PlayStation, ZX Spectrum",sports video game
Hardwar,1998-01-01,personal computer,"cyberpunk video game, flight simulation video game, science fiction video game, space trading and combat game"
Harrier Attack,1983-01-01,"Amstrad CPC, Commodore 64, ZX Spectrum",flight simulation video game
Harry Potter and the Chamber of Secrets,2002-11-05,"Game Boy Color, Mac operating system, Microsoft Windows, Nintendo GameCube, PlayStation 2, PlayStation 4, macOS",action-adventure game
Harry Potter and the Goblet of Fire,2005-11-08,"Microsoft Windows, Nintendo DS, Nintendo GameCube, PlayStation 4, PlayStation Portable",action-adventure game
Harry Potter and the Half-Blood Prince,2009-09-11,"Microsoft Windows, Nintendo DS, PlayStation 3, PlayStation 4, PlayStation Portable, Wii, Xbox One","action-adventure game, third-person shooter"
Harry Potter and the Order of the Phoenix,2007-06-25,"Microsoft Windows, PlayStation 3, PlayStation 4, PlayStation Portable, Wii, Xbox One, macOS",action-adventure game
Harry Potter and the Philosopher's Stone,2001-11-16,"Mac operating system, Microsoft Windows, Nintendo GameCube, PlayStation 2, PlayStation 4, macOS",action-adventure game
Harry Potter and the Prisoner of Azkaban,2004-05-25,"Microsoft Windows, Nintendo GameCube, PlayStation 4",action-adventure game
Haru no Ashioto,2004-07-23,"Microsoft Windows, PlayStation 4","bishōjo game, eroge, visual novel"
Haruka: Beyond the Stream of Time,2000-04-06,PlayStation 2,"otome game, role-playing video game, visual novel"
Harukanaru Toki no Naka de 3,2004-12-22,PlayStation 4,"adventure video game, otome game, visual novel"
Harvest Moon DS: Sunshine Islands,2008-02-21,Nintendo DS,construction and management simulation
Harvest Moon: Friends of Mineral Town,2003-04-18,Wii U,simulation video game
Harvester,1996-09-25,"DOS, Microsoft Windows, macOS","full motion video, horror video game, point-and-click adventure, science fiction video game"
Hatsune Miku and Future Stars: Project Mirai,2012-03-08,Nintendo 3DS,music video game
Hatsuyuki Sakura,2012-01-01,Microsoft Windows,"bishōjo game, eroge, romance adventure game, visual novel"
Hattrick,1997-08-30,web browser,"association football video game, massively multiplayer online game"
Haunted House,1982-01-01,Atari 2600,"action-adventure game, survival horror"
Haunting,2006-11-07,PlayStation,action game
Haunting Ground,2005-04-21,PlayStation 4,psychological horror fiction
Have a N.I.C.E. day!,1997-01-01,Microsoft Windows,racing video game
Haze,2008-05-20,PlayStation 3,first-person shooter
He-Man: Power of Grayskull,2002-10-29,Unknown,"action game, role-playing video game"
Head On,1979-01-01,"PlayStation 4, Zilog Z80","arcade, maze video game, racing video game"
Head over Heels,1987-01-01,"Amstrad CPC, Atari ST, Commodore 64, MSX, ZX Spectrum","action-adventure game, isometric platformer"
Heart of Darkness,1998-07-31,"Microsoft Windows, PlayStation 2",cinematic platformer
Heart of the Alien,1994-01-01,PlayStation,"platformer, science fiction video game"
Hearts of Iron,2002-11-24,"Classic Mac OS, Microsoft Windows, macOS","computer wargame, grand strategy wargame, historical video game, real-time strategy"
Hearts of Iron II,2005-01-04,"Microsoft Windows, macOS","computer wargame, grand strategy wargame, historical video game, real-time strategy"
Hearts of Iron III,2009-06-29,"Microsoft Windows, macOS","computer wargame, grand strategy wargame, historical video game, real-time strategy"
Heavenly Sword,2007-09-12,PlayStation 3,action-adventure game
Heavy Gear,1994-01-01,Unknown,"first-person shooter, tabletop role-playing game"
Heavy Metal: F.A.K.K. 2,2000-08-04,"Classic Mac OS, Microsoft Windows, macOS","action-adventure game, third-person shooter"
Heimdall,1992-01-01,"Acorn Archimedes, DOS, PlayStation",action-adventure game
Heimdall 2,1994-01-01,"Amiga CD32, DOS",action-adventure game
Hellgate: London,2007-10-31,Microsoft Windows,"action role-playing game, dark fantasy video game, post-apocalyptic video game"
Herbert,1988-01-01,Atari 8-bit family,platformer
Heretic: Shadow of the Serpent Riders,2007-08-03,"DOS, Microsoft Windows","action game, first-person shooter"
Heroes & Generals,2016-09-23,Microsoft Windows,massively multiplayer online first-person shooter
Heroes in the Sky,2009-07-01,Microsoft Windows,"massively multiplayer online game, massively multiplayer online third-person shooter"
Heroes of Gaia,2009-10-22,Unknown,"fantasy video game, massively multiplayer online role-playing game"
Heroes of Might and Magic II,1996-10-01,"Classic Mac OS, DOS, Game Boy Color, Microsoft Windows",turn-based strategy video game
Heroes of Might and Magic III: In the Wake of Gods,2001-01-01,"Microsoft Windows, personal computer",turn-based strategy video game
Heroes of Might and Magic III: The Shadow of Death,2000-03-31,"Classic Mac OS, Microsoft Windows",turn-based strategy video game
Heroes of Might and Magic Online,2008-05-30,browser game,"fantasy video game, massively multiplayer online role-playing game"
Heroes of Might and Magic V: Tribes of the East,2007-10-12,Microsoft Windows,turn-based strategy video game
Heroes of Might and Magic: A Strategic Quest,1995-08-31,"Classic Mac OS, DOS, Game Boy Color, Mac operating system, Microsoft Windows",turn-based strategy video game
Heroes of Newerth,2010-05-12,"Mac operating system, Microsoft Windows, macOS",multiplayer online battle arena
Heroes of the Lance,1988-01-01,"Amstrad CPC, Atari ST, Commodore 64, DOS, FM Towns, MSX, NEC PC-8800 series, NEC PC-9800 series, Nintendo Entertainment System, ZX Spectrum",action-adventure game
Heroes of the Pacific,2005-09-28,"Microsoft Windows, PlayStation 4",combat flight simulator game
Herzog Zwei,1989-12-15,PlayStation,real-time strategy
Hexen II,1997-08-31,"Classic Mac OS, Microsoft Windows, macOS",first-person shooter
Hexen: Beyond Heretic,1995-10-30,"Amiga 1200, Classic Mac OS, DOS, Microsoft Windows, Nintendo 64, PlayStation 2",first-person shooter
Hi-Octane,1996-12-12,"DOS, PlayStation 2","racing video game, vehicular combat game"
Hidden & Dangerous 2,2003-10-21,Microsoft Windows,first-person shooter
High Noon,1984-01-01,Commodore 64,shoot 'em up
High School Musical: Makin' the Cut!,2007-08-14,Nintendo DS,music video game
High School Musical: Sing It!,2007-10-26,"PlayStation 4, Wii",music video game
HighGrow,,Microsoft Windows,simulation video game
Hiiro no Kakera,2006-07-06,"Nintendo DS, PlayStation 3, PlayStation 4, PlayStation Portable, PlayStation Vita","otome game, visual novel"
Himawari no Kyōkai to Nagai Natsuyasumi,2013-03-29,"Microsoft Windows, PlayStation 3, PlayStation Portable","bishōjo game, eroge, romance adventure game, visual novel"
Hind,1996-01-01,"Classic Mac OS, DOS, Microsoft Windows","combat flight simulator game, helicopter simulation game"
Hitman 2: Silent Assassin,2002-09-30,"Microsoft Windows, Nintendo GameCube, PlayStation 3, PlayStation 4, Xbox One",action-adventure game
Hitman: Absolution,2012-11-20,"Microsoft Windows, PlayStation 3, Xbox One, macOS",action-adventure game
Hitman: Blood Money,2006-05-26,"Microsoft Windows, PlayStation 3, PlayStation 4, Xbox One, iOS","Christmas video game, action-adventure game, stealth game"
Hitori,,Nintendo DS,puzzle video game
Hockey Arena,2004-04-13,web browser,ice hockey management game
Hogan's Alley,1984-06-12,Nintendo Entertainment System,first-person shooter
Hogs of War,2000-06-08,"Microsoft Windows, PlayStation 2","artillery game, turn-based tactics"
Hollywood Monsters,1997-01-01,"Microsoft Windows, iOS",adventure video game
Hollywood Pictures,1995-01-01,Unknown,business simulation game
Holy Diver,1989-04-28,Nintendo Entertainment System,platformer
Homefront,2011-03-15,"Microsoft Windows, OnLive, PlayStation 3, Xbox One",first-person shooter
Homeland,2005-04-29,Nintendo GameCube,role-playing video game
Homeworld,1999-09-28,"Microsoft Windows, macOS","real-time strategy, real-time tactics, simulation video game, space flight simulation game, space opera video game, strategy video game"
Homeworld 2,2003-09-16,"Microsoft Windows, macOS","real-time strategy, simulation video game, space opera video game, strategy video game"
Hong Kong 97,1995-01-01,Super Nintendo Entertainment System,multidirectional shooter
Hoshizora e Kakaru Hashi,2010-10-15,Microsoft Windows,"bishōjo game, eroge, harem, romance adventure game, visual novel"
Hoshizora no Memoria,2009-03-27,Microsoft Windows,"Moege, eroge, romance adventure game, science fiction video game, visual novel"
Hostile Waters: Antaeus Rising,2001-03-23,Microsoft Windows,"science fiction video game, strategy video game"
Hotel Dusk: Room 215,2007-01-22,Nintendo DS,"adventure video game, visual novel"
Hotel Mario,1994-04-05,Philips CD-i,puzzle video game
Hour of Victory,2007-06-25,"Microsoft Windows, Xbox One",first-person shooter
Hover Bovver,1983-01-01,"Commodore 64, Microsoft Windows",maze video game
Hover Strike: Unconquered Lands,1995-01-01,Atari Jaguar,"science fiction video game, simulation video game"
Hover!,1995-01-01,Microsoft Windows,capture the flag
Hovertank 3D,1991-04-01,DOS,"first-person shooter, science fiction video game"
How to Train Your Dragon,2010-03-23,"Nintendo DS, PlayStation 3, Wii, Xbox One",action-adventure game
Howrse,2005-01-01,"iOS, web browser",simulation video game
Hulk,2003-05-27,"Microsoft Windows, Nintendo GameCube, PlayStation 4",action game
Hunt the Wumpus,1973-01-01,"Texas Instruments TI-99/4A, mainframe computer",survival horror
Hunter Hunted,1996-10-31,Microsoft Windows,action game
Hydrophobia,2010-09-29,"Microsoft Windows, PlayStation 3, Xbox One","action-adventure game, science fiction video game, survival horror"
Hype: The Time Quest,1999-10-31,"Microsoft Windows, PlayStation 4","action game, action-adventure game"
Hyper Force,2000-01-01,Atari Jaguar,action-adventure game
Hyper Rally,1985-01-01,MSX,racing video game
Hyper Sports,1984-05-12,"Amstrad CPC, Commodore 64, MSX, Nintendo Entertainment System, SG-1000, ZX Spectrum, arcade video game",athletics video game
Hyperdimension Neptunia,2010-08-19,"Microsoft Windows, PlayStation 3",role-playing video game
Hyperdimension Neptunia Mk2,2011-08-18,PlayStation 3,role-playing video game
I Am Alive,2012-03-07,"Microsoft Windows, PlayStation 3, Xbox One","action-adventure game, post-apocalyptic video game"
"I, Robot",1984-06-01,arcade video game,shoot 'em up
I-Alien,1987-01-01,Commodore 64,action game
I.C.U.P.S.,1986-01-01,Commodore 64,action game
ICarly 2: iJoin the Click!,2010-11-16,"Nintendo DS, Wii",adventure video game
IHF Handball Challenge 12,2011-10-28,Microsoft Windows,handball video game
IL-2 Sturmovik: Birds of Prey,2009-09-04,"Microsoft Windows, Nintendo DS, PlayStation 3, PlayStation Portable, Xbox One",combat flight simulator game
IL-2 Sturmovik: Cliffs of Dover,2011-03-25,Microsoft Windows,combat flight simulator game
IL-2 Sturmovik: Forgotten Battles,2003-03-02,Microsoft Windows,combat flight simulator game
ISS Pro Evolution,2000-06-06,PlayStation 2,association football video game
Ice Age 2: The Meltdown,2006-03-14,"Microsoft Windows, Nintendo DS, Nintendo GameCube, PlayStation 4, Wii",platformer
Ice Climber,1985-01-30,"Famicom Disk System, Nintendo Entertainment System, arcade video game",platformer
Ice Hockey,1988-01-21,"Famicom Disk System, Nintendo Entertainment System",ice hockey video game
Icewind Dale,2000-06-29,"Classic Mac OS, Microsoft Windows, iOS, macOS",role-playing video game
Icewind Dale II,2002-08-27,Microsoft Windows,role-playing video game
Ichigeki Sacchu!! HoiHoi-san,,PlayStation 4,"comedy anime and manga, mecha"
Ico,2001-09-25,"PlayStation 3, PlayStation 4",action-adventure game
Icy Tower,2001-12-22,"Java virtual machine, Microsoft Windows, macOS","action game, platformer"
Igor: Objective Uikokahonia,1994-01-01,DOS,adventure video game
Ikari III: The Rescue,1989-01-01,"Commodore 64, Nintendo Entertainment System",action game
Ikariam,2008-01-01,web browser,"massively multiplayer online game, strategy video game"
Ikaruga,2001-12-20,"Microsoft Windows, Nintendo GameCube",shoot 'em up
Ikki,1985-11-27,"Nintendo Entertainment System, arcade video game",action game
Illbleed,2001-03-29,Unknown,"action-adventure game, survival horror"
Illusion of Gaia,1993-11-27,Super Nintendo Entertainment System,"action role-playing game, role-playing video game"
Ilomilo,2010-11-08,"Microsoft Windows, Windows Phone, Xbox One",puzzle video game
Ima Sugu Oniichan ni Imōto da tte Iitai!,,Microsoft Windows,visual novel
Imagine Babyz,2007-10-23,"Nintendo 3DS, Nintendo DS",simulation video game
Immortal Cities: Children of the Nile,2004-01-01,Microsoft Windows,"city-building game, historical video game"
Imperial Glory,2006-05-12,"Microsoft Windows, macOS",real-time tactics
Imperialism,1997-08-31,"Classic Mac OS, Microsoft Windows",turn-based strategy video game
Imperium Galactica,1997-01-01,"DOS, Microsoft Windows","4X, real-time tactics, space opera video game"
Imperium Galactica II: Alliances,1999-12-01,"Microsoft Windows, iOS, macOS","4X, real-time tactics, science fiction video game"
Imperivm: Great Battles of Rome,2005-05-10,Microsoft Windows,"historical video game, real-time strategy, real-time tactics"
Impossible Creatures,2003-01-07,Microsoft Windows,real-time strategy
Impossible Mission,1984-01-01,"Amstrad CPC, Atari 7800, Commodore 64, Oric Atmos, ZX Spectrum",platformer
In the Hunt,1993-04-01,"Microsoft Windows, PlayStation 2, arcade video game",shoot 'em up
InFamous,2009-05-26,PlayStation 3,"action-adventure game, science fiction video game"
InFamous 2,2011-06-07,PlayStation 3,"action-adventure game, science fiction video game"
Inazuma Eleven,2008-08-22,"Nintendo 3DS, Nintendo DS","association football video game, role-playing video game"
Inazuma Eleven 2,2009-10-09,Nintendo DS,"association football video game, role-playing video game"
Inazuma Eleven 3,2010-07-01,"Nintendo 3DS, Nintendo DS","association football video game, role-playing video game"
Inazuma Eleven Strikers,2011-07-16,Wii,"association football video game, role-playing video game"
Incredible Crisis,1999-06-24,PlayStation 2,action game
Incubation: Time Is Running Out,1997-09-30,Microsoft Windows,"science fiction video game, turn-based tactics"
Indiana Jones and the Emperor's Tomb,2003-02-24,"Classic Mac OS, Microsoft Windows, PlayStation 4, macOS",action-adventure game
Indiana Jones and the Fate of Atlantis,1992-01-01,"Classic Mac OS, DOS, Microsoft Windows, macOS",point-and-click adventure
Indiana Jones and the Infernal Machine,1999-11-23,"Microsoft Windows, Nintendo 64","action-adventure game, puzzle video game"
Indiana Jones and the Last Crusade: The Graphic Adventure,1989-07-01,"Atari ST, CDTV, Classic Mac OS, DOS, FM Towns, Microsoft Windows, macOS",adventure video game
Indiana Jones' Greatest Adventures,1994-10-01,Super Nintendo Entertainment System,platformer
Indianapolis 500: The Simulation,1989-01-01,DOS,sim racing
Industry Giant,1998-04-14,Microsoft Windows,business simulation game
Infamous: Festival of Blood,2011-10-25,"PlayStation 3, PlayStation Portable",action-adventure game
Infernal,2007-02-23,"Microsoft Windows, Xbox One","action-adventure game, third-person shooter"
Infernal Runner,1985-09-01,"Amstrad CPC, Commodore 64","platformer, survival horror"
Inherit the Earth,1994-01-01,"Amiga CD32, Classic Mac OS, DOS, Microsoft Windows, Pocket PC, iOS, macOS","adventure video game, post-apocalyptic video game"
Initial D Arcade Stage 4,2007-02-21,arcade video game,racing video game
Initial D: Street Stage,2006-02-20,PlayStation Portable,racing video game
Injustice: Gods Among Us,2013-11-21,"PlayStation 3, PlayStation Vita, Wii U, Xbox One, iOS","crossover fiction, fighting game"
InkBall,2004-08-01,Microsoft Windows,puzzle video game
Insane,2000-01-01,Microsoft Windows,racing video game
Insector X,1988-01-01,"Nintendo Entertainment System, PlayStation, arcade video game",shoot 'em up
Intelligent Qube,1997-01-31,PlayStation 2,puzzle video game
International Karate,1985-11-01,"Amstrad CPC, Atari ST, Commodore 64, DOS, Game Boy Color, MSX, ZX Spectrum",fighting game
International Karate +,1987-01-01,"Amstrad CPC, Atari ST, Commodore 64, ZX Spectrum",fighting game
International Soccer,1983-01-01,Commodore 64,association football video game
International Superstar Soccer 3,2003-03-28,"Microsoft Windows, Nintendo GameCube, PlayStation 4",association football video game
International Superstar Soccer Pro,1997-05-02,PlayStation 2,association football video game
International Superstar Soccer Pro 98,1998-05-01,PlayStation 2,association football video game
International Track & Field,1996-05-21,PlayStation 2,athletics video game
International Track & Field 2000,1999-10-31,"Nintendo 64, PlayStation 2, PlayStation 4",athletics video game
Interstate '76,1997-03-28,Microsoft Windows,vehicular combat game
Inuyasha: A Feudal Fairy Tale,2002-12-05,PlayStation 2,fighting game
Inuyasha: Feudal Combat,2005-06-16,PlayStation 4,fighting game
Inversion,2012-06-05,"Microsoft Windows, PlayStation 3, Xbox One",third-person shooter
Invizimals,2009-11-13,PlayStation Portable,simulation video game
Iron Front: Liberation 1944,2012-05-25,Microsoft Windows,tactical shooter
Iron Man,2008-05-02,"Microsoft Windows, Nintendo DS, PlayStation 3, PlayStation 4, PlayStation Portable, Wii, Xbox One","action game, action-adventure game"
Iron Man 2,2010-04-29,"Nintendo DS, PlayStation 3, PlayStation Portable, Wii, Xbox One, iOS","action game, action-adventure game"
Iron Man and X-O Manowar in Heavy Metal,1996-01-01,DOS,action game
Irritating Stick,1998-03-19,PlayStation 2,puzzle video game
Isaku,1997-01-01,DOS,"eroge, visual novel"
Istaria: Chronicles of the Gifted,2003-12-05,Microsoft Windows,massively multiplayer online role-playing game
Itadaki Street DS,2007-06-21,Nintendo DS,puzzle video game
Ivan 'Ironman' Stewart's Super Off Road,1989-01-01,"Amstrad CPC, Atari ST, Commodore 64, DOS, Nintendo Entertainment System, PlayStation, Super Nintendo Entertainment System, ZX Spectrum",racing video game
Izumo,2001-12-21,"Microsoft Windows, PlayStation 4","bishōjo game, role-playing video game"
JFK Reloaded,2004-11-22,Microsoft Windows,"educational video game, first-person shooter, newsgame, simulation video game"
Jack Bros.,1995-09-29,Virtual Boy,"action game, halloween video game"
Jack Keane,2007-08-01,"Microsoft Windows, macOS",adventure video game
Jade Cocoon 2,2001-08-30,PlayStation 4,role-playing video game
Jade Cocoon: Story of the Tamamayu,1998-12-03,PlayStation 2,role-playing video game
Jade Empire,2005-04-12,"Mac operating system, Microsoft Windows, Xbox One, iOS, macOS","LGBT-themed video game, action role-playing game, video game with LGBT character"
Jagged Alliance,1995-01-01,"DOS, Microsoft Windows, Nintendo DS, macOS",tactical role-playing game
Jaguar XJ220,1993-03-26,PlayStation,racing video game
Jahangir Khan World Championship Squash,1991-01-01,"Atari ST, Commodore 64",sports video game
Jail Break,1986-01-01,"Commodore 64, arcade video game",action game
Jak 3,2004-11-09,"PlayStation 3, PlayStation 4, PlayStation Vita","cyberpunk video game, platformer"
Jak II,2003-10-14,"PlayStation 3, PlayStation 4, PlayStation Vita","cyberpunk video game, platformer, post-apocalyptic video game, science fiction video game"
Jak and Daxter: The Lost Frontier,2009-11-03,"PlayStation 4, PlayStation Portable",platformer
Jak and Daxter: The Precursor Legacy,2001-12-03,"PlayStation 3, PlayStation 4, PlayStation Vita",platformer
James Bond 007: Agent Under Fire,2001-11-13,"Nintendo GameCube, PlayStation 4",first-person shooter
James Bond 007: Blood Stone,2010-11-02,"Microsoft Windows, Nintendo DS, PlayStation 3, Xbox One",third-person shooter
James Bond 007: Everything or Nothing,2004-02-17,"Nintendo GameCube, PlayStation 4",third-person shooter
James Bond 007: Nightfire,2002-11-18,"Microsoft Windows, Nintendo GameCube, PlayStation 4, macOS",first-person shooter
James Bond 007: The Duel,1993-05-14,PlayStation,action game
James Bond 007: The Stealth Affair,1990-01-01,"Atari ST, DOS",adventure video game
James Cameron's Avatar: The Game,2009-12-04,"Microsoft Windows, Nintendo DS, PlayStation 3, PlayStation Portable, Wii, Xbox One, iOS","action-adventure game, adventure video game, third-person shooter"
James Pond 2: Codename: RoboCod,1991-01-01,"Acorn Archimedes, Amiga 1200, Atari ST, Commodore 64, DOS, PlayStation, PlayStation 2, PlayStation 4, Super Nintendo Entertainment System","Christmas video game, platformer"
James Pond: Underwater Agent,1990-01-01,"Acorn Archimedes, Atari ST, PlayStation",platformer
Jankenman,1991-01-01,Game Boy,action game
Japan Pro Golf Tour 64,2000-05-02,Nintendo 64,golf video game
Jaws,1987-01-01,Nintendo Entertainment System,action game
Jazz Jackrabbit,1994-01-01,"DOS, Microsoft Windows, macOS","Christmas video game, action game, platformer, side-scrolling video game"
Jazz Jackrabbit 2,1998-01-01,"Classic Mac OS, Microsoft Windows, macOS","action game, platformer, side-scrolling video game"
Jeopardy!,1987-01-01,"Commodore 64, Nintendo Entertainment System",puzzle video game
Jeremy McGrath Supercross 2000,1999-09-29,"Nintendo 64, PlayStation 2, PlayStation 4",racing video game
Jet Ace,1987-01-01,Commodore 64,shoot 'em up
Jet Force Gemini,1999-10-11,Nintendo 64,third-person shooter
Jet Li: Rise to Honor,2004-04-08,PlayStation 4,action game
Jet Set Radio Future,2002-02-22,Unknown,"action game, sports video game"
Jet Set Willy,1984-01-01,"Amstrad CPC, Atari 8-bit family, Atari ST, Commodore 64, MSX, ZX Spectrum",platformer
Jetpac,1983-01-01,"Commodore 64, Commodore VIC-20, ZX Spectrum","science fiction video game, shooter game"
Jets'n'Guns,2004-11-17,"Mac operating system, Microsoft Windows, macOS",shoot 'em up
Jewel Quest,2004-10-29,"Microsoft Windows, macOS, personal computer",puzzle video game
Jikkyō Keiba Simulation: Stable Star,1996-03-22,Super Nintendo Entertainment System,sports video game
Jim Power in Mutant Planet,1993-03-19,"Amstrad CPC, PlayStation, Super Nintendo Entertainment System, TurboGrafx-16",platformer
Jinn-Genie,1984-01-01,Commodore 64,action game
Joe Blade II,1988-01-01,"Atari ST, Commodore 64",puzzle video game
John Madden Football,1988-06-01,"Commodore 64, DOS",American football video game
John Madden Football '93,1992-01-01,"PlayStation, Super Nintendo Entertainment System",American football video game
Joint Operations: Typhoon Rising,2004-06-15,Microsoft Windows,first-person shooter
Jonah Lomu Rugby,1997-03-31,"Microsoft Windows, PlayStation 2",sports video game
Jones in the Fast Lane,1990-01-01,"DOS, Microsoft Windows","role-playing video game, social simulation game"
Journey Escape,1982-01-01,Atari 2600,action game
Joust,1982-07-16,"Atari 2600, Atari 5200, Atari 7800, Atari Lynx, Classic Mac OS, DOS, Nintendo Entertainment System",platformer
Jr. Pac-Man,1983-08-13,"Atari 2600, Commodore 64, arcade video game",maze video game
Ju-on: The Grudge,2009-07-30,Wii,psychological horror fiction
Juiced,2005-06-13,"Microsoft Windows, PlayStation 4","arcade racing game, racing video game"
Jump Jupiter,2009-01-01,web browser,platformer
Jump Ultimate Stars,2006-11-23,Nintendo DS,"crossover fiction, fighting game"
Jumpgate: The Reconstruction Initiative,2001-09-23,Microsoft Windows,"massively multiplayer online game, space trading and combat game"
Jungle Hunt,1982-01-01,"Atari 2600, Atari 5200, ColecoVision, Commodore 64, Commodore VIC-20, DOS, Zilog Z80","action game, platformer, side-scrolling video game"
Jupiter Lander,1981-01-01,"Commodore 64, Commodore MAX Machine",space flight simulation game
Jurassic Park III: Dino Defender,2001-06-29,"Classic Mac OS, Microsoft Windows",action game
Jurassic Park III: The DNA Factor,2001-07-16,Unknown,"puzzle video game, side-scrolling video game"
Jurassic Park: Operation Genesis,2003-03-10,"Microsoft Windows, PlayStation 4","simulation video game, strategy video game"
Just Cause,2006-09-22,"Microsoft Windows, PlayStation 4, Xbox One",third-person shooter
Just Cause 2,2010-03-23,"Microsoft Windows, PlayStation 3, Xbox One",third-person shooter
Just Dance,2009-11-17,Wii,"dance video game, music video game, rhythm game"
Just Dance 2,2010-10-12,Wii,"dance video game, music video game, rhythm game"
Just Dance 3,2011-10-07,"PlayStation 3, Wii, Xbox One","dance video game, music video game, rhythm game"
Just Dance Kids,2010-11-09,"PlayStation 3, Wii, Xbox One","dance video game, music video game, rhythm game"
K-On! Hōkago Live!!,2010-09-30,"PlayStation 3, PlayStation Portable",music video game
KKnD,1997-03-25,"DOS, Microsoft Windows",real-time strategy
KOF: Maximum Impact,2004-08-12,PlayStation 4,3D fighting game
KZ Manager,1990-01-01,"DOS, Microsoft Windows",construction and management simulation
Kaiser,1984-01-01,"Amstrad CPC, Atari 8-bit family, Commodore 64",simulation video game
Kal Online,2004-01-01,Microsoft Windows,massively multiplayer online role-playing game
Kana: Little Sister,1999-06-25,"Classic Mac OS, Microsoft Windows, PlayStation Portable","eroge, visual novel"
Kane & Lynch: Dead Men,2007-11-13,"Microsoft Windows, PlayStation 3, Xbox One",third-person shooter
Karate Champ,1984-07-01,"Commodore 64, Famicom Disk System, Nintendo Entertainment System, arcade video game, iOS",karate video game
Karate Chop,1985-01-01,Commodore 64,Unknown
Karma II,2009-01-22,Microsoft Windows,first-person shooter
Karnov,1987-12-18,"Amstrad CPC, Classic Mac OS, Commodore 64, Nintendo Entertainment System, ZX Spectrum",platformer
Karous,2007-03-08,arcade video game,shoot 'em up
Kart Fighter,1993-01-01,Nintendo Entertainment System,fighting game
Kasumi Ninja,1994-01-01,Atari Jaguar,fighting game
Kat's Run: All Japan K-Car Championship,1995-07-14,Super Nintendo Entertainment System,racing video game
Katakis,1988-01-01,"Commodore 64, iOS","action game, science fiction video game"
Katamari Damacy,2004-03-18,PlayStation 4,puzzle video game
Katawa Shoujo,2012-01-04,"Microsoft Windows, macOS","eroge, visual novel"
Keepsake,2006-03-17,"Microsoft Windows, macOS",adventure video game
Kennedy Approach,2023-04-23,"Atari ST, Commodore 64, Microsoft Windows, ZX Spectrum","casual game, simulation video game, strategy video game"
Kenran Butōsai,2005-07-07,PlayStation 4,"adventure video game, mecha video game"
Kerbal Space Program,2015-04-27,"Microsoft Windows, Xbox Series X and Series S, macOS","nonlinear gameplay, sandbox game, simulation video game, space flight simulation game"
Kessen,2000-03-04,PlayStation 4,"historical video game, real-time tactics"
Kether,1993-01-01,Philips CD-i,first-person shooter
KetnetKick 2,2008-10-24,Microsoft Windows,Unknown
Kettle,1987-01-01,"Commodore 128, Commodore 64",arcade
Kettō Transformers Beast Wars: Beast Senshi Saikyō Ketteisen,1999-04-02,Game Boy Color,fighting game
Keyboardmania,2000-01-01,"PlayStation 4, arcade video game",music video game
Kick Box Vigilante,1990-01-01,Commodore 64,Unknown
Kick Off,1989-01-01,"Amstrad CPC, Atari ST, Commodore 64, DOS, Nintendo Entertainment System, Super Nintendo Entertainment System, ZX Spectrum",association football video game
Kick Off 2,1990-01-01,"Atari ST, Commodore 64, ZX Spectrum",association football video game
Kid Icarus,1986-12-19,"Famicom Disk System, Nintendo 3DS, Nintendo Entertainment System",action game
Kid Kool,1988-07-22,Nintendo Entertainment System,platformer
Kidō Senshi Gundam: Senshitachi no Kiseki,2004-03-18,Nintendo GameCube,"mecha video game, third-person shooter"
Kiki Kaikai,1986-09-18,"Famicom Disk System, MSX, Microsoft Windows, TurboGrafx-16",shoot 'em up
Kikokugai: The Cyber Slayer,,Microsoft Windows,"action game, cyberpunk video game, eroge, kinetic novel, utsuge"
Killer Instinct,1994-10-28,"Game Boy, Nintendo 64, R4600, Super Nintendo Entertainment System, arcade video game",2D fighting game
Killer7,2005-06-09,"Microsoft Windows, Nintendo GameCube, PlayStation 4, personal computer",shoot 'em up
Killing Floor,2009-05-14,"Microsoft Windows, macOS","first-person shooter, horde shooter, survival horror"
Killzone,2004-01-01,"PlayStation 3, PlayStation 4","action game, first-person shooter"
Killzone 2,2009-02-25,PlayStation 3,"action game, first-person shooter, science fiction video game"
Killzone 3,2011-02-22,PlayStation 3,"action game, first-person shooter"
Killzone: Liberation,2006-10-31,PlayStation Portable,"action game, third-person shooter"
Kim Possible: Legend of the Monkey’s Eye,2006-05-16,"Microsoft Windows, macOS",platformer
Kimi ga Nozomu Eien,2001-08-03,"Microsoft Windows, PlayStation 4","eroge, visual novel"
"Kimi ga Yobu, Megido no Oka de",2008-12-26,Microsoft Windows,"eroge, role-playing video game, visual novel"
KimiKiss,2006-05-25,PlayStation 4,"dating sim, harem"
Kinect Adventures!,2010-11-04,Xbox One,adventure video game
Kinect Sesame Street TV,2012-09-18,Xbox One,educational video game
Kinect Sports,2010-11-04,Xbox One,association football video game
Kinect Star Wars,2012-04-03,Xbox One,action game
King Arthur: The Role-Playing Wargame,2009-11-25,Microsoft Windows,real-time tactics
King of the Monsters,1991-01-01,"Neo Geo, PlayStation, Super Nintendo Entertainment System, iOS","arcade, fighting game"
King's Bounty,1991-02-21,"Apple II series, Classic Mac OS, Commodore 64, DOS, FM Towns, IBM Personal Computer, PlayStation","role-playing video game, turn-based strategy video game"
King's Bounty: Armored Princess,2009-04-10,"Microsoft Windows, macOS",tactical role-playing game
King's Quest I,1984-05-10,"Apple IIGS, Atari ST, Classic Mac OS, DOS",adventure video game
King's Quest II,1985-05-01,"Apple IIGS, Atari ST, DOS",adventure video game
King's Quest III,1986-10-01,"Apple II, Apple IIGS, Atari ST, Classic Mac OS, DOS, TRS-80 Color Computer 3",adventure video game
King's Quest IV,1988-09-01,"Apple II, Apple IIGS, Atari ST, DOS, Microsoft Windows",adventure video game
King's Quest V,1990-11-09,"Classic Mac OS, DOS, Microsoft Windows, Nintendo Entertainment System",adventure video game
"King's Quest VI: Heir Today, Gone Tomorrow",1992-09-30,"Classic Mac OS, DOS, Microsoft Windows",adventure video game
King's Quest VII,1994-11-23,"Classic Mac OS, DOS, Microsoft Windows",adventure video game
King's Quest: Mask of Eternity,1998-12-01,Microsoft Windows,action-adventure game
Kingdom Hearts,2002-03-28,PlayStation 4,"action role-playing game, crossover fiction, role-playing video game"
Kingdom Hearts 358/2 Days,2009-05-30,"Nintendo DS, PlayStation 3",action role-playing game
Kingdom Hearts Coded,2008-11-18,"Nintendo DS, PlayStation 3","crossover fiction, puzzle video game"
Kingdom Hearts: Birth by Sleep,2010-01-09,PlayStation Portable,"action role-playing game, crossover fiction, role-playing video game"
Kingdom Hearts: Chain of Memories,2004-11-11,"PlayStation 3, PlayStation 4","action role-playing game, card battle video game, crossover fiction"
Kingdom Under Fire: Circle of Doom,2007-12-05,Xbox One,"action role-playing game, role-playing video game"
Kingdom of Loathing,2003-02-10,"cross-platform, web browser","role-playing video game, turn-based strategy video game"
Kingdoms of Amalur: Reckoning,2012-02-07,"Microsoft Windows, PlayStation 3, Xbox One","action role-playing game, fantasy video game, role-playing video game, video game with LGBT character"
Kingpin: Life of Crime,1999-06-30,Microsoft Windows,first-person shooter
Kira tto Kaiketsu! 64 Tanteidan,1998-10-23,Nintendo 64,party video game
Kirakira,2007-01-01,"Microsoft Windows, PlayStation 4, iOS","eroge, visual novel"
Kirby 64: The Crystal Shards,2000-03-24,"Nintendo 64, Wii U",platformer
Kirby Super Star Ultra,2008-09-22,Nintendo DS,"action game, platformer"
Kirby's Adventure,1993-12-09,Nintendo Entertainment System,platformer
Kirby's Dream Land 3,1997-11-27,"Super Nintendo Entertainment System, Wii U",platformer
Kirby's Epic Yarn,2010-10-14,Wii,platformer
Kirby's Return to Dream Land,2011-10-27,"Wii, Wii U",platformer
Kirby: Squeak Squad,2006-11-02,"Nintendo DS, Wii U",platformer
Kizuna Encounter: Super Tag Battle,1996-09-20,"Neo Geo, arcade video game","fighting game, science fiction video game"
Klomanager,1995-01-01,Microsoft Windows,simulation video game
Klonoa 2: Lunatea's Veil,2001-03-22,PlayStation 4,platformer
Klonoa: Door to Phantomile,1997-12-11,PlayStation 2,platformer
Klonoa: Empire of Dreams,2001-07-19,Wii U,platformer
Knight Online,2004-08-17,Microsoft Windows,fantasy video game
Knight Rider,1988-09-30,Nintendo Entertainment System,racing video game
Knight Rider: The Game,2002-11-08,"Microsoft Windows, PlayStation 4","action game, racing video game"
KnightFight,,web browser,Unknown
Knightmare,1986-01-01,"MSX, SG-1000",shoot 'em up
Knights and Merchants: The Peasants Rebellion,2001-11-27,Microsoft Windows,real-time strategy
Knights of Honor,2005-04-20,Microsoft Windows,real-time strategy
Knights of Valour,1999-01-01,arcade video game,beat 'em up
Knights of Xentar,1991-01-01,DOS,"eroge, role-playing video game, visual novel"
Knights of the Cross,2001-01-01,Microsoft Windows,turn-based strategy video game
Knights of the Temple: Infernal Crusade,2004-03-19,"Microsoft Windows, Nintendo GameCube, PlayStation 4",action-adventure game
Knightshift,2003-09-16,"Microsoft Windows, PlayStation 3, Xbox One, macOS",real-time strategy
Knuckle Heads,1993-03-01,"Wii, arcade video game",fighting game
Kolibri,1995-11-30,PlayStation,shoot 'em up
Konami Hyper Soccer,1992-01-01,Nintendo Entertainment System,association football video game
Konami Krazy Racers,2001-03-21,"Wii U, iOS","crossover fiction, mascot racer, racing video game"
Koronis Rift,1985-01-01,"Amstrad CPC, Commodore 64, MSX, ZX Spectrum","science fiction video game, strategy video game"
Kororinpa,2006-12-02,Wii,puzzle video game
Krater,2012-06-12,"Microsoft Windows, macOS","post-apocalyptic video game, role-playing video game"
Kung-Fu Master,1984-12-01,"Amstrad CPC, Atari 2600, Atari 7800, Commodore 64, DOS, Game Boy, MSX, Microsoft Windows, Nintendo Entertainment System, ZX Spectrum",beat 'em up
Kusari,2005-09-22,Microsoft Windows,"bishōjo game, eroge, visual novel"
LSD,1998-10-22,PlayStation 2,"action-adventure game, walking simulator"
La Pucelle: Tactics,2002-01-31,"Microsoft Windows, PlayStation 4",tactical role-playing game
La Tale,2017-11-29,Microsoft Windows,"action game, action-adventure game, adventure video game, casual game, massively multiplayer online game, massively multiplayer online role-playing game, role-playing video game"
Labyrinth: The Computer Game,1986-01-01,"Apple IIe, Commodore 64, MSX",adventure video game
Lamborghini American Challenge,1992-01-01,"Atari ST, Commodore 64, DOS, Super Nintendo Entertainment System",racing video game
Land of the Dead: Road to Fiddler's Green,2005-10-18,Microsoft Windows,first-person shooter
Lands of Lore III,1999-03-03,Microsoft Windows,role-playing video game
Lands of Lore: The Throne of Chaos,1993-01-01,DOS,role-playing video game
Landstalker,1992-10-30,PlayStation,"action-adventure game, isometric platformer"
Lane Mastadon vs. the Bubblermen,1988-01-01,"Commodore 128, Commodore 64",adventure video game
Langrisser,1991-04-26,"PlayStation, TurboGrafx-16",tactical role-playing game
Langrisser IV,1997-08-01,PlayStation 2,tactical role-playing game
Langrisser V: The End of Legend,1998-06-18,PlayStation 2,tactical role-playing game
Lara Croft and the Guardian of Light,2010-08-18,"BlackBerry PlayBook, Microsoft Windows, PlayStation 3, PlayStation Portable, Xbox One, iOS","action-adventure game, platformer, third-person shooter"
Larn,1986-01-01,"Atari ST, cross-platform",roguelike
Laser Squad,1988-01-01,"Amstrad CPC, Atari ST, Commodore 64, DOS, MSX, ZX Spectrum","science fiction video game, turn-based tactics"
Last Battle,1989-07-01,"Commodore 64, PlayStation, Wii","beat 'em up, post-apocalyptic video game"
Last Bronx,1996-06-01,"Microsoft Windows, PlayStation 4, arcade video game",fighting game
Last Bullet,2009-04-23,Nintendo DS,adventure video game
Last Ninja 2,1988-01-01,"Acorn Archimedes, Commodore 64, DOS, Nintendo Entertainment System, ZX Spectrum",action-adventure game
Layton Brothers: Mystery Room,2012-09-21,iOS,puzzle video game
Lazy Jones,1984-01-01,"Commodore 64, MSX, ZX Spectrum",platformer
League of Legends,2009-10-27,"Microsoft Windows, TGP Box, iOS, macOS",multiplayer online battle arena
Learn with Pokémon: Typing Adventure,2011-04-21,Nintendo DS,"educational video game, puzzle video game, typing game"
Leather Goddesses of Phobos,1986-07-11,"Amstrad CPC, Amstrad PCW, Atari 8-bit family, Atari ST, Classic Mac OS, Commodore 64, DOS, TRS-80 Model I, Texas Instruments TI-99/4A","interactive fiction, science fiction video game"
Left 4 Dead 2,2009-11-17,"Microsoft Windows, Xbox One, macOS","first-person shooter, horde shooter, post-apocalyptic video game, survival horror"
Legacy of Kain: Soul Reaver,1999-08-16,"Microsoft Windows, PlayStation 2",action-adventure game
Legend,1994-01-01,"Microsoft Windows, Super Nintendo Entertainment System",beat 'em up
Legend of Hero Tonma,1989-04-01,"TurboGrafx-16, Wii U, arcade video game",platformer
Legend of Illusion Starring Mickey Mouse,1995-01-13,Unknown,platformer
Legend of Kay,2005-03-04,"Nintendo DS, PlayStation 4",action-adventure game
Legend: Hand of God,2007-10-12,Microsoft Windows,action role-playing game
Legend: Legacy of the Dragons,2006-01-01,web browser,massively multiplayer online role-playing game
Legendary,2008-11-04,"Microsoft Windows, PlayStation 3, Xbox One",first-person shooter
Legendary Wings,1986-12-01,"Nintendo Entertainment System, arcade video game",platformer
Legends of Might and Magic,2001-06-20,Microsoft Windows,"action game, first-person shooter"
Legends of Wrestling II,2002-11-25,"Nintendo GameCube, PlayStation 4",fighting game
Legionnaire,1982-01-01,"Atari 8-bit family, Commodore 64","historical video game, real-time tactics, strategy video game"
Lego Batman 2: DC Super Heroes,2012-01-01,"Microsoft Windows, Nintendo DS, PlayStation 3, PlayStation Portable, PlayStation Vita, Wii, Wii U, Xbox One, iOS, macOS","action-adventure game, crossover fiction"
Lego Batman: The Videogame,2008-09-23,"Microsoft Windows, Nintendo DS, PlayStation 3, PlayStation 4, PlayStation Portable, Wii, Xbox One",action-adventure game
Lego Battles,2009-06-09,Nintendo DS,real-time strategy
Lego City Undercover,2017-04-07,"Microsoft Windows, Wii U",action-adventure game
Lego Harry Potter: Years 1–4,2010-06-25,"Microsoft Windows, Nintendo DS, PlayStation 3, PlayStation Portable, Wii, Xbox One, iOS, macOS",action-adventure game
Lego Harry Potter: Years 5–7,2011-11-11,"Microsoft Windows, Nintendo 3DS, Nintendo DS, PlayStation 3, PlayStation Portable, PlayStation Vita, Wii, Xbox One, iOS, macOS",action-adventure game
Lego Indiana Jones 2: The Adventure Continues,2009-11-17,"Microsoft Windows, PlayStation 3, Wii, Xbox One, macOS",action-adventure game
Lego Indiana Jones: The Original Adventures,2008-06-03,"Microsoft Windows, Nintendo DS, PlayStation 3, PlayStation 4, PlayStation Portable, Wii, Xbox One, macOS",action-adventure game
Lego Pirates of the Caribbean,2011-05-10,"Microsoft Windows, Nintendo DS, PlayStation 3, PlayStation Portable, Wii, Xbox One, iOS, macOS",action-adventure game
Lego Racers,1999-10-31,"Microsoft Windows, Nintendo 64, PlayStation 2",racing video game
Lego Racers 2,2001-09-27,"Microsoft Windows, PlayStation 4",racing video game
Lego Star Wars II Mobile,2006-12-19,mobile phone,"action-adventure game, puzzle video game"
Lego Star Wars II: The Original Trilogy,2006-09-12,"Microsoft Windows, Nintendo DS, Nintendo GameCube, PlayStation 4, PlayStation Portable, Xbox One, macOS","action-adventure game, platformer"
Lego Star Wars III: The Clone Wars,2011-03-22,"Microsoft Windows, Nintendo 3DS, Nintendo DS, PlayStation 3, PlayStation Portable, Wii, Xbox One, macOS","action-adventure game, platformer"
Lego Star Wars: The Complete Saga,2007-11-06,"Microsoft Windows, Nintendo DS, PlayStation 3, Wii, Xbox One, iOS, macOS",action-adventure game
Lego Star Wars: The Video Game,2005-03-29,"Microsoft Windows, Nintendo GameCube, PlayStation 4, macOS",action-adventure game
Lego The Hobbit,2014-04-08,"Microsoft Windows, Nintendo 3DS, PlayStation 3, PlayStation Vita, Wii U, Xbox One","action-adventure game, role-playing video game"
Lego The Lord of the Rings,2012-10-30,"Microsoft Windows, Nintendo 3DS, Nintendo DS, PlayStation 3, PlayStation Vita, Wii, Xbox One, iOS, macOS",action-adventure game
Lego Universe,2010-10-26,"Microsoft Windows, macOS",massively multiplayer online game
Leisure Suit Larry 4: The Missing Floppies,,Microsoft Windows,point-and-click adventure
Leisure Suit Larry 8: Lust in Space,,Microsoft Windows,"adventure video game, point-and-click adventure"
Leisure Suit Larry in the Land of the Lounge Lizards,1987-07-05,"Apple II series, Apple IIGS, Atari ST, DOS, Microsoft Windows, TRS-80 Model I",adventure video game
Leisure Suit Larry: Love for Sail!,1996-10-31,"Classic Mac OS, DOS, Microsoft Windows, macOS",adventure video game
Leisure Suit Larry: Magna Cum Laude,2004-10-05,"Microsoft Windows, PlayStation 4",adventure video game
Lemmings Revolution,2000-04-28,Microsoft Windows,puzzle video game
Let's Go Jungle!: Lost on the Island of Spice,2006-06-27,arcade video game,shooter game
Liero,1998-01-01,DOS,"shooter game, side-scrolling video game"
Light Crusader,1995-05-25,"Microsoft Windows, PlayStation, macOS",action role-playing game
Light Up,2001-01-01,Nintendo DS,puzzle video game
Limbo,2013-07-03,"Microsoft Windows, PlayStation 3, PlayStation Vita, Xbox One, iOS, macOS","platformer, puzzle-platformer, side-scrolling video game"
Lime-iro Senkitan,,"Microsoft Windows, PlayStation 4","harem, mecha video game"
Line Rider,2006-09-23,"iOS, web browser",sports video game
Lineage,1998-09-03,"Classic Mac OS, Microsoft Windows, macOS",massively multiplayer online role-playing game
Lineage II,2003-10-01,Microsoft Windows,massively multiplayer online role-playing game
Link's Crossbow Training,2007-11-19,Wii,shooter game
Link: The Faces of Evil,1993-10-10,Philips CD-i,action-adventure game
Linley's Dungeon Crawl,1997-10-02,DOS,roguelike
Lionheart,1993-01-01,Unknown,platformer
Lionheart: Legacy of the Crusader,2003-08-13,Microsoft Windows,action-adventure game
Lips,2008-11-18,Xbox One,music video game
Liquid Kids,1990-08-01,"TurboGrafx-16, arcade video game",platformer
Litil Divil,1993-01-01,"Amiga CD32, DOS, Microsoft Windows, Philips CD-i, macOS","action-adventure game, maze video game"
Little Big Adventure,1996-07-19,"DOS, Microsoft Windows, PlayStation 2, iOS",action-adventure game
Little Computer People,1985-01-01,"Amstrad CPC, Atari ST, Commodore 64, ZX Spectrum",life simulation game
Little Fighter,1995-01-01,DOS,beat 'em up
Little Inferno,2012-11-18,"Microsoft Windows, Wii U, iOS, macOS",puzzle video game
LittleBigPlanet,2009-11-17,PlayStation Portable,"platformer, puzzle video game"
LittleBigPlanet 2,2011-01-18,PlayStation 3,"platformer, puzzle video game"
LittleBigPlanet PS Vita,2012-09-19,PlayStation Vita,platformer
Live for Speed,2003-07-13,Microsoft Windows,"racing video game, sim racing"
Lock 'n' Chase,1981-01-01,Atari 2600,maze video game
Lock On: Modern Air Combat,2003-11-20,Microsoft Windows,flight simulation video game
LocoRoco,2006-06-23,PlayStation Portable,"platformer, puzzle video game"
Lode Runner,1984-09-15,"Amstrad CPC, Atari ST, Classic Mac OS, Commodore 64, DOS, Famicom Disk System, MSX, Nintendo DS, Nintendo Entertainment System, SG-1000, Sharp X1, TurboGrafx-16, ZX Spectrum","platformer, puzzle video game"
London 2012,2012-06-26,"Microsoft Windows, PlayStation 3, Xbox One, iOS","olympic video game, sports video game"
Loopz,1990-01-01,"Amstrad CPC, Commodore 64, DOS, Nintendo Entertainment System, Sharp X68000, ZX Spectrum",puzzle video game
Lord of Ultima,2010-04-20,web browser,"city-building game, real-time strategy, real-time tactics"
Lords of the Realm,1994-01-01,"DOS, Microsoft Windows","real-time tactics, turn-based strategy video game"
Lords of the Realm II,1996-10-31,"Classic Mac OS, DOS, Microsoft Windows",turn-based strategy video game
Lords of the Realm III,2004-03-17,Microsoft Windows,real-time strategy
Lost Horizon,2010-09-17,"Microsoft Windows, iOS",adventure video game
Lost Labyrinth,2008-07-07,Microsoft Windows,role-playing video game
Lost Odyssey,2007-12-06,Xbox One,role-playing video game
Lost Planet: Extreme Condition,2006-12-21,"Microsoft Windows, PlayStation 3, Xbox One","science fiction video game, third-person shooter"
Lost Saga,2009-11-17,Microsoft Windows,fighting game
Lost Secret of the Rainforest,1993-01-01,Microsoft Windows,point-and-click adventure
Lost in Blue,2005-08-25,Nintendo DS,action-adventure game
Lost in Shadow,2010-07-22,Wii,"platformer, puzzle video game"
LostMagic,2006-01-19,Nintendo DS,role-playing video game
"Love, Election and Chocolate",2010-10-29,"Microsoft Windows, PlayStation Portable","adventure video game, eroge, harem, visual novel"
LovePlus,2009-09-03,"Nintendo DS, iOS",dating sim
Lucius,2012-10-26,Microsoft Windows,"adventure video game, psychological horror fiction"
Lucky Star Moe Drill,2005-01-01,Nintendo DS,puzzle video game
Luigi's Mansion,2001-09-14,Nintendo GameCube,action-adventure game
Lumines,2004-12-12,"Microsoft Windows, PlayStation 3, PlayStation 4, PlayStation Portable, iOS",puzzle video game
Lunar Knights,2006-11-22,Nintendo DS,action role-playing game
Lunar Pool,1985-12-05,"MSX, Nintendo Entertainment System",sports video game
Lunar: Eternal Blue,1994-12-22,PlayStation,role-playing video game
Lunar: The Silver Star,1992-06-16,PlayStation,role-playing video game
Lunia: Record of Lunia War,2007-05-09,Microsoft Windows,action game
Lupin the 3rd: Treasure of the Sorcerer King,2002-11-28,PlayStation 4,"action-adventure game, stealth game"
Lure of the Temptress,1992-06-01,"Atari ST, DOS",adventure video game
Luxor,2005-05-30,"Microsoft Windows, PlayStation Portable, iOS, macOS","Puzz Loop clone, puzzle video game"
Luxor 2,2006-10-10,"Microsoft Windows, Nintendo DS, PlayStation 4, Wii, macOS","Puzz Loop clone, puzzle video game"
Luxor 3,2007-10-30,"Microsoft Windows, Wii, macOS",puzzle video game
M.U.D.S. – Mean Ugly Dirty Sport,1990-01-01,DOS,sports video game
M.U.G.E.N,1999-07-27,"DOS, Microsoft Windows, macOS",fighting game
M.U.L.E.,1983-01-01,"Commodore 64, DOS, MSX, Nintendo Entertainment System, iOS",turn-based strategy video game
MDK,1997-05-07,"Classic Mac OS, DOS, Microsoft Windows, PlayStation 2","science fiction video game, third-person shooter"
MIDI Maze,1987-01-01,"Atari ST, Game Boy, Super Nintendo Entertainment System","first-person shooter, maze video game"
MLBPA Baseball,1995-07-01,"PlayStation, Super Nintendo Entertainment System",sports video game
MUSHA,1990-12-21,PlayStation,"science fiction video game, shoot 'em up"
MVP 06: NCAA Baseball,2006-01-18,PlayStation 4,sports video game
MX vs. ATV Unleashed,2005-03-16,"Microsoft Windows, PlayStation 4",racing video game
MaSzyna – Symulator Pojazdów Szynowych,2001-01-01,Microsoft Windows,Unknown
Mabinogi,2004-06-22,Microsoft Windows,massively multiplayer online role-playing game
Mac Hack,,Unknown,computer chess
Machinarium,2009-10-16,"Microsoft Windows, PlayStation 3, PlayStation Vita, iOS, macOS","art game, graphic adventure game, point-and-click adventure, puzzle video game"
Mad Doctor,1985-01-01,Commodore 64,action-adventure game
Mad Mix,1988-01-01,"Atari ST, Commodore 64",action game
Mad TV,1991-01-01,DOS,business simulation game
MadWorld,2009-03-10,Wii,beat 'em up
Madagascar,2005-05-24,"Microsoft Windows, Nintendo DS, Nintendo GameCube, PlayStation 4",action-adventure game
Madden NFL 06,2005-08-08,"Microsoft Windows, Nintendo DS, Nintendo GameCube, PlayStation 4, PlayStation Portable, Xbox One",American football video game
Madden NFL 2004,2003-08-12,"Microsoft Windows, Nintendo GameCube, PlayStation 2, PlayStation 4",American football video game
Madden NFL Football,2011-03-27,Nintendo 3DS,American football video game
Made Man,2006-11-06,"Microsoft Windows, PlayStation 4",third-person shooter
Maelstrom,1992-11-01,"BeOS, Classic Mac OS, Microsoft Windows",shoot 'em up
Mafia,2002-08-29,"Microsoft Windows, PlayStation 4","first-person shooter, third-person shooter, vehicular combat game"
Mafia II,2010-08-24,"Microsoft Windows, PlayStation 3, Xbox One, macOS","action-adventure game, third-person shooter"
Mag!!!,1996-01-01,Unknown,business simulation game
Magic Jewelry,1990-01-01,Nintendo Entertainment System,puzzle video game
Magic Pockets,1991-01-01,"Acorn Archimedes, Atari ST, DOS",platformer
Magic Stone,1984-01-01,Commodore 64,text adventure
Magic of Endoria,1994-06-01,DOS,strategy video game
Magical Antique,,Microsoft Windows,business simulation game
Magical Canan,,Microsoft Windows,"eroge, magical girl video game, visual novel"
Magical Chase,1991-11-15,"Game Boy Color, TurboGrafx-16",shoot 'em up
Magicka,2011-01-25,"Microsoft Windows, Xbox One",fantasy video game
Magicland Dizzy,1990-01-01,"Amstrad CPC, Atari ST, Commodore 64, DOS, ZX Spectrum","adventure video game, platformer"
Magna Carta: Tears of Blood,2004-11-11,PlayStation 4,role-playing video game
Mainichi Issho,2006-11-11,"PlayStation 3, PlayStation Portable",life simulation game
Majikoi! Love Me Seriously!,2009-08-28,"Microsoft Windows, PlayStation 3","comedy video game, eroge, harem, visual novel"
Majin Tensei,1994-01-28,"Microsoft Windows, Super Nintendo Entertainment System",tactical role-playing game
Majin and the Forsaken Kingdom,2010-11-23,"PlayStation 3, Xbox One","action-adventure game, puzzle video game"
Makai Kingdom: Chronicles of the Sacred Tome,2005-03-17,PlayStation 4,tactical role-playing game
Maken X,2001-06-07,PlayStation 4,action game
Mana Khemia 2: Fall of Alchemy,2008-05-29,"PlayStation 4, PlayStation Portable",role-playing video game
Manhunt,2003-11-18,"Microsoft Windows, PlayStation 3, PlayStation 4",psychological horror fiction
Maniac Mansion,1987-10-05,"Apple II series, Atari ST, Commodore 64, DOS, Microsoft Windows, Nintendo Entertainment System, macOS","adventure video game, point-and-click adventure"
Manic Miner,1983-01-01,ZX Spectrum,platformer
MapleStory,2003-04-29,Microsoft Windows,"fantasy video game, massively multiplayer online role-playing game"
MapleStory DS,2010-04-15,Nintendo DS,"fantasy video game, role-playing video game"
Marathon,1994-12-21,"Apple Bandai Pippin, Apple Pippin, Classic Mac OS, Microsoft Windows, iOS","first-person shooter, science fiction video game"
Marble Blast Gold,2002-09-01,"Microsoft Windows, macOS","platformer, puzzle video game"
Marble Madness,1984-12-01,"Amstrad CPC, Apple IIGS, Atari ST, Commodore 64, DOS, Game Boy, Nintendo Entertainment System, PlayStation, ZX Spectrum","platformer, racing video game"
Mari0,2012-03-03,"Microsoft Windows, macOS","action game, action-adventure game, adventure video game, platformer, puzzle video game"
Marine Heavy Gunner: Vietnam,2004-01-01,Microsoft Windows,first-person shooter
Mario & Luigi: Bowser's Inside Story,2009-02-11,"Nintendo DS, Wii U",role-playing video game
Mario & Sonic at the London 2012 Olympic Games,2011-11-15,"Nintendo 3DS, Wii","crossover fiction, sports video game"
Mario & Sonic at the Olympic Games,2007-11-06,"Nintendo DS, Wii","crossover fiction, sports video game"
Mario & Sonic at the Olympic Winter Games,2009-10-13,"Nintendo DS, Wii, iOS","crossover fiction, sports video game"
Mario Bros.,1984-01-01,"Amstrad CPC, Atari 2600, Atari 520 ST, Atari 7800, Atari 8-bit family, Commodore 64, FM-7, NEC PC-8800 series, Nintendo Entertainment System, ZX Spectrum, arcade video game",platformer
Mario Bros. II,1987-01-01,Commodore 64,"action game, platformer"
Mario Golf,1999-06-11,Nintendo 64,sports video game
Mario Golf: Advance Tour,2004-04-22,Wii U,"role-playing video game, sports video game"
Mario Kart 64,1996-12-14,"Nintendo 64, Wii U",kart racing game
Mario Kart 7,2011-12-01,Nintendo 3DS,kart racing game
Mario Kart DS,2005-11-14,"Nintendo DS, Wii U","crossover fiction, kart racing game"
Mario Kart Wii,2008-04-10,Wii,kart racing game
Mario Kart: Super Circuit,2001-07-21,Wii U,kart racing game
Mario Party 2,1999-12-17,"Nintendo 64, Wii U",party video game
Mario Party 3,2000-12-07,Nintendo 64,party video game
Mario Party 4,2002-10-21,Nintendo GameCube,party video game
Mario Party 5,2003-11-10,Nintendo GameCube,party video game
Mario Party 6,2004-11-18,Nintendo GameCube,party video game
Mario Party 7,2005-11-07,Nintendo GameCube,party video game
Mario Party 8,2007-05-29,Wii,party video game
Mario Party 9,2012-03-02,Wii,party video game
Mario Party Advance,2005-01-13,Wii U,party video game
Mario Party DS,2007-11-08,"Nintendo DS, Wii U",party video game
Mario Pinball Land,2004-08-26,Wii U,pinball video game
Mario Power Tennis,2004-10-28,"Nintendo GameCube, Wii",tennis video game
Mario Strikers Charged,2007-05-25,Wii,association football video game
Mario Super Sluggers,2008-06-19,Wii,sports video game
Mario no Photopi,1998-12-02,Nintendo 64,educational video game
Mario's Picross,1995-03-14,"Game Boy, Super Nintendo Entertainment System","nonogram video game, puzzle video game"
Mario's Super Picross,1995-09-14,"Super Nintendo Entertainment System, Wii U","nonogram video game, puzzle video game"
Martial Champion,1993-12-17,arcade video game,fighting game
Marvel Avengers: Battle for Earth,2012-10-30,"Wii U, Xbox One",action game
Marvel Land,1990-02-09,"PlayStation, Wii, arcade video game",platformer
Marvel vs. Capcom 2: New Age of Heroes,2000-03-30,"PlayStation 3, PlayStation 4, PlayStation Portable, Xbox One, arcade video game, iOS","crossover fiction, fighting game"
Mashiroiro Symphony,2009-01-01,"Microsoft Windows, PlayStation Portable","eroge, harem, visual novel"
Mass Effect 2,2010-01-26,"Microsoft Windows, PlayStation 3, Xbox One","LGBT-themed video game, role-playing video game, science fiction video game, space opera video game, third-person shooter, video game with LGBT character"
Mass Effect 3,2012-03-06,"Microsoft Windows, PlayStation 3, Wii U, Xbox One","LGBT-themed video game, role-playing video game, science fiction video game, space opera video game, third-person shooter, video game with LGBT character"
Massive Assault,2003-01-01,"Microsoft Windows, macOS",turn-based strategy video game
Master of Magic,1995-01-06,"DOS, Microsoft Windows, ZX Spectrum","4X, role-playing video game"
Master of Orion,1993-09-06,"Classic Mac OS, DOS, Microsoft Windows, macOS","4X, space-themed video game, turn-based strategy video game"
Master of Orion III,2003-02-25,"Mac operating system, Microsoft Windows, macOS","space opera video game, turn-based strategy video game"
Mata Hari,2008-01-01,Microsoft Windows,adventure video game
Maten no Sōmetsu,1993-12-29,PlayStation,role-playing video game
Max & the Magic Marker,2010-01-22,"Microsoft Windows, Nintendo DS, Windows Phone, iOS, macOS",platformer
Max Payne 2: The Fall of Max Payne,2003-10-14,"Microsoft Windows, PlayStation 4","neo-noir video game, third-person shooter"
Max Payne 3,2012-05-15,"Microsoft Windows, PlayStation 3, Xbox One, macOS","neo-noir video game, third-person shooter"
Maze War,1974-01-01,mainframe computer,"first-person shooter, maze video game"
MechCommander,1998-06-24,Microsoft Windows,real-time tactics
MechWarrior,1989-01-01,DOS,vehicular combat game
MechWarrior 2: 31st Century Combat,1995-07-24,"Classic Mac OS, DOS, Mac operating system, Microsoft Windows, PlayStation 2",mech simulation game
MechWarrior 3,1999-01-01,Microsoft Windows,"mech simulation game, shooter game"
MechWarrior 4: Vengeance,2000-11-23,Microsoft Windows,"action game, mech simulation game"
Mechanized Assault & Exploration,1996-12-31,"DOS, Microsoft Windows, macOS",turn-based strategy video game
Medal of Honor,2010-10-12,"Microsoft Windows, PlayStation 3, Xbox One",first-person shooter
Medal of Honor: Airborne,2007-09-04,"Microsoft Windows, PlayStation 3, Xbox One",first-person shooter
Medal of Honor: Allied Assault,2002-01-22,"Microsoft Windows, macOS",first-person shooter
Medal of Honor: Allied Assault - Spearhead,2002-11-12,"Microsoft Windows, macOS",first-person shooter
Medal of Honor: Heroes,2006-10-20,PlayStation Portable,first-person shooter
Medal of Honor: Pacific Assault,2004-11-04,Microsoft Windows,first-person shooter
Medal of Honor: Rising Sun,2003-11-11,"Nintendo GameCube, PlayStation 4",first-person shooter
Medal of Honor: Underground,2000-10-23,PlayStation 2,first-person shooter
Medal of Honor: Vanguard,2007-03-26,"PlayStation 4, Wii",first-person shooter
MediEvil,1998-10-09,PlayStation 2,action-adventure game
MediEvil 2,2000-04-21,PlayStation 2,"action-adventure game, hack and slash"
Medieval Conquest,2004-09-06,Microsoft Windows,real-time strategy
Medieval Madness,,"Microsoft Windows, PlayStation 3, PlayStation Vita, Xbox One",pinball video game
Medieval: Total War,2002-08-20,Microsoft Windows,"real-time strategy, real-time tactics, turn-based strategy video game"
Mega Lo Mania,1991-01-01,"Atari ST, DOS, FM Towns, PlayStation, Sharp X68000, Super Nintendo Entertainment System",strategy video game
Mega Man 2,1988-12-24,"Nintendo Entertainment System, PlayStation 2, iOS",action game
Mega Man 3,1990-09-28,"Nintendo Entertainment System, PlayStation 2, PlayStation Portable","action game, platformer"
Mega Man 7,1995-03-24,Super Nintendo Entertainment System,"action game, platformer"
Mega Man 9,2008-09-22,"PlayStation Portable, Wii",action game
Mega Man II,1991-12-20,Game Boy,action game
Mega Man IV,1993-10-29,Game Boy,action game
Mega Man X,1993-12-17,"DOS, Super Nintendo Entertainment System, Wii, Wii U, iOS, mobile phone","action game, platformer"
Mega Man X2,1994-12-16,Super Nintendo Entertainment System,action-adventure game
Mega Man X4,1997-08-01,"Microsoft Windows, PlayStation 2, PlayStation 3, PlayStation Vita",action game
Mega Man X: Command Mission,2004-07-29,"Nintendo GameCube, PlayStation 4",role-playing video game
MegaGlest,2010-01-06,"Microsoft Windows, personal computer",real-time strategy
MegaRace,1993-01-01,"3DO, DOS, Microsoft Windows, PlayStation, macOS","cyberpunk video game, racing video game"
Megami Paradise,1994-01-01,PC-FX,"action anime and manga, adventure anime and manga, fantasy anime and manga, magical girl"
Meikyuu Jiin Dababa,1987-05-29,Famicom Disk System,action game
Memories Off 6: Next Relation,,PlayStation 4,Unknown
Memories Off 6: T-wave,2008-08-21,"Microsoft Windows, PlayStation 3, PlayStation 4, PlayStation Vita, Xbox One","bishōjo game, visual novel"
Memories Off: Yubikiri no Kioku,2010-07-29,"Microsoft Windows, PlayStation 3, PlayStation Vita, Xbox One","bishōjo game, visual novel"
Men of Valor,2004-10-19,Microsoft Windows,first-person shooter
Men of War,2009-02-27,Microsoft Windows,"real-time strategy, real-time tactics"
Mercenaries 2: World in Flames,2008-08-31,"Microsoft Windows, PlayStation 3, PlayStation 4, Xbox One",third-person shooter
Mercenaries: Playground of Destruction,2005-01-11,PlayStation 4,third-person shooter
Mercenary,1985-01-01,"Amstrad CPC, Atari ST, Commodore 64, ZX Spectrum","action-adventure game, science fiction video game"
Meridian 59,1995-12-15,Microsoft Windows,massively multiplayer online role-playing game
Metal Drift,2009-10-22,Microsoft Windows,vehicular combat game
Metal Fighter,1989-01-01,Nintendo Entertainment System,"science fiction video game, side-scrolling video game"
Metal Gear 2: Solid Snake,1990-07-20,"MSX, PlayStation 3, PlayStation 4, PlayStation Vita, Virtual Console, Xbox One, mobile phone","Christmas video game, action-adventure game, stealth game"
Metal Gear Rising: Revengeance,2013-02-19,"Microsoft Windows, PlayStation 3, Xbox One, macOS","action game, character-action video game, cyberpunk video game"
Metal Gear Solid 2: Sons of Liberty,2001-11-13,"Microsoft Windows, PlayStation 3, PlayStation 4, PlayStation Vita, Xbox One","LGBT-themed video game, action-adventure game, cyberpunk video game, science fiction video game, video game with LGBT character"
Metal Gear Solid 3: Snake Eater,2004-11-17,"Microsoft Windows, PlayStation 3, PlayStation 4, PlayStation Vita, Xbox One",action-adventure game
Metal Gear Solid 4: Guns of the Patriots,2008-06-12,PlayStation 3,"action-adventure game, cyberpunk video game, stealth game, third-person shooter"
Metal Gear Solid HD Collection,2012-02-03,"PlayStation 3, PlayStation Vita, Xbox One",action-adventure game
Metal Gear Solid V: The Phantom Pain,2015-09-01,"Microsoft Windows, PlayStation 3, Xbox One",third-person shooter
Metal Gear Solid: Digital Graphic Novel,2006-01-01,PlayStation Portable,comic
Metal Gear Solid: Peace Walker,2010-04-29,"PlayStation 3, PlayStation Portable, Xbox One","action-adventure game, stealth game, third-person shooter, video game with LGBT character"
Metal Gear Solid: Portable Ops,2006-12-05,PlayStation Portable,action-adventure game
Metal Mutant,1991-01-01,"Atari ST, DOS",action-adventure game
Metal Slug,2006-06-29,PlayStation 4,third-person shooter
Metal Slug 1st Mission,1999-01-01,Unknown,shoot 'em up
Metal Slug 2,1998-10-16,"Microsoft Windows, Neo Geo, PlayStation 2, arcade video game, iOS",run and gun
Metal Slug 3,2000-03-23,"Microsoft Windows, Neo Geo, PlayStation 3, PlayStation 4, PlayStation Portable, iOS, macOS",run and gun
Metal Slug 4,2002-06-12,"Neo Geo, PlayStation 4, PlayStation Portable",shoot 'em up
Metal Slug 5,2003-01-01,"Microsoft Windows, Neo Geo, PlayStation 4, PlayStation Portable",shoot 'em up
Metal Slug 6,2006-02-24,PlayStation 4,shooter game
Metal Slug 7,2008-07-22,Nintendo DS,run and gun
Metal Slug Advance,2004-11-12,Unknown,run and gun
Metal Slug Anthology,2006-12-14,"PlayStation 4, PlayStation Portable, Wii",shoot 'em up
Metal Slug X,1999-01-01,"Microsoft Windows, PlayStation 2, PlayStation 4, PlayStation Portable",run and gun
Metamorphic Force,1993-08-01,arcade video game,beat 'em up
Metin2,2004-01-01,Microsoft Windows,massively multiplayer online role-playing game
Metro: Last Light,2013-05-14,"Microsoft Windows, PlayStation 3, Xbox One, macOS","first-person shooter, post-apocalyptic video game, survival horror"
Metroid Prime,2002-11-18,"Nintendo GameCube, Wii",first-person shooter
Metroid Prime 2: Echoes,2004-12-02,"Nintendo GameCube, Wii",action-adventure game
Metroid Prime 3: Corruption,2007-08-27,Wii,first-person shooter
Metroid Prime Hunters,2006-05-05,Nintendo DS,first-person shooter
Metroid: Other M,2010-08-31,"Wii, Wii U","action-adventure game, science fiction video game"
Metroid: Zero Mission,2004-02-09,Wii U,Metroidvania
Metropolis Street Racer,2000-11-03,Unknown,racing video game
Michael Jackson: The Experience,2010-11-23,"Nintendo 3DS, Nintendo DS, PlayStation 3, PlayStation Portable, PlayStation Vita, Wii, Wii U, Xbox One, iOS, macOS","dance video game, music video game"
Mickey Mania,1994-10-01,"PlayStation, PlayStation 2, Super Nintendo Entertainment System",platformer
MicroBot,2010-12-29,"PlayStation 3, Xbox One","science fiction video game, shoot 'em up"
Microprose Soccer,1988-01-01,"Amstrad CPC, Commodore 64, DOS, ZX Spectrum",association football video game
Microsoft Entertainment Pack,1989-01-01,Microsoft Windows,puzzle video game
Microsoft Flight Simulator X,2006-10-10,Microsoft Windows,flight simulation video game
Microsoft FreeCell,,Microsoft Windows,card video game
Microsoft Space Simulator,1994-01-01,DOS,space flight simulation game
Microsoft Train Simulator,2001-01-01,Microsoft Windows,train simulator
Midnight Club: Los Angeles,2008-10-20,"PlayStation 3, PlayStation Portable, Xbox One","arcade, racing video game"
Midnight Resistance,1989-01-01,"Amstrad CPC, Commodore 64, PlayStation, ZX Spectrum",shoot 'em up
Midtown Madness,1999-02-27,Microsoft Windows,racing video game
Midtown Madness 2,2000-04-22,Microsoft Windows,racing video game
Midwinter,1989-01-01,"Atari ST, DOS","action role-playing game, first-person shooter, post-apocalyptic video game, science fiction video game, strategy video game"
Might & Magic Heroes VI,2011-10-13,Microsoft Windows,turn-based strategy video game
Might and Magic II: Gates to Another World,1988-01-01,"Classic Mac OS, Commodore 64, DOS, MSX, PlayStation, Super Nintendo Entertainment System",role-playing video game
Might and Magic III: Isles of Terra,1991-01-01,"Classic Mac OS, DOS, PlayStation, Super Nintendo Entertainment System, TurboGrafx-16",role-playing video game
Might and Magic IV: Clouds of Xeen,1992-01-01,DOS,role-playing video game
Might and Magic IX,2002-03-29,Microsoft Windows,role-playing video game
Might and Magic Mobile,2004-10-19,"Java Platform, Micro Edition, Java virtual machine",role-playing video game
Might and Magic VII: For Blood and Honor,1999-01-01,Microsoft Windows,role-playing video game
Might and Magic VIII: Day of the Destroyer,2000-03-07,"Microsoft Windows, PlayStation 4",role-playing video game
Mighty Final Fight,1993-06-11,Nintendo Entertainment System,"beat 'em up, video game with LGBT character"
Millennium 2.2,1989-01-01,"Atari ST, DOS",strategy video game
Millipede,1982-11-01,"Atari 2600, Nintendo Entertainment System, ZX Spectrum, arcade video game",shoot 'em up
Mimana Iyar Chronicle,2009-02-26,PlayStation Portable,role-playing video game
Mind Quiz,2006-09-14,Nintendo DS,educational video game
MineStorm,1982-01-01,"Commodore 64, Vectrex",shoot 'em up
Miner 2049er,1982-01-01,"Atari 2600, Atari 5200, ColecoVision, Commodore 64, Game Boy, Java virtual machine, Super Cassette Vision, iOS",platformer
Miner Wars 2081,2012-11-28,"Microsoft Windows, Xbox One","first-person shooter, science fiction video game"
Minesweeper,1989-01-01,"Microsoft Windows, iOS","puzzle video game, tilesweeper"
Minions of Mirth,2005-12-01,"Microsoft Windows, macOS",massively multiplayer online role-playing game
Ministry of War,2010-11-27,web browser,strategy video game
Miracle Piano Teaching System,1990-01-01,"Classic Mac OS, Nintendo Entertainment System, PlayStation, Super Nintendo Entertainment System",music video game
Mission: Asteroid,1980-12-01,"Apple II, Commodore 64",adventure video game
Mission: Impossible,1990-09-01,Nintendo Entertainment System,"action game, third-person shooter"
Mission: Impossible – Operation Surma,2003-12-02,"Nintendo GameCube, PlayStation 4",third-person shooter
Mitsumete Knight,1998-03-19,PlayStation 2,dating sim
Mobile Golf,2001-05-11,Game Boy Color,"role-playing video game, sports video game"
Mobile Suit Gundam Side Story: The Blue Destiny,1996-09-20,Unknown,"action game, mecha video game"
Mobile Suit Gundam: Crossfire,2006-11-11,PlayStation 3,"action game, mecha video game"
Mobile Suit Gundam: Extreme Vs.,2010-09-28,PlayStation 3,"fighting game, mecha video game"
Mobile Suit Gundam: Federation vs. Zeon,2001-12-06,PlayStation 4,"action game, mecha video game"
Mobile Suit Gundam: Gundam vs. Gundam,2008-11-20,"PlayStation Portable, arcade video game","mecha video game, shooter game"
Mobile Suit Gundam: Gundam vs. Gundam Next,2009-03-18,"PlayStation Portable, arcade video game","fighting game, mecha video game"
Mobile Suit Gundam: Lost War Chronicles,2002-01-01,PlayStation 4,"mecha video game, simulation video game"
Modern Combat 2: Black Pegasus,2010-10-04,iOS,first-person shooter
Modern Combat 3: Fallen Nation,2011-10-27,iOS,first-person shooter
Modern Combat: Sandstorm,2009-08-27,iOS,first-person shooter
Moero! Nekketsu Rhythm Damashii Osu! Tatakae! Ouendan 2,2007-05-17,Nintendo DS,"cheerleading video game, music video game"
Moeyo Ken,2002-12-26,PlayStation 4,role-playing video game
Molehill Empire,2008-01-01,web browser,Unknown
Momoko 120%,1986-10-23,"Nintendo Entertainment System, arcade video game",platformer
Monaco Grand Prix: Racing Simulation 2,1999-06-30,"Microsoft Windows, Nintendo 64, PlayStation 2",racing video game
Monkey Island 2: LeChuck's Revenge,1991-01-01,"Classic Mac OS, DOS, FM Towns, Microsoft Windows, Xbox One",adventure video game
Monsteca Corral,2010-08-16,Wii,action game
Monster Bash,1993-04-09,"DOS, Microsoft Windows, macOS","halloween video game, platformer"
Monster Hunter,2004-03-11,PlayStation 4,action role-playing game
Monster Hunter 2,2006-02-16,PlayStation 4,"action role-playing game, role-playing video game"
Monster Hunter Freedom 2,2007-02-22,PlayStation Portable,action role-playing game
Monster Hunter Frontier Online,2007-06-21,"Microsoft Windows, Xbox One",action role-playing game
Montezuma's Revenge,1984-01-01,"Atari 2600, Atari 5200, ColecoVision, Commodore 64, DOS, Microsoft Windows, ZX Spectrum",Metroidvania
Moon Patrol,1982-01-01,"Atari 2600, Atari 5200, Atari ST, Commodore 64, MSX, ZX Spectrum, arcade video game",vehicular combat game
Moon Shuttle,1981-06-01,"Atari 8-bit family, Commodore 64, TRS-80 Color Computer, arcade video game",shoot 'em up
Moon Whistle,1999-01-01,Microsoft Windows,role-playing video game
Moonlight Lady,2000-12-22,Microsoft Windows,"eroge, fantasy anime and manga, fantasy video game, hentai, visual novel"
Moonmist,1986-09-18,"Amstrad CPC, Apple II, Atari ST, Classic Mac OS, Commodore 64, DOS, NEC PC-9800 series, TRS-80 Model I, Texas Instruments TI-99/4A","interactive fiction, video game with LGBT character"
Moonstone: A Hard Days Knight,1991-01-01,DOS,role-playing video game
MorgenGrauen,1992-01-01,cross-platform,MUD
Moria,1983-03-25,"Classic Mac OS, personal computer, superminicomputer",roguelike
Mortal Kombat,1993-10-28,"DOS, Game Boy, Microsoft Windows, PlayStation, PlayStation 3, PlayStation 4, PlayStation Portable, PlayStation Vita, Super Nintendo Entertainment System, Xbox One, arcade video game","crossover fiction, fighting game"
Mortal Kombat 3,1995-01-01,"3DO, DOS, Game Boy, Microsoft Windows, PlayStation, PlayStation 2, Super Nintendo Entertainment System, arcade video game",fighting game
Mortal Kombat 4,1997-10-15,"Game Boy Color, Microsoft Windows, Nintendo 64, PlayStation 2, arcade video game",fighting game
Mortal Kombat Mythologies: Sub-Zero,1997-10-01,"Nintendo 64, PlayStation, PlayStation 2","action-adventure game, beat 'em up, platformer"
Mortal Kombat Trilogy,1996-09-01,"DOS, Microsoft Windows, Nintendo 64, PlayStation 2",fighting game
Mortal Kombat: Armageddon,2006-10-11,"PlayStation 4, Wii","fighting game, science fiction video game"
Mortal Kombat: Deadly Alliance,2002-11-16,"Game Boy, Nintendo GameCube, PlayStation 4",fighting game
Mortal Kombat: Deception,2004-10-04,"Nintendo GameCube, PlayStation 4, PlayStation Portable",fighting game
Mortal Kombat: Shaolin Monks,2005-09-16,PlayStation 4,action-adventure game
Mortal Kombat: Special Forces,2000-06-30,PlayStation 2,"action game, action-adventure game"
Moshimo Ashita ga Hare Naraba,2006-02-24,Microsoft Windows,"eroge, romance adventure game, visual novel"
Moto Racer,1997-08-31,"Microsoft Windows, PlayStation 2",racing video game
MotoGP '08,2008-10-28,"Microsoft Windows, PlayStation 3, PlayStation 4, Wii, Xbox One",racing video game
MotoGP URT 3,2005-08-30,Microsoft Windows,racing video game
MotoRace USA,1983-06-01,"Nintendo Entertainment System, SG-1000, arcade video game",racing video game
MotorStorm,2006-12-14,"PlayStation 3, PlayStation 4",racing video game
MotorStorm: Apocalypse,2011-03-16,PlayStation 3,"post-apocalyptic video game, racing video game"
MotorStorm: Arctic Edge,2009-09-17,"PlayStation 4, PlayStation Portable",racing video game
MotorStorm: Pacific Rift,2008-09-11,PlayStation 3,racing video game
Mount & Blade,2008-09-16,"Microsoft Windows, macOS",action role-playing game
Mr. Do!,1995-06-23,"Atari 2600, ColecoVision, Commodore 64, Game Boy, MSX, Super Nintendo Entertainment System",maze video game
Mr. Heli,1989-01-01,"Amstrad CPC, Atari ST, Commodore 64, ZX Spectrum",shoot 'em up
Mu Online,2001-11-01,Microsoft Windows,massively multiplayer online role-playing game
Multi-User in Middle Earth,1992-01-01,cross-platform,MUD
Multicatan,,web browser,board video game
Murder on the Mississippi,1986-10-31,"Apple II, Commodore 64, MSX, Nintendo Entertainment System",adventure video game
Mushihimesama,2004-10-12,"Microsoft Windows, PlayStation 4, Xbox One, arcade video game, iOS","bullet hell, vertically scrolling shooter"
Mutant Rampage: Bodyslam,1994-01-01,Philips CD-i,"action game, beat 'em up"
My Free Farm,2019-08-26,"Microsoft Windows, web browser",business simulation game
MySims,2007-12-06,"BlackBerry OS, Microsoft Windows, Nintendo DS, Wii, iOS, iPadOS, macOS","city-building game, life simulation game"
MySims Agents,2009-09-25,"Nintendo DS, Wii","adventure video game, detective video game, espionage video game"
MySims Kingdom,2008-10-28,"Microsoft Windows, Nintendo DS, Wii, iOS, iPadOS, macOS",life simulation game
Myself ; Yourself,2007-12-20,PlayStation 4,"harem, visual novel"
Myst V: End of Ages,2005-09-20,"Classic Mac OS, Microsoft Windows, macOS",adventure video game
Mystery House,1980-05-05,"Apple II, FM-7, NEC PC-8800 series, NEC PC-9800 series, iOS",adventure video game
Mystical,1990-01-01,"Atari ST, Microsoft Windows, ZX Spectrum",shoot 'em up
Myth War Online,,Microsoft Windows,massively multiplayer online role-playing game
Myth: History in the Making,1989-01-01,"Amiga CD32, Amstrad CPC, Commodore 64, ZX Spectrum",platformer
N,2005-05-16,"Microsoft Windows, Nintendo DS, PlayStation Portable, Xbox One, macOS","action game, platformer, puzzle video game"
N.I.C.E. 2,1998-11-01,Microsoft Windows,racing video game
NASCAR 99,1998-09-11,"Nintendo 64, PlayStation 2",racing video game
NASCAR Rumble,2000-01-31,PlayStation 2,racing video game
NBA 2K,1999-11-10,Unknown,basketball video game
NBA 2K1,2000-11-01,Unknown,basketball video game
NBA 2K11,2010-10-05,"Microsoft Windows, PlayStation 3, PlayStation 4, PlayStation Portable, Wii, Xbox One",basketball video game
NBA 2K2,2001-10-24,"Nintendo GameCube, PlayStation 4",basketball video game
NBA 2K5,2004-09-28,PlayStation 4,basketball video game
NBA 2K8,2007-01-01,"PlayStation 3, PlayStation 4",basketball video game
NBA 2K9,2008-10-10,"Microsoft Windows, PlayStation 3, PlayStation 4, Xbox One",basketball video game
NBA Elite 11,2010-11-05,iOS,basketball video game
NBA Jam,1994-03-01,"PlayStation, Super Nintendo Entertainment System, arcade video game",basketball video game
NBA Live 06,2005-09-26,"Microsoft Windows, Nintendo GameCube, PlayStation 4, PlayStation Portable, Xbox One",basketball video game
NBA Live 97,1996-01-01,"Microsoft Windows, PlayStation, PlayStation 2, Super Nintendo Entertainment System",basketball video game
NBA Live 99,1998-10-31,"Microsoft Windows, Nintendo 64, PlayStation 2",basketball video game
NBA Showtime: NBA on NBC,1999-04-05,"Game Boy Color, Nintendo 64, PlayStation 2, arcade video game",basketball video game
NBA Street,2001-06-18,"Nintendo GameCube, PlayStation 4",basketball video game
NCAA Football 08,2007-07-17,"PlayStation 3, PlayStation 4, Xbox One",American football video game
NES Open Tournament Golf,1991-09-01,Nintendo Entertainment System,sports video game
NFL Instant Replay,1995-01-01,Philips CD-i,sports video game
NHL '94,1993-10-01,"DOS, PlayStation, Super Nintendo Entertainment System",ice hockey video game
NHL 13,2012-09-11,"PlayStation 3, Xbox One",ice hockey video game
NHL 2001,2000-09-26,"Microsoft Windows, PlayStation 2, PlayStation 4",ice hockey video game
NHL Eastside Hockey Manager,2004-07-02,"Microsoft Windows, macOS",ice hockey video game
NWScript,,Microsoft Windows,Unknown
Nagano Winter Olympics '98,1997-12-18,"Nintendo 64, PlayStation 2",winter sports video game
Nam,1983-01-01,"Apple II, Atari 400, Atari 800, Commodore 64",strategy video game
Namco Museum Remix,2007-10-23,Wii,action game
Nanatsuiro Drops,2006-01-01,"Microsoft Windows, Nintendo DS, PlayStation 4","eroge, fantasy anime and manga, magical girl video game, visual novel"
Nanostray,2005-07-19,Nintendo DS,shoot 'em up
Napoleon: Total War,2010-02-23,"Microsoft Windows, macOS","real-time strategy, real-time tactics, turn-based strategy video game"
Narbacular Drop,2005-01-01,Microsoft Windows,puzzle video game
Narcissu: Side 2nd,2007-05-15,cross-platform,visual novel
Naruto Shippuden: Ultimate Ninja Storm 3,2013-03-05,"Microsoft Windows, PlayStation 3, Xbox One",fighting game
Naruto Shippūden: Gekitō Ninja Taisen! EX,2007-01-01,Wii,fighting game
Naruto: Ultimate Ninja 2,2004-09-30,PlayStation 4,fighting game
Naruto: Ultimate Ninja Storm,2008-11-04,"Microsoft Windows, PlayStation 3",fighting game
Naruto: Uzumaki Chronicles,2005-01-01,PlayStation 4,action-adventure game
NationStates,2002-11-13,web browser,government simulation game
Navyfield,2002-01-01,Microsoft Windows,simulation video game
Nebulus,1987-01-01,"Acorn Archimedes, Amstrad CPC, Atari 7800, Atari ST, Commodore 64, DOS, Nintendo Entertainment System, ZX Spectrum",platformer
Necrodome,1996-01-01,Microsoft Windows,"action game, post-apocalyptic video game, racing video game, vehicular combat game"
Necronomicon: The Dawning of Darkness,2001-05-11,"Microsoft Windows, PlayStation 2",adventure video game
Need for Speed II,1997-03-31,"Microsoft Windows, PlayStation 2",racing video game
Need for Speed III: Hot Pursuit,1998-03-25,"Microsoft Windows, PlayStation 2",racing video game
Need for Speed: Carbon,2006-10-30,"Microsoft Windows, Nintendo DS, Nintendo GameCube, PlayStation 3, PlayStation 4, PlayStation Portable, Wii, Xbox One, macOS",racing video game
Need for Speed: High Stakes,1999-01-01,"Microsoft Windows, PlayStation 2",racing video game
Need for Speed: Hot Pursuit,2010-11-16,"Microsoft Windows, PlayStation 3, Wii, Windows Phone, Xbox One, iOS",racing video game
Need for Speed: Hot Pursuit 2,2002-09-30,"Microsoft Windows, Nintendo GameCube, PlayStation 4",racing video game
Need for Speed: Most Wanted,2005-11-11,"Microsoft Windows, Nintendo DS, Nintendo GameCube, PlayStation 3, PlayStation 4, PlayStation Portable, PlayStation Vita, Wii U, Xbox One, iOS, personal computer",racing video game
Need for Speed: Nitro,2009-11-03,"Nintendo DS, Wii",racing video game
Need for Speed: Porsche Unleashed,2000-02-29,"Microsoft Windows, PlayStation 2",racing video game
Need for Speed: Shift,2009-09-15,"Microsoft Windows, PlayStation 3, PlayStation Portable, Symbian, Windows Mobile, Xbox One, iOS",racing video game
Need for Speed: The Run,2011-11-18,"Microsoft Windows, Nintendo 3DS, PlayStation 3, Wii, Xbox One",racing video game
Need for Speed: Undercover,2008-11-18,"Microsoft Windows, Nintendo DS, PlayStation 3, PlayStation 4, PlayStation Portable, Wii, Windows Phone, Xbox One, iOS",racing video game
Need for Speed: Underground,2003-11-17,"Microsoft Windows, Nintendo GameCube, PlayStation 4, PlayStation Portable, arcade video game",racing video game
Need for Speed: Underground 2,2004-11-09,"Microsoft Windows, Nintendo DS, Nintendo GameCube, PlayStation 4",racing video game
Need for Speed: World,2010-07-20,Microsoft Windows,massively multiplayer online game
Nehrim: At Fate's Edge,2010-01-01,Microsoft Windows,action role-playing game
Neighbours from Hell,2003-06-20,"Microsoft Windows, Nintendo DS, Nintendo GameCube, iOS",strategy video game
Neighbours from Hell 2: On Vacation,2004-05-05,"Microsoft Windows, Nintendo DS, Nintendo GameCube, iOS","puzzle video game, strategy video game"
Nemesis 2,1987-08-22,MSX,shoot 'em up
Nemesis 3: The Eve of Destruction,1987-01-27,MSX,shoot 'em up
Nemesis of the Roman Empire,2003-01-01,Microsoft Windows,"computer wargame, historical video game"
Neo Angelique,2008-01-01,PlayStation 4,dating sim
Neo Bomberman,1997-01-01,Neo Geo,"action game, maze video game"
Neo Contra,2004-10-19,PlayStation 4,run and gun
Neocron,2002-11-01,Microsoft Windows,"cyberpunk video game, massively multiplayer online role-playing game, post-apocalyptic video game"
Neon Genesis Evangelion,1999-06-25,Nintendo 64,"action game, mecha video game"
Neon Genesis Evangelion 2,2003-11-20,PlayStation 4,"mecha video game, role-playing video game"
Neon Genesis Evangelion: Battle Orchestra,2007-06-28,"PlayStation 4, PlayStation Portable","action-adventure game, mecha video game"
Neon Genesis Evangelion: Girlfriend of Steel,1998-01-01,"Classic Mac OS, Microsoft Windows","mecha video game, visual novel"
Neopets,1999-11-15,"cross-platform, web browser","fantasy video game, virtual pet video game"
Nerf ArenaBlast,1999-10-31,Microsoft Windows,first-person shooter
Nero,2003-01-01,"Microsoft Windows, macOS","programming game, strategy video game"
Nether Earth,1987-01-01,"Amstrad CPC, Commodore 64, ZX Spectrum",real-time strategy
Netrek,1988-01-01,"Microsoft Windows, macOS","real-time strategy, shoot 'em up"
Neuromancer,1988-01-01,"Apple II series, Apple IIGS, Commodore 64, DOS","adventure video game, cyberpunk video game"
Neverwinter Nights,2002-06-18,"Microsoft Windows, macOS","fantasy video game, role-playing video game"
New Adventure Island,1992-06-26,"TurboGrafx-16, Wii U",platformer
New Super Mario Bros.,2006-05-15,Nintendo DS,platformer
New Super Mario Bros. 2,2012-07-28,Nintendo 3DS,platformer
New Super Mario Bros. U,2012-11-18,Wii U,platformer
New Super Mario Bros. Wii,2009-11-11,Wii,"platformer, side-scrolling video game"
NiBiRu: Age of Secrets,2005-08-31,Microsoft Windows,adventure video game
Nibbles,1991-01-01,"DOS, macOS",arcade
Nicktoons Racing,2000-01-01,"Game Boy Color, Microsoft Windows, PlayStation 2","crossover fiction, racing video game"
NieR,2010-04-22,"PlayStation 3, Xbox One","action role-playing game, post-apocalyptic video game, video game with LGBT character"
Night Driver,1976-10-01,"Atari 2600, Commodore 64",racing video game
Night Shift,1990-10-01,"Amstrad CPC, Atari ST, Commodore 64, DOS, ZX Spectrum",puzzle-platformer
Night Shift Nurses,2024-12-16,Microsoft Windows,"adult comics, adventure video game, eroge, harem, hentai, visual novel, yaoi"
Night Trap,1992-10-15,"3DO, Classic Mac OS, DOS, Microsoft Windows, PlayStation",interactive film
Nightmare Creatures,1997-09-30,"Microsoft Windows, Nintendo 64, PlayStation 2",survival horror
Niji no Silkroad,1991-02-22,Nintendo Entertainment System,role-playing video game
Nimrod,1951-05-05,http://www.wikidata.org/.well-known/genid/b1cd9ef6abb3905b04001bda758d67db,Unknown
Nine Princes in Amber,1985-01-01,"DOS, MSX",interactive fiction
Ninety-Nine Nights II,2010-06-29,Xbox One,"hack and slash, role-playing video game"
Ninja Baseball Bat Man,1993-01-01,arcade video game,fighting game
Ninja Gaiden,2004-03-02,"Commodore 64, ZX Spectrum, arcade video game","action-adventure game, beat 'em up, crossover fiction"
Ninja Gaiden II: The Dark Sword of Chaos,1990-04-06,"DOS, Nintendo Entertainment System",platformer
Ninja Gaiden Sigma 2,2009-09-29,"Microsoft Windows, PlayStation 3, PlayStation Vita","action game, action-adventure game, adventure video game, hack and slash"
Ninja Reflex,2008-03-04,"Microsoft Windows, Nintendo DS, Wii",action game
Ninja Spirit,1988-01-01,"Amstrad CPC, Atari ST, Commodore 64, TurboGrafx-16, ZX Spectrum",platformer
Nintendo Land,2012-11-18,Wii U,party video game
Nintendo World Cup,1990-05-18,"Game Boy, Nintendo Entertainment System, PlayStation, TurboGrafx-16",association football video game
Nintendogs,2005-04-21,Nintendo DS,Unknown
Nintendogs + Cats,2011-02-26,Nintendo 3DS,virtual pet video game
No More Heroes,2007-12-06,"Microsoft Windows, PlayStation 3, Wii",action-adventure game
No More Heroes 2: Desperate Struggle,2010-01-26,"Amazon Luna, Microsoft Windows, Wii","action game, action-adventure game"
No One Lives Forever 2: A Spy in H.A.R.M.'s Way,2002-09-30,"Classic Mac OS, Microsoft Windows, macOS",first-person shooter
No Second Prize,1992-01-01,Atari ST,sports video game
No Time to Explain,2011-08-15,"Microsoft Windows, macOS",platformer
Nobita and the Green Giant Legend DS,2008-03-06,Nintendo DS,action-adventure game
Nobunaga's Ambition: Bushou Fuunroku,1990-01-01,"Microsoft Windows, PlayStation, PlayStation 2, TurboGrafx-16",grand strategy wargame
Noby Noby Boy,2009-02-19,"PlayStation 3, iOS",action game
Noctis,2000-01-01,"DOS, Microsoft Windows",space flight simulation game
Nodes of Yesod,1985-01-01,"Amstrad CPC, Commodore 64, Enterprise, ZX Spectrum, iOS","Metroidvania, science fiction video game"
Nomic,1982-01-01,web browser,Unknown
Nord and Bert Couldn't Make Head or Tail of It,1987-07-22,"Apple II, Atari ST, Classic Mac OS, Commodore 64, DOS",interactive fiction
North & South,1989-01-01,"Amstrad CPC, Atari ST, Commodore 64, DOS, MSX, Nintendo Entertainment System, ZX Spectrum",platformer
North Sea Helicopter,1985-01-01,MSX,simulation video game
Nox,2000-01-31,Microsoft Windows,action role-playing game
Nuclear Dawn,2011-04-01,"Microsoft Windows, macOS","first-person shooter, real-time strategy"
NukeZone,2001-02-10,web browser,turn-based strategy video game
OGame,2002-01-01,web browser,"massively multiplayer online game, turn-based strategy video game"
OMSI Bus Simulator,2011-02-18,Microsoft Windows,bus simulation video game
OXO,1952-01-01,Electronic Delay Storage Automatic Calculator,puzzle video game
Obliterator,1988-01-01,"Amstrad CPC, Atari ST, DOS, ZX Spectrum",action-adventure game
ObsCure,2004-10-01,"Microsoft Windows, PlayStation 4","action-adventure game, survival horror"
Ocean Trader,1995-01-01,Microsoft Windows,business simulation game
Odama,2006-03-31,Nintendo GameCube,"pinball video game, real-time tactics"
Oddworld: Abe's Oddysee,1997-08-31,"DOS, Game Boy, Game Boy Color, Microsoft Windows, PlayStation 2",2D platform game
Oddworld: Munch's Oddysee,2001-11-15,"Microsoft Windows, PlayStation 3, PlayStation Vita, iOS, macOS",platformer
Odin Sphere,2007-05-17,"PlayStation 3, PlayStation 4",action role-playing game
Of Orcs and Men,2012-10-11,"Microsoft Windows, PlayStation 3, Xbox One",role-playing video game
Oil Barons,1983-01-01,"Commodore 64, DOS",strategy video game
Oil's Well,1983-01-01,"Apple II, Atari 400, ColecoVision, Commodore 64, MSX","action game, maze video game"
Oktoberfest,2009-08-01,Nintendo DS,Unknown
Old Testament Megami-Tensei,1995-01-01,Super Nintendo Entertainment System,role-playing video game
Omega,1989-01-01,"Apple IIGS, Atari ST, Classic Mac OS, Commodore 64, DOS",strategy video game
Omega Boost,1999-04-22,PlayStation 2,"science fiction video game, shoot 'em up"
On-Court Tennis,1984-01-01,Commodore 64,tennis video game
Once and Future,1998-01-01,Microsoft Windows,adventure video game
One Must Fall: 2097,1994-01-01,DOS,"fighting game, science fiction video game"
One Piece: Birth of Luffy's Dream Pirate Crew!,2001-01-01,Game Boy Color,tactical role-playing game
One Piece: Grand Battle!,2005-03-17,"Nintendo GameCube, PlayStation 4",fighting game
One Piece: Pirates' Carnival,2005-11-23,"Nintendo GameCube, PlayStation 4",Unknown
One Piece: Unlimited Adventure,2007-04-26,Wii,"action-adventure game, adventure video game, fighting game"
One on One,1983-01-01,"Atari 7800, Classic Mac OS, Commodore 64, DOS",sports video game
One: Kagayaku Kisetsu e,1998-05-29,"Java virtual machine, Microsoft Windows, PlayStation 2","drama anime and manga, eroge, fantasy anime and manga, harem, romance anime and manga, school anime and manga, visual novel"
Oni,2001-01-26,"Classic Mac OS, Microsoft Windows, PlayStation 4","action game, action-adventure game, cyberpunk video game, science fiction video game, third-person shooter"
Onimusha 2: Samurai's Destiny,2002-03-07,"PlayStation 3, PlayStation 4","action-adventure game, dark fantasy video game, hack and slash"
Online Fussball Manager,2003-03-10,web browser,association football video game
Oolite,2012-05-27,"FreeBSD, IRIX, Microsoft Windows, macOS","science fiction video game, space flight simulation game, space trading and combat game"
OpenArena,2005-08-19,"Classic Mac OS, Microsoft Windows, Ouya, macOS",first-person shooter
OpenChess,,Unknown,Unknown
Operation 7,2009-05-01,Microsoft Windows,first-person shooter
Operation Flashpoint: Cold War Crisis,2001-06-22,"Microsoft Windows, macOS","action game, first-person shooter, shooter game, simulation video game, tactical shooter"
Operation Flashpoint: Dragon Rising,2009-10-06,"Microsoft Windows, PlayStation 3, Xbox One",tactical shooter
Operation Harrier,1990-01-01,Atari ST,action game
Operation Neptune,1991-01-01,"Classic Mac OS, DOS, Microsoft Windows",educational video game
Operation Thunderbolt,1988-01-01,"Amstrad CPC, Atari ST, Commodore 64, Super Nintendo Entertainment System, ZX Spectrum",shoot 'em up
Orbiter,2000-11-27,Microsoft Windows,simulation video game
Orcs & Elves,2006-05-01,Nintendo DS,"action game, role-playing video game"
Orcs Must Die!,2011-10-05,Microsoft Windows,tower defense
Orcs Must Die! 2,2012-07-30,Microsoft Windows,action game
Order & Chaos Online,2011-04-27,"Windows Phone, iOS",massively multiplayer online role-playing game
Order of War,2009-09-22,Microsoft Windows,strategy video game
Osmos,2009-08-17,"Microsoft Windows, iPadOS, macOS","biological simulation video game, puzzle video game"
Osu! Tatakae! Ouendan,2005-07-28,Nintendo DS,"cheerleading video game, music video game"
Otome wa Boku ni Koishiteru,2005-01-28,"Microsoft Windows, PlayStation 4, PlayStation Portable","eroge, harem, visual novel, yuri"
Otometeki Koi Kakumei Love Revo!!,2006-01-26,"Microsoft Windows, Nintendo DS, PlayStation 4",dating sim
Out Run,1986-09-20,"Amstrad CPC, Atari ST, Commodore 64, DOS, MSX, PlayStation, TurboGrafx-16, ZX Spectrum, arcade video game",racing video game
Out Run 2019,1993-03-26,PlayStation,racing video game
Outcast,1999-08-20,Microsoft Windows,"action game, action-adventure game, science fiction video game"
Outtrigger,2001-07-24,arcade video game,"first-person shooter, third-person shooter"
OverBlood 2,1998-07-23,PlayStation 2,"action-adventure game, science fiction video game"
Overboard!,1997-10-01,"Microsoft Windows, PlayStation 2",action game
Overgrowth,2017-10-16,"Microsoft Windows, macOS",action-adventure game
Overlander,1988-01-01,"Atari ST, Commodore 64, ZX Spectrum",racing video game
Overlord: Dark Legend,2009-06-23,Wii,"action-adventure game, third-person shooter"
Oxxonian,1989-01-01,Commodore 64,action game
Oxyd,1990-01-01,"Atari ST, Classic Mac OS, DOS, Mac operating system","arcade, puzzle video game"
P.N.03,2003-03-27,Nintendo GameCube,"science fiction video game, third-person shooter"
POD,1997-02-28,Microsoft Windows,vehicular combat game
PaRappa the Rapper,1996-12-06,"PlayStation 2, PlayStation Portable","music video game, rhythm game"
Pac-Man,1980-05-22,"Apple II series, Atari 2600, Atari 5200, Atari 8-bit family, Commodore 64, Commodore VIC-20, DOS, Famicom Disk System, Game Boy Color, IBM Personal Computer, Intellivision, MSX, Microsoft Windows, Nintendo Entertainment System, PlayStation Portable, Super Nintendo Entertainment System, Texas Instruments TI-99/4A, Windows Phone, Xbox One, ZX Spectrum, arcade video game, iOS, iPod touch",maze video game
Pac-Man 2: The New Adventures,1994-01-01,"PlayStation, Super Nintendo Entertainment System",action-adventure game
Pachislot Akumajō Dracula,2009-01-05,slot machine,Unknown
Pacific Storm,2006-09-28,Microsoft Windows,real-time strategy
Pacific Strike,1994-01-01,DOS,combat flight simulator game
PainStation,2001-01-01,arcade video game,sports video game
Paint School I,1991-01-01,Philips CD-i,puzzle video game
Pandemonium!,1996-10-31,"Microsoft Windows, N-Gage, PlayStation 2, iOS",2D platform game
Panel de Pon,1995-10-27,Super Nintendo Entertainment System,puzzle video game
Pang,1989-01-01,"Amstrad CPC, Atari ST, Commodore 64, DOS, Game Boy, ZX Spectrum, iOS",platformer
PangYa,2004-01-01,"Microsoft Windows, iOS","fantasy video game, sports video game"
Panic Restaurant,1992-04-24,Nintendo Entertainment System,platformer
Panzer Corps,2011-11-18,"Microsoft Windows, iOS, macOS","strategy video game, turn-based strategy video game"
Panzer Dragoon,1995-03-10,"Microsoft Windows, PlayStation 4, R-Zone",rail shooter
Panzer Dragoon II Zwei,1996-03-22,Unknown,shoot 'em up
Panzer Dragoon Saga,1998-01-29,Unknown,role-playing video game
Panzer Elite,1999-01-01,Microsoft Windows,"action game, tank simulation game"
Panzer General,1995-01-01,"3DO, Classic Mac OS, DOS, Microsoft Windows, PlayStation 2",turn-based strategy video game
Panzer General II,1997-09-30,Microsoft Windows,turn-based strategy video game
Paper Mario,2000-08-11,"Nintendo 64, Wii, Wii U, iQue Player","platformer, role-playing video game"
Paper Mario: Sticker Star,2012-11-11,Nintendo 3DS,"role-playing video game, turn-based Japanese role-playing game"
Paper Mario: The Thousand-Year Door,2004-07-22,Nintendo GameCube,"role-playing video game, video game with LGBT character"
Paperboy,1985-04-01,"Amstrad CPC, Apple IIGS, Atari ST, Commodore 64, DOS, Game Boy, Game Boy Color, Nintendo 64, Nintendo Entertainment System, ZX Spectrum, iOS",action game
ParaWorld,2006-09-15,Microsoft Windows,real-time strategy
Paradroid,1985-01-01,"Acorn Archimedes, Atari ST, Commodore 64, iOS",shoot 'em up
Parasol Stars: The Story Of Rainbow Islands 2,1991-01-01,"Nintendo Entertainment System, TurboGrafx-16",platformer
Paratrooper,1982-01-01,DOS,shooter game
Paro Wars,1997-09-25,PlayStation 2,turn-based strategy video game
Parodius! From Myth to Laughter,1990-04-25,"Nintendo Entertainment System, Super Nintendo Entertainment System, TurboGrafx-16, arcade video game",shoot 'em up
Parsec,1982-01-01,Texas Instruments TI-99/4A,shoot 'em up
Passage,2007-11-01,"iOS, macOS","adventure video game, memento mori"
Pat Riley Basketball,1990-12-31,PlayStation,"basketball video game, simulation video game"
Patapon,2007-12-20,PlayStation Portable,music video game
Pax Imperia: Eminent Domain,1997-10-31,"Classic Mac OS, Mac operating system, Microsoft Windows",4X
Peek-A-Boo Poker,1991-01-01,Nintendo Entertainment System,erotic video game
Peggle Nights,2008-09-16,"Microsoft Windows, macOS",puzzle video game
Pekka the Rooster 2,2003-01-01,Microsoft Windows,platformer
Pengo,1982-01-01,"Atari 2600, Atari 5200, Commodore 64, arcade video game","maze video game, puzzle video game"
Penguin Land,1987-01-01,Unknown,"platformer, puzzle video game"
Pennergame,2007-01-01,web browser,strategy video game
Penthouse Hot Numbers Deluxe,1993-01-01,Unknown,Unknown
People's General,1998-08-31,Microsoft Windows,turn-based strategy video game
Pepsi Invaders,1983-01-01,Atari 2600,shoot 'em up
Perestroika,1990-01-01,"DOS, Microsoft Windows","arcade, puzzle video game"
Perfect Dark,2000-05-22,"Nintendo 64, Xbox One","action game, cyberpunk video game, first-person shooter, science fiction video game"
Perfect Dark Zero,2005-11-17,Xbox One,"action game, first-person shooter"
Perfect World,,Microsoft Windows,massively multiplayer online role-playing game
PerfectGoal,2009-10-01,personal computer,association football video game
Perry Mason: The Case of the Mandarin Murder,1985-01-01,"DOS, MSX",interactive fiction
Perry Rhodan: Operation Eastside,1998-01-01,Microsoft Windows,strategy video game
Persona 2: Innocent Sin,1999-06-24,"PlayStation 2, PlayStation Portable",role-playing video game
Persona 3,2006-07-13,PlayStation 4,"role-playing video game, video game with LGBT character"
Persona 4,2008-07-10,"Microsoft Windows, PlayStation 3, PlayStation 4, PlayStation Vita","LGBT-themed video game, role-playing video game, video game with LGBT character"
Pet Society,2007-01-01,"Facebook, iOS","digital pet, fantasy video game"
Peter Gabriel: Eve,1996-01-01,"Classic Mac OS, Microsoft Windows","adventure video game, music video game"
Phalanx II: The Return,1987-01-01,Unknown,Unknown
Phantasmagoria,1995-07-31,"Classic Mac OS, DOS, Microsoft Windows","graphic adventure game, interactive film"
Phantasy Star II,1989-03-21,"Microsoft Windows, PlayStation, PlayStation 4, iOS, macOS","role-playing video game, video game with LGBT character"
Phantasy Star Online,2000-12-21,"Microsoft Windows, Nintendo GameCube",action role-playing game
Phantasy Star Universe,2006-08-31,"Microsoft Windows, PlayStation 4, Xbox One",action role-playing game
Phantasy Star Universe: Ambition of the Illuminus,2007-09-27,"Microsoft Windows, PlayStation 4, Xbox One",action role-playing game
Phantomas,1986-01-01,MSX,platformer
Pharaoh,1999-01-01,"Microsoft Windows, personal computer","city-building game, historical video game, simulation video game, strategy video game"
Phineas and Ferb,2009-02-03,Nintendo DS,"action game, platformer"
Phoenix,1980-01-01,Atari 2600,shoot 'em up
Phoenix Wright: Ace Attorney,2010-01-15,"Microsoft Windows, Nintendo DS, Wii, Wii U, WiiWare, iOS","adventure video game, visual novel"
Phoenix Wright: Ace Attorney – Trials and Tribulations,2004-01-23,"Microsoft Windows, Nintendo DS, Wii U, iOS","adventure video game, visual novel"
Photo Kano,2012-02-02,PlayStation Vita,dating sim
Picopict,2009-01-28,Nintendo DSi,puzzle video game
Picross 3D,2009-03-12,"Nintendo DS, Wii U","nonogram video game, puzzle video game"
Pikmin,2001-10-26,"Nintendo GameCube, Wii, Wii U",real-time strategy
Pikmin 2,2004-04-29,"Nintendo GameCube, Wii",real-time strategy
Pilotwings,1990-12-21,Super Nintendo Entertainment System,flight simulation video game
Pilotwings 64,1996-06-23,Nintendo 64,flight simulation video game
Pimania,1982-10-01,"Microsoft Windows, Sinclair ZX81",adventure video game
Pinball,1984-02-02,"Famicom Disk System, Nintendo Entertainment System, arcade video game",pinball machine game
Pinball Construction Set,1983-12-31,"Apple II, Atari 800, Commodore 64, DOS",simulation video game
Pinball Magic,1990-01-01,"Amstrad CPC, Atari ST",action game
Pipe Mania,1989-01-01,"Acorn Archimedes, Amstrad CPC, Apple IIGS, Atari ST, Classic Mac OS, Commodore 64, DOS, Microsoft Windows, Nintendo Entertainment System, SAM Coupé, ZX Spectrum",puzzle video game
Pirates of the Burning Sea,2008-01-22,Microsoft Windows,massively multiplayer online role-playing game
Pirates of the Caribbean,2003-06-30,Microsoft Windows,"adventure video game, role-playing video game"
Pirates of the Caribbean Multiplayer Mobile,2006-07-01,mobile phone,massively multiplayer online game
Pirates of the Caribbean: Dead Man's Chest,2006-06-27,"Nintendo DS, PlayStation Portable","action-adventure game, adventure video game"
Pitfall: The Mayan Adventure,1994-11-01,"Microsoft Windows, PlayStation, Super Nintendo Entertainment System, Wii","action game, platformer"
PixelJunk Monsters,2007-12-06,"Microsoft Windows, PlayStation 3, PlayStation Portable, PlayStation Vita, Wii U, macOS",strategy video game
Pizza Tycoon,1994-01-01,"DOS, Microsoft Windows, macOS",strategy video game
PlaneShift,2000-01-01,"Mac operating system, Microsoft Windows, macOS","fantasy video game, massively multiplayer online role-playing game"
Planescape: Torment,1999-12-12,Microsoft Windows,role-playing video game
PlanetSide,2003-05-20,Microsoft Windows,first-person shooter
PlanetSide 2,2012-11-20,Microsoft Windows,"first-person shooter, massively multiplayer online first-person shooter"
Planetarian: The Reverie of a Little Planet,2004-11-29,"Microsoft Windows, PlayStation 4, PlayStation Portable, iOS","kinetic novel, post-apocalyptic video game, science fiction video game, visual novel"
Planetarion,2000-01-01,web browser,massively multiplayer online game
Planetarium Football Star,2006-01-01,personal computer,association football video game
PlayStation Home,2008-12-11,PlayStation 3,Unknown
Playboy: The Mansion,2005-01-25,"Microsoft Windows, PlayStation 4","advergame, business simulation game, erotic video game"
Plaza Challenge,,web browser,strategy video game
Plot’s,1991-01-01,Microsoft Windows,puzzle video game
Plumbers Don't Wear Ties,1994-09-30,"3DO, Xbox Series X and Series S","dating sim, erotic video game, graphic adventure game, interactive film, point-and-click adventure, romantic comedy"
Pocket Bomberman,1997-12-12,"Game Boy, Game Boy Color","maze video game, platformer"
Pocky & Rocky,1992-12-22,Super Nintendo Entertainment System,shoot 'em up
Point Blank,2010-12-10,Microsoft Windows,first-person shooter
Poker Night at the Inventory,2010-11-22,"Microsoft Windows, macOS","crossover fiction, poker video game"
Pokédex 3D,2011-01-01,Nintendo 3DS,Unknown
Pokémon Battle Revolution,2006-12-14,Wii,"role-playing video game, turn-based strategy video game"
Pokémon Battrio,2007-11-21,arcade video game,arcade
Pokémon Conquest,2012-03-17,Nintendo DS,"crossover fiction, tactical role-playing game"
Pokémon Emerald,2005-06-09,Unknown,role-playing video game
Pokémon Mystery Dungeon: Explorers of Sky,2009-04-18,"Nintendo DS, Wii U","roguelike, role-playing video game"
Pokémon Mystery Dungeon: Gates to Infinity,2012-11-23,Nintendo 3DS,dungeon crawl
Pokémon Pinball,1999-04-14,Game Boy Color,pinball video game
Pokémon Platinum,2008-09-13,Nintendo DS,role-playing video game
Pokémon Puzzle Challenge,2000-09-21,Game Boy Color,puzzle video game
Pokémon Puzzle League,2000-09-25,Nintendo 64,puzzle video game
Pokémon Ranger,2006-03-23,"Nintendo DS, Wii U","action game, action role-playing game, action-adventure game, role-playing video game"
Pokémon Snap,1999-03-21,"Nintendo 64, Wii U","photography game, rail shooter"
Pokémon Stadium,1999-04-30,Nintendo 64,strategy video game
Pokémon Trozei!,2005-10-20,Nintendo DS,puzzle video game
Pokémon XD: Gale of Darkness,2005-08-04,Nintendo GameCube,role-playing video game
Pokémon Yellow,1998-09-12,"Game Boy, Game Boy Color, Nintendo 3DS family, Super Game Boy",role-playing video game
Polarium,2004-12-02,Nintendo DS,puzzle video game
Pole Position,1982-09-01,"Atari 2600, Atari 5200, Commodore 64, DOS, Vectrex, ZX Spectrum, iOS",racing video game
Pompei: The Legend of Vesuvius,2000-07-14,"Classic Mac OS, Microsoft Windows, macOS",adventure video game
Pong,1972-11-29,arcade video game,sports video game
Pool of Radiance,1988-01-01,"Classic Mac OS, Commodore 64, DOS, Microsoft Windows, Nintendo Entertainment System",tactical role-playing game
Pooyan,1982-01-01,"Atari 2600, Commodore 64, MSX, Nintendo DS, Nintendo Entertainment System, PV-1000, PlayStation 2, PlayStation 4, Wii U",action game
Pop'n TwinBee,1990-01-01,"Game Boy, Nintendo 3DS",shoot 'em up
Pop-up Pirate,2008-11-25,Wii,Unknown
Popeye 2,1991-11-22,Game Boy,"action game, platformer"
Popotan,2002-12-13,"Microsoft Windows, PlayStation 4","eroge, visual novel"
Poptropica,2007-09-20,Microsoft Windows,educational video game
Populous,1989-06-05,"Acorn Archimedes, Atari ST, Classic Mac OS, DOS, Game Boy, Mac operating system, Microsoft Windows, NEC PC-9800 series, Nintendo DS, PlayStation, Sharp X68000, Super Nintendo Entertainment System, TurboGrafx-16","god game, real-time strategy"
Populous: The Beginning,1998-11-30,"Microsoft Windows, PlayStation 2",god game
Port Royale 3: Pirates & Merchants,2012-05-04,"Microsoft Windows, PlayStation 3, Xbox One",business simulation game
"Port Royale: Gold, Power and Pirates",2003-06-04,Microsoft Windows,"business simulation game, simulation video game"
Post Mortem,2003-02-28,Microsoft Windows,adventure video game
Postal,1997-11-14,"Classic Mac OS, Microsoft Windows, macOS, web browser",shoot 'em up
Postal 2,2003-04-14,"Microsoft Windows, macOS","black comedy video game, first-person shooter, parody video game, satirical video game, self-reflexive video game"
Postal III,2011-12-21,"Microsoft Windows, PlayStation 3, Xbox One","black comedy video game, parody video game, satirical video game, self-reflexive video game, third-person shooter"
PowerSlave,1996-10-31,"DOS, Microsoft Windows, PlayStation 2, macOS","first-person shooter, science fiction video game"
Powerplay Manager,2007-01-01,web browser,"massively multiplayer browser role-playing game, sports video game"
Poy Poy,1997-06-12,PlayStation 2,"action game, fighting game"
Praetorians,2003-02-28,Microsoft Windows,"historical video game, real-time strategy"
Prehistorik,1991-01-01,"Amstrad CPC, Atari ST, DOS, Microsoft Windows, macOS",platformer
Prehistorik 2,1993-01-01,"Amstrad CPC, DOS, Game Boy, Microsoft Windows, macOS",platformer
Prey,2006-07-11,"Microsoft Windows, Xbox One, macOS","first-person shooter, science fiction video game"
Primal Carnage,2012-10-29,"Microsoft Windows, PlayStation 3, Xbox One",first-person shooter
Primal Rage,1995-01-01,"3DO, Amiga 1200, DOS, Game Boy, PlayStation, PlayStation 2, Super Nintendo Entertainment System, arcade video game","fighting game, post-apocalyptic video game"
Prince of Persia 2: The Shadow and the Flame,1993-01-01,"Classic Mac OS, DOS, PlayStation, Super Nintendo Entertainment System, iOS",platformer
Prince of Persia 3D,1999-01-01,Microsoft Windows,"action-adventure game, platformer, puzzle video game"
Prince of Persia: The Fallen King,2008-12-02,Nintendo DS,"action-adventure game, platformer"
Prince of Persia: The Forgotten Sands,2010-05-18,"Microsoft Windows, PlayStation 3, Xbox One",action-adventure game
Prince of Persia: The Two Thrones,2005-12-01,"Microsoft Windows, Nintendo GameCube, PlayStation 3, PlayStation 4, PlayStation Portable, Wii",action-adventure game
Prince of Persia: Warrior Within,2004-11-30,"Microsoft Windows, Nintendo GameCube, PlayStation 3, PlayStation 4, iOS",action-adventure game
Princess Lover!,2008-01-01,"Microsoft Windows, PlayStation 4","eroge, romance adventure game, visual novel"
Princess Waltz,2006-04-28,Microsoft Windows,"eroge, visual novel"
Prinny 2,2010-03-25,PlayStation Portable,platformer
Prism Ark,,"Microsoft Windows, PlayStation 4","eroge, visual novel"
Prisoner of Ice,1995-01-01,"Classic Mac OS, DOS, Microsoft Windows, PlayStation 2",adventure video game
Priston Tale,2001-01-01,Microsoft Windows,massively multiplayer online role-playing game
Private Eye,1983-09-19,Atari 2600,action game
Pro Cycling Manager 2010,,PlayStation Portable,sports video game
Pro Evolution Soccer,2001-03-15,"PlayStation 2, PlayStation 4",association football video game
Pro Evolution Soccer 2,2002-04-25,"Nintendo GameCube, PlayStation 2, PlayStation 4",association football video game
Pro Evolution Soccer 2008,2007-10-26,"Microsoft Windows, Nintendo DS, PlayStation 3, PlayStation 4, PlayStation Portable, Wii, Xbox One",association football video game
Pro Evolution Soccer 2009,2008-10-17,"Microsoft Windows, PlayStation 3, PlayStation 4, PlayStation Portable, Wii, Xbox One",association football video game
Pro Evolution Soccer 2010,2009-10-23,"Microsoft Windows, PlayStation 3, PlayStation 4, PlayStation Portable, Wii, Xbox One, iOS",association football video game
Pro Evolution Soccer 2011,2010-11-18,"Microsoft Windows, PlayStation 3, PlayStation 4, PlayStation Portable, Wii, Xbox One, iOS",association football video game
Pro Evolution Soccer 2011 3D,2011-02-26,Nintendo 3DS,association football video game
Pro Evolution Soccer 2012,2011-10-14,"Microsoft Windows, PlayStation 3, PlayStation 4, PlayStation Portable, Wii, Xbox One, iOS",association football video game
Pro Evolution Soccer 2013,2012-11-09,"Microsoft Windows, PlayStation 3, PlayStation 4, PlayStation Portable, Wii, Xbox One, iOS",association football video game
Pro Evolution Soccer 3,2003-08-07,"Microsoft Windows, PlayStation 4",association football video game
Pro Evolution Soccer 4,2004-08-05,"Microsoft Windows, PlayStation 4",association football video game
Pro Evolution Soccer 5,2005-08-04,"Microsoft Windows, PlayStation 4, PlayStation Portable",association football video game
Pro Evolution Soccer 6,2006-10-27,"Microsoft Windows, Nintendo DS, PlayStation 4, PlayStation Portable, Xbox One",association football video game
Pro Evolution Soccer Management,2006-03-24,PlayStation 4,"association football video game, construction and management simulation"
Pro Kishi Jinsei Simulation: Shōgi no Hanamichi,1996-02-16,Super Nintendo Entertainment System,shogi video game
Pro Powerboat Simulator,1989-01-01,"Atari ST, Commodore 64",sports video game
Pro Tennis Tour 2,1991-01-01,Atari ST,tennis video game
Professor Layton and the Azran Legacy,2013-02-28,Nintendo 3DS,adventure video game
Professor Layton and the Curious Village,2007-02-15,"Nintendo DS, iOS, iPadOS",puzzle video game
Professor Layton and the Diabolical Box,2007-11-29,"Nintendo DS, iOS","adventure video game, puzzle video game"
Professor Layton and the Last Specter,2009-11-26,Nintendo DS,puzzle video game
Professor Layton and the Miracle Mask,2011-02-26,Nintendo 3DS,adventure video game
Professor Layton and the Unwound Future,2008-11-27,"Nintendo DS, iOS","adventure video game, mystery video game, puzzle video game, science fiction video game"
Professor Layton vs. Ace Attorney,2012-11-29,Nintendo 3DS,"adventure video game, crossover fiction, visual novel"
Progear,2001-01-17,arcade video game,bullet hell
Project CARS,2015-05-07,Microsoft Windows,racing video game
Project Firestart,1989-08-14,Commodore 64,"science fiction video game, survival horror"
Project Gotham Racing,2001-11-15,Unknown,racing video game
Project Gotham Racing 4,2007-10-02,Xbox One,racing video game
Project Snowblind,2005-02-23,"Microsoft Windows, PlayStation 4","cyberpunk video game, first-person shooter"
Project Torque,2008-04-30,Microsoft Windows,"massively multiplayer online game, racing video game"
Project X Zone,2012-10-11,Nintendo 3DS,"crossover fiction, tactical role-playing game"
Project-X,1992-01-01,DOS,"science fiction video game, shoot 'em up"
ProtoGalaxy,2010-10-06,Microsoft Windows,"action-adventure game, post-apocalyptic video game, puzzle video game, science fiction video game, third-person shooter"
Prototype,2009-06-09,"Microsoft Windows, PlayStation 3, Xbox One","action-adventure game, biopunk, science fiction video game"
Prototype 2,2012-04-24,"Microsoft Windows, PlayStation 3, Xbox One","action-adventure game, biopunk, post-apocalyptic video game, science fiction video game"
Psi-5 Trading Company,1985-01-01,"Amstrad CPC, Commodore 64, Microsoft Windows","management simulation game, science fiction video game, space flight simulation game, space trading and combat game, text adventure"
Psychonauts,2005-04-19,"Microsoft Windows, PlayStation 3, PlayStation 4, Xbox One, macOS","adventure video game, platformer"
PuLiRuLa,1997-08-28,"PlayStation 4, arcade video game",beat 'em up
Puggsy,1993-01-01,PlayStation,platformer
Pump It Up Fiesta,2010-03-06,arcade video game,music video game
Punch-Out!!,1984-02-01,arcade video game,boxing video game
Purble Place,2007-01-30,Microsoft Windows,puzzle video game
Pure Pure Mimi to Shippo no Monogatari,2004-05-28,"Microsoft Windows, PlayStation 4","eroge, visual novel"
Purple Saturn Day,1989-01-01,"Amstrad CPC, Atari ST, DOS, Microsoft Windows, ZX Spectrum",sports video game
Pursuit Force,2005-11-18,PlayStation Portable,vehicular combat game
Push-Over,1992-01-01,"Atari ST, DOS, Microsoft Windows, Super Nintendo Entertainment System",puzzle video game
Puyo Pop Fever,2004-02-04,"Microsoft Windows, Nintendo DS, Nintendo GameCube, PlayStation 4, PlayStation Portable, Xbox One, macOS",puzzle video game
Puyo Puyo 2,1994-07-06,"Classic Mac OS, Microsoft Windows, PlayStation, PlayStation 2, PlayStation 4, Super Nintendo Entertainment System, TurboGrafx-16, arcade video game",puzzle video game
Puyo Puyo! 15th Anniversary,2006-12-14,"Nintendo DS, PlayStation 4, Wii","LGBT-themed video game, puzzle video game"
Puyo Puyo!! 20th Anniversary,2011-07-14,"Nintendo 3DS, Nintendo DS, PlayStation Portable, Wii",puzzle video game
Puzzle Bobble,1994-01-01,"3DO, Microsoft Windows, N-Gage, Neo Geo, Super Nintendo Entertainment System, iOS",puzzle video game
Puzzle Pirates,2003-12-08,"Java virtual machine, Microsoft Windows, macOS",puzzle video game
PyChess,,Unknown,Unknown
R-Type,1987-07-01,"Amstrad CPC, Atari ST, Commodore 64, Java virtual machine, MSX, PC Engine SuperGrafx, TurboGrafx-16, ZX Spectrum, arcade video game, iOS","science fiction video game, shoot 'em up"
R-Type Delta,1998-11-19,"PlayStation 2, PlayStation Portable","action game, science fiction video game"
R-Type Final,2003-07-17,PlayStation 4,"science fiction video game, shoot 'em up"
R-Type II,1989-12-31,Unknown,"science fiction video game, shoot 'em up"
R.U.S.E.,2010-09-07,"Microsoft Windows, PlayStation 3, Xbox One, macOS",real-time strategy
R2Beat,2006-02-07,Microsoft Windows,music video game
RPM Tuning,2004-11-19,"Microsoft Windows, PlayStation 4",racing video game
Rabbids Land,2012-11-18,Wii U,party video game
Race 07,2007-10-12,Microsoft Windows,sim racing
Race Driver: Create & Race,2007-09-25,Nintendo DS,racing video game
Race Driver: Grid,2008-05-30,"Microsoft Windows, PlayStation 3, Xbox One, macOS",racing video game
Race On,2009-10-16,Microsoft Windows,sim racing
Race – The Official WTCC Game,2006-11-24,Microsoft Windows,sim racing
Racing Lagoon,1999-06-10,PlayStation 2,"racing video game, role-playing video game"
RadX-8,1987-01-01,"MSX, MSX 2","action game, shoot 'em up"
Radar Rat Race,1981-01-01,"Commodore 64, Commodore VIC-20",maze video game
Radiant Historia,2010-11-03,Nintendo DS,role-playing video game
Radical Dreamers,1996-02-03,Super Nintendo Entertainment System,visual novel
Rage,2011-10-04,"Microsoft Windows, PlayStation 3, Xbox One, iOS, macOS","first-person shooter, post-apocalyptic video game, racing video game, vehicular combat game"
Rage Racer,1996-12-03,PlayStation 2,racing video game
Ragnarok Odyssey,2012-02-02,"PlayStation 3, PlayStation Vita",role-playing video game
Ragnarok Online,2002-08-31,Microsoft Windows,massively multiplayer online role-playing game
Ragnarok Online 2: The Gate of the World,2007-05-28,Microsoft Windows,massively multiplayer online role-playing game
Raid over Moscow,1984-01-01,"Amstrad CPC, Apple II series, Atari 8-bit family, BBC Micro, Commodore 64, ZX Spectrum",action game
Raiden,1991-07-06,"Atari Falcon, Atari Jaguar, Atari Lynx, Atari Panther, DOS, PlayStation, PlayStation 2, Super Nintendo Entertainment System, TurboGrafx-16, arcade video game",shoot 'em up
Rail Simulator,2007-10-12,Microsoft Windows,simulation video game
RailSim 2,2003-01-01,Microsoft Windows,train simulator
RailWorks,2009-07-12,Microsoft Windows,train simulator
Rakion,,Microsoft Windows,Unknown
Rally Challenge 2000,1999-08-06,Nintendo 64,racing video game
Rambo: First Blood Part II,1986-11-16,Unknown,run and gun
Rampage,1986-01-01,"Commodore 64, DOS, Nintendo Entertainment System, PlayStation 2, PlayStation 4, Wii, ZX Spectrum, arcade video game",platformer
Rampart,1990-01-01,"Atari ST, Classic Mac OS, Commodore 64, DOS, Nintendo Entertainment System, PlayStation, Super Nintendo Entertainment System","puzzle video game, strategy video game"
RapeLay,2006-04-21,Microsoft Windows,"eroge, life simulation game"
Rappelz,2006-11-03,Microsoft Windows,fantasy video game
Rastan Saga,1987-03-01,"Amstrad CPC, Apple IIGS, Commodore 64, ZX Spectrum, arcade video game",platformer
Ratchet & Clank,2002-11-04,"PlayStation 3, PlayStation 4, PlayStation Vita","platformer, third-person shooter"
Ratchet & Clank: Size Matters,2007-02-13,"PlayStation 4, PlayStation Portable",platformer
Ravenwood Fair,2010-10-19,Facebook Platform,"business simulation game, role-playing video game"
Raving Rabbids: Travel in Time,2010-11-21,Wii,"action-adventure game, platformer"
Raw Danger!,2006-03-30,"PlayStation 3, PlayStation 4",action-adventure game
Rayman 3: Hoodlum Havoc,2003-02-21,"Microsoft Windows, Nintendo GameCube, PlayStation 3, PlayStation 4, Xbox One, macOS",3D platform game
Rayman Activity Centre,2000-01-01,Microsoft Windows,educational video game
Rayman Kart,2007-01-01,"Java virtual machine, mobile phone",vehicular combat game
Rayman Origins,2011-11-24,"Microsoft Windows, Nintendo 3DS, PlayStation 3, PlayStation Vita, Wii, Xbox One, macOS",2D platform game
Rayman Raving Rabbids,2006-11-19,"Microsoft Windows, Nintendo DS, Nintendo DS Lite, PlayStation 4, Wii, Xbox One, macOS",party video game
Rayman Raving Rabbids 2,2007-11-13,"Microsoft Windows, Nintendo 3DS, Nintendo DS, Nintendo DS Lite, Wii, Wii U",party video game
Re-Volt,1999-07-31,"Microsoft Windows, Nintendo 64, PlayStation 2, iOS",racing video game
Reach for the Stars,1983-01-01,"Apple IIGS, Commodore 64, DOS, Mac operating system, Microsoft Windows","science fiction video game, turn-based strategy video game"
Real Bout Fatal Fury,1995-12-21,"Neo Geo, Neo Geo CD, PlayStation 2, PlayStation 4, arcade video game",fighting game
Real Bout Fatal Fury 2: The Newcomers,1998-03-19,"Neo Geo, Neo Geo CD, PlayStation 4, arcade video game",fighting game
Real Bout Fatal Fury Special,1997-01-28,"Neo Geo, Neo Geo CD, PlayStation 2, PlayStation 4, arcade video game",fighting game
Real War,2001-01-01,Microsoft Windows,real-time tactics
Really? Really!,2006-01-01,"Microsoft Windows, Nintendo DS","eroge, mystery video game, visual novel"
Record of Agarest War,2007-09-27,"Microsoft Windows, PlayStation 2, PlayStation 3, Xbox One, iOS",role-playing video game
Record of Agarest War Zero,2009-06-25,"Microsoft Windows, PlayStation 3, Xbox One, iOS",role-playing video game
Red Baron,1990-01-01,"Classic Mac OS, DOS, Microsoft Windows","action game, combat flight simulator game, simulation video game"
Red Earth,1996-11-21,"CP System III, arcade video game",fighting game
Red Faction II,2002-10-15,"Microsoft Windows, Nintendo GameCube, PlayStation 4","cyberpunk video game, first-person shooter, science fiction video game"
Red Heat,1989-01-01,"Atari ST, Commodore 64",action game
Red Lightning,1989-01-01,"Atari ST, DOS",computer wargame
Red Ocean,2007-03-30,Microsoft Windows,first-person shooter
Red Orchestra: Ostfront 41–45,2006-03-14,"Microsoft Windows, macOS","first-person shooter, tactical shooter"
Red Steel,2006-11-19,Wii,first-person shooter
Red Steel 2,2010-03-23,Wii,first-person shooter
Red Zone,1994-01-01,PlayStation,shoot 'em up
Remember 11: The Age of Infinity,2004-03-18,"Microsoft Windows, PlayStation 4, iOS","science fiction video game, visual novel"
Rendezvous with Rama,1984-01-01,"Commodore 64, DOS, MSX","interactive fiction, science fiction video game"
Renegade,1986-01-01,"Amstrad CPC, Commodore 64, DOS, Nintendo Entertainment System, ZX Spectrum",beat 'em up
Republic: The Revolution,2003-08-27,"Microsoft Windows, macOS","simulation video game, strategy video game"
Requiem: Memento Mori,2008-06-19,Microsoft Windows,massively multiplayer online role-playing game
Rescue on Fractalus!,1984-03-01,"Amstrad CPC, Atari 5200, Atari 7800, Commodore 64, ZX Spectrum","action game, science fiction video game"
Reservoir Dogs,2006-08-25,"Microsoft Windows, PlayStation 4, macOS",third-person shooter
Resident Evil,1996-03-22,"Microsoft Windows, Nintendo DS, Nintendo GameCube, PlayStation 2, PlayStation 3, Wii, Xbox One",survival horror
Resident Evil 2,1998-01-21,"Microsoft Windows, Nintendo 64, Nintendo GameCube, PlayStation 2","survival horror, zombie video game"
Resident Evil 3: Nemesis,1999-09-22,"Microsoft Windows, Nintendo GameCube, PlayStation 2, PlayStation 3",survival horror
Resident Evil 4,2005-01-11,"Microsoft Windows, Nintendo GameCube, PlayStation 3, PlayStation 4, PlayStation Portable, Wii, Xbox One, Zeebo, iOS","action-adventure game, survival horror, third-person shooter"
Resident Evil 5,2009-03-05,"Microsoft Windows, PlayStation 3, Xbox One","action-adventure game, third-person shooter"
Resident Evil Gaiden,2001-12-14,Game Boy Color,action-adventure game
Resident Evil Outbreak,2003-12-11,PlayStation 4,action-adventure game
Resident Evil Survivor,2000-01-27,"Microsoft Windows, PlayStation 2",light-gun shooter
Resident Evil Zero,2002-11-12,"Microsoft Windows, Nintendo GameCube, PlayStation 3, Wii, Xbox One",survival horror
Resident Evil – Code: Veronica,2000-02-03,"Nintendo GameCube, PlayStation 3, PlayStation 4, PlayStation Portable, Xbox One",survival horror
Resident Evil: Dead Aim,2003-02-13,PlayStation 4,"light-gun shooter, video game with LGBT character"
Resident Evil: Operation Raccoon City,2012-03-20,"Microsoft Windows, PlayStation 3, Xbox One",third-person shooter
Resident Evil: Revelations,2012-01-26,"Microsoft Windows, Nintendo 3DS, PlayStation 3, Wii U, Xbox One","action game, survival horror, third-person shooter"
Resident Evil: The Mercenaries 3D,2011-06-02,Nintendo 3DS,third-person shooter
Resident Evil: The Umbrella Chronicles,2007-11-13,"PlayStation 3, Wii","rail shooter, shoot 'em up"
Resistance 2,2008-11-04,PlayStation 3,"first-person shooter, post-apocalyptic video game, science fiction video game"
Resistance: Fall of Man,2006-11-11,PlayStation 3,"alternate history video game, first-person shooter, post-apocalyptic video game, science fiction video game"
Resistance: Retribution,2009-03-12,PlayStation Portable,"science fiction video game, third-person shooter"
Resort Boin,2007-03-16,Microsoft Windows,"eroge, visual novel"
Restricted Area,2004-10-01,Microsoft Windows,action role-playing game
Retro Game Challenge,2007-11-15,Nintendo DS,minigame
Return to Krondor,1998-01-01,Microsoft Windows,role-playing video game
Return to Mysterious Island,2004-11-19,"Microsoft Windows, iOS",adventure video game
Reunion,1994-01-01,DOS,"adventure video game, real-time strategy, science fiction video game"
Revelations: Persona,1996-09-20,Microsoft Windows,role-playing video game
Revenant,1999-10-26,"Classic Mac OS, Microsoft Windows","action role-playing game, adventure video game, role-playing video game"
Revs,1984-12-31,"BBC Micro, Commodore 64",racing video game
Rez,2001-11-22,PlayStation 4,"music video game, rail shooter"
Rhythm Heaven,2008-07-31,Nintendo DS,rhythm game
Ridge Racer 6,2005-11-22,Xbox One,racing video game
Ring,1999-07-05,Microsoft Windows,adventure video game
Rings of Power,1991-12-31,PlayStation,role-playing video game
Rise and Fall: Civilizations at War,2006-06-12,Microsoft Windows,"historical video game, real-time strategy, third-person shooter"
Rise of Nations,2003-05-20,"Microsoft Windows, macOS","grand strategy wargame, real-time strategy"
Rise of the Argonauts,2008-12-16,"Microsoft Windows, PlayStation 3, Xbox One",role-playing video game
Rise of the Guardians,2012-11-20,"Nintendo DS, PlayStation 3, Wii, Wii U, Xbox One","action game, action-adventure game"
Rise of the Triad,1994-12-21,"DOS, Microsoft Windows, iOS, macOS",first-person shooter
Risen,2009-10-02,"Microsoft Windows, Xbox One, Xbox Series X and Series S",action role-playing game
Risk II,2000-03-22,"Classic Mac OS, Microsoft Windows",turn-based strategy video game
Risky Woods,1992-12-31,"DOS, Microsoft Windows, PlayStation","action game, action-adventure game, adventure video game, side-scrolling video game"
River City Ransom,1989-04-25,"Commodore 64, Nintendo Entertainment System, TurboGrafx-16",beat 'em up
River Patrol,1981-01-01,"Atari 2600, Zilog Z80",action game
River Raid,1982-01-01,"Atari 2600, Atari 5200, ColecoVision, Commodore 64, MSX, ZX Spectrum",shoot 'em up
Riverworld,1998-01-01,Microsoft Windows,strategy video game
Riviera: The Promised Land,2002-07-12,"Microsoft Windows, PlayStation Portable, iOS",role-playing video game
Road Fighter,1984-01-01,"MSX, Nintendo Entertainment System","racing video game, vehicular combat game"
Road Rash,1994-01-01,"3DO, Game Boy, PlayStation, PlayStation 2",racing video game
RoadBlasters,1990-01-01,"Amstrad CPC, Atari ST, Commodore 64, Motorola 68010, Nintendo Entertainment System, PlayStation, ZX Spectrum, arcade video game","racing video game, vehicular combat game"
Roadwar 2000,1986-01-01,"Apple IIGS, Atari ST, Commodore 64, DOS","post-apocalyptic video game, turn-based strategy video game"
Robin Hood: The Legend of Sherwood,2002-01-01,"Microsoft Windows, macOS",real-time tactics
RoboCop,1988-01-01,"Amiga 1200, Amstrad CPC, Atari ST, Commodore 64, DOS, Game Boy, MSX, Nintendo Entertainment System, ZX Spectrum, arcade video game",shoot 'em up
Robocode,,Java virtual machine,Unknown
Robotron: 2084,1982-01-01,"Atari 5200, Atari 7800, Atari ST, Commodore 64, Commodore VIC-20, DOS, ZX Spectrum",shoot 'em up
Rock Revolution,2008-10-15,"Nintendo DS, PlayStation 3, Wii, Xbox One",music video game
Rocket Knight Adventures,1993-06-16,PlayStation,platformer
Rocket Ranger,1988-01-01,"Apple IIGS, Commodore 64, DOS, Nintendo Entertainment System",action-adventure game
Rocksmith,2011-10-18,"Microsoft Windows, PlayStation 3, Xbox One",music video game
Rocky,1987-04-19,"Nintendo GameCube, PlayStation 4",boxing video game
Rod Land,1990-04-03,"Amstrad CPC, Atari ST, Commodore 64, Nintendo Entertainment System, ZX Spectrum, arcade video game, iOS","action game, platformer"
Rodea the Sky Soldier,2015-01-01,"Wii, Wii U",action game
Rogue Trip: Vacation 2012,1998-09-30,PlayStation 2,"post-apocalyptic video game, science fiction video game, vehicular combat game"
Rogue Trooper,2006-05-23,"Microsoft Windows, PlayStation 4, Wii",third-person shooter
Rohan: Blood Feud,2008-05-28,Microsoft Windows,"fantasy video game, massively multiplayer online role-playing game"
Rolando,2008-12-18,iOS,"adventure video game, puzzle video game"
RollerCoaster Tycoon 2,2002-10-15,Microsoft Windows,construction and management simulation
RollerCoaster Tycoon 3,2004-10-26,"Microsoft Windows, iOS, macOS",construction and management simulation
Romance of the Three Kingdoms III: Dragon of Destiny,1992-02-05,"DOS, Microsoft Windows, PlayStation, PlayStation 2, Super Nintendo Entertainment System, TurboGrafx-16",turn-based strategy video game
Romance of the Three Kingdoms VII,2000-02-18,"Classic Mac OS, Microsoft Windows, PlayStation 4",turn-based strategy video game
Romance of the Three Kingdoms XI,2006-03-17,"Microsoft Windows, PlayStation 4, Wii","grand strategy wargame, strategy video game, turn-based strategy video game"
Romancing SaGa,1992-01-28,"EZweb, Microsoft Windows, PlayStation 4, Super Nintendo Entertainment System, Wii U, i-mode, iOS",role-playing video game
Romancing SaGa 2,1993-12-10,"EZweb, Microsoft Windows, Super Nintendo Entertainment System, Wii U, i-mode, iOS",role-playing video game
Rome: Total War,2004-09-22,"Microsoft Windows, iOS, macOS","historical video game, real-time strategy, real-time tactics, turn-based strategy video game"
Ronaldo V-Football,2000-05-20,"Game Boy Color, PlayStation 2",association football video game
Rosco McQueen Firefighter Extreme,1997-09-01,PlayStation 2,"action game, action-adventure game"
Ruff 'n' Tumble,1994-01-01,Unknown,"platformer, science fiction video game"
Rugby - The World Cup,1991-01-01,Unknown,Unknown
Rugby 08,2007-07-25,"Microsoft Windows, PlayStation 4",sports video game
Ruiner Pinball,1995-01-01,Atari Jaguar,pinball machine game
Rule of Rose,2006-01-19,PlayStation 4,psychological horror fiction
Runaway 2: The Dream of the Turtle,2006-11-17,"Microsoft Windows, Nintendo DS, Wii, iOS",adventure video game
Runaway: A Road Adventure,2001-07-06,"Microsoft Windows, iOS",adventure video game
Rune Factory: A Fantasy Harvest Moon,2006-08-24,Nintendo DS,"role-playing video game, simulation video game"
Rune: Halls of Valhalla,2001-06-21,Microsoft Windows,action-adventure game
RuneScape,2001-01-04,"Java platform, Java virtual machine, Microsoft Windows, macOS","fantasy video game, massively multiplayer online role-playing game"
Runes of Magic,2009-03-19,Microsoft Windows,"fantasy video game, massively multiplayer online role-playing game"
Rurouni Kenshin: Meiji kenkaku romantan - Enjō! Kyōto rinne,2006-01-01,PlayStation 4,action game
Rush 2: Extreme Racing USA,1998-11-10,Nintendo 64,racing video game
Rush for Berlin,2006-05-26,Microsoft Windows,real-time tactics
Rygar,1987-04-14,"Commodore 64, Nintendo Entertainment System, ZX Spectrum",Metroidvania
Ryzom,2004-09-16,"Mac operating system, Microsoft Windows, iOS, macOS",massively multiplayer online role-playing game
Ryū ga Gotoku Kenzan!,2008-03-06,PlayStation 3,action-adventure game
S.T.A.L.K.E.R.: Clear Sky,2008-08-22,Microsoft Windows,"first-person shooter, post-apocalyptic video game, role-playing video game, science fiction video game"
S.T.A.L.K.E.R.: Shadow of Chernobyl,2007-03-20,Microsoft Windows,"first-person shooter, post-apocalyptic video game, science fiction video game, survival horror"
S.W.I.N.E.,2001-11-19,Microsoft Windows,real-time tactics
S4 League,2008-01-01,Microsoft Windows,third-person shooter
SCANDAL,,PlayStation 4,Unknown
SD Gundam Capsule Fighter Online,,Microsoft Windows,"massively multiplayer online third-person shooter, mecha video game"
SOL,1995-09-01,web browser,Unknown
SSX,2012-02-28,"PlayStation 3, Xbox One",sports video game
SSX Blur,2007-02-27,Wii,racing video game
SWAT 3: Close Quarters Battle,1999-11-23,Microsoft Windows,first-person shooter
SWIV,1991-01-01,"Acorn Archimedes, Amstrad CPC, Atari ST, Commodore 64, MSX, Super Nintendo Entertainment System, ZX Spectrum",shoot 'em up
Saboteur,1985-01-01,"Amstrad CPC, Commodore 64, Microsoft Windows, ZX Spectrum, macOS",action-adventure game
Saboteur II: Avenging Angel,1987-12-31,"Amstrad CPC, Commodore 64, DOS, Microsoft Windows, ZX Spectrum","action-adventure game, platformer"
Sacred,2004-01-01,Microsoft Windows,action role-playing game
Saints Row,2006-08-29,Xbox One,action-adventure game
Saints Row 2,2008-05-29,"Microsoft Windows, PlayStation 3, Xbox One","LGBT-themed video game, action-adventure game, video game with LGBT character"
Sakura Strasse,2008-01-25,Microsoft Windows,"eroge, visual novel"
Salamander 2,1996-06-19,"PlayStation 2, arcade video game",shoot 'em up
Sam & Max Hit the Road,1993-11-01,"Classic Mac OS, DOS, Microsoft Windows, macOS",adventure video game
Sam & Max Save the World,2006-10-17,"Microsoft Windows, Wii",graphic adventure game
Sam & Max: Reality 2.0,2007-03-29,"Microsoft Windows, personal computer",adventure video game
Samantha Fox Strip Poker,1986-01-01,"Commodore 64, MSX, ZX Spectrum",Unknown
SameGame,1985-01-01,"Classic Mac OS, Microsoft Windows, Wii, iOS",tile-matching video game
Samorost,2003-01-01,"Microsoft Windows, macOS","art game, graphic adventure game, point-and-click adventure, puzzle video game"
Samurai Shodown,1993-08-11,"3DO, Game Boy, Microsoft Windows, Neo Geo, PlayStation, PlayStation 2, PlayStation 4, Super Nintendo Entertainment System",fighting game
Samurai Warriors,2004-02-11,"PlayStation 4, PlayStation Portable","crowd-combat video game, hack and slash"
San Francisco Rush 2049,1999-10-01,"Game Boy Color, Microsoft Windows, Nintendo 64, Nintendo GameCube, PlayStation 4, arcade video game",racing video game
San Francisco Rush: Extreme Racing,1997-11-08,"Microsoft Windows, Nintendo 64, Nintendo GameCube, PlayStation 2, PlayStation 4, arcade video game",racing video game
Sangokushi Koumeiden,1996-01-01,"Microsoft Windows, PlayStation 2",tactical role-playing game
Sangokushi Sousouden,1998-12-11,Microsoft Windows,tactical role-playing game
Sangokushi Taisen,2005-01-01,arcade video game,"collectible card video game, real-time strategy, real-time tactics"
Sanitarium,1998-04-30,"Microsoft Windows, iOS",graphic adventure game
Saturday Night Slam Masters,1994-06-01,"FM Towns, PlayStation, Super Nintendo Entertainment System, arcade video game",fighting game
Savage 2: A Tortured Soul,2008-01-16,"Microsoft Windows, macOS","action role-playing game, first-person shooter, real-time strategy"
Savage: The Battle for Newerth,2003-09-09,"Microsoft Windows, macOS","first-person shooter, real-time strategy"
Saw,2009-10-06,"Microsoft Windows, PlayStation 3, Xbox One","action-adventure game, survival horror"
Saw II: Flesh & Blood,2010-10-19,"PlayStation 3, Xbox One","action-adventure game, survival horror"
Scarface: The World Is Yours,2006-07-25,"Microsoft Windows, PlayStation 4, Wii, Xbox One",third-person shooter
Schizm: Mysterious Journey,2001-10-11,Microsoft Windows,adventure video game
School Days,2005-04-28,"Microsoft Windows, PlayStation 4","ecchi, eroge, harem, visual novel"
School Tycoon,2004-01-15,Microsoft Windows,business simulation game
Schreckenstein,1985-01-01,"Atari 8-bit family, Commodore 64",platformer
Scions of Fate,2018-01-29,Microsoft Windows,massively multiplayer online role-playing game
Scooby-Doo! Mystery Mayhem,2003-09-10,"Nintendo GameCube, PlayStation 4",action-adventure game
Scott Pilgrim vs. the World: The Game,2010-08-10,"Microsoft Windows, PlayStation 3, Xbox One",beat 'em up
Scratches,2006-03-08,Microsoft Windows,adventure video game
Screamer,1995-10-31,"DOS, Microsoft Windows, macOS",racing video game
Screamer 4x4,2000-12-22,Microsoft Windows,racing video game
Scribblenauts,2009-09-15,Nintendo DS,"action-adventure game, puzzle video game"
Scribblenauts Unlimited,2012-11-18,"Microsoft Windows, Nintendo 3DS, Wii U, iOS","action-adventure game, puzzle video game"
Scud Race,1996-01-01,arcade video game,racing video game
Second Life,2003-06-23,"Microsoft Windows, macOS","erotic video game, massively multiplayer online game, massively multiplayer online social game, virtual world"
Second Sight,2004-09-03,"Microsoft Windows, Nintendo GameCube, PlayStation 4","action-adventure game, stealth game, third-person shooter"
Secret Files 2: Puritas Cordis,2009-05-08,"Microsoft Windows, Nintendo DS, Wii, iOS",adventure video game
Secret Files: Tunguska,2006-10-30,"Microsoft Windows, Nintendo DS, Wii, Wii U, iOS",adventure video game
Secret Weapons Over Normandy,2003-11-18,"Microsoft Windows, PlayStation 4",flight simulation video game
Secret Weapons of the Luftwaffe,1991-01-01,"Classic Mac OS, DOS",flight simulation video game
Sega Rally Championship,1995-12-19,"Microsoft Windows, N-Gage, arcade video game",racing video game
Sega Rally Revo,2007-09-27,"Microsoft Windows, PlayStation 3, PlayStation Portable, Xbox One",racing video game
Sega Soccer Slam,2002-03-18,"Nintendo GameCube, PlayStation 4, Xbox One",association football video game
SegaSonic Cosmo Fighter,1991-01-01,arcade video game,action game
Sensible Soccer,1992-01-01,"Acorn Archimedes, Atari ST, DOS, PlayStation, Super Nintendo Entertainment System",association football video game
Sensible World of Soccer,1994-01-01,DOS,association football video game
Sentimental Graffiti,,Microsoft Windows,dating sim
Sentinel Returns,1998-10-01,"Microsoft Windows, PlayStation 2",puzzle video game
Serious Sam: Next Encounter,2004-04-12,"Nintendo GameCube, PlayStation 4",first-person shooter
Serious Sam: The First Encounter,2001-03-21,Microsoft Windows,first-person shooter
Serious Sam: The Second Encounter,2002-02-05,Microsoft Windows,first-person shooter
Severance: Blade of Darkness,2001-02-21,Microsoft Windows,"action-adventure game, role-playing video game"
Sex Games,1985-01-01,Commodore 64,Unknown
Sexy Parodius,1996-11-01,"PlayStation 2, arcade video game",shoot 'em up
Shadow Hearts: Covenant,2004-02-19,PlayStation 4,"role-playing video game, video game with LGBT character"
Shadow Man,1999-03-09,"Microsoft Windows, Nintendo 64, PlayStation 2, macOS",action-adventure game
Shadow Man: 2econd Coming,2002-03-02,PlayStation 4,action-adventure game
Shadow Ops: Red Mercury,2004-06-15,Microsoft Windows,first-person shooter
Shadow President,1993-02-01,DOS,"cyberpunk video game, government simulation game"
Shadow of the Beast,1989-01-01,"Amstrad CPC, Atari ST, Commodore 64, PlayStation, Super Nintendo Entertainment System, TurboGrafx-16, ZX Spectrum",platformer
Shadow of the Colossus,2005-10-18,"PlayStation 3, PlayStation 4",action-adventure game
Shadow of the Comet,1993-01-01,"DOS, Microsoft Windows",adventure video game
ShadowCaster,1993-01-01,DOS,role-playing video game
Shadowgate,1991-05-30,"Apple IIGS, Atari ST, Classic Mac OS, DOS, Microsoft Windows, Nintendo Entertainment System, Philips CD-i, macOS",adventure video game
Shadowgrounds,2005-11-11,"Microsoft Windows, macOS",shoot 'em up
Shadowkeep,1984-01-01,Apple II series,role-playing video game
Shaiya,2005-01-01,Microsoft Windows,massively multiplayer online role-playing game
Shaman King: Soul Fight,2003-03-28,Nintendo GameCube,fighting game
Sharin no Kuni: The Girl Among the Sunflowers,2005-11-25,"Microsoft Windows, PlayStation 3, Xbox One","eroge, visual novel"
Shark Jaws,1975-09-25,arcade video game,action game
Shatter,2009-07-23,"Microsoft Windows, PlayStation 3, iOS, macOS",Breakout clone
Shattered Galaxy,2001-08-30,Microsoft Windows,massively multiplayer online real-time strategy game
Shattered Union,2005-10-17,Microsoft Windows,turn-based tactics
"Sheep, Dog 'n' Wolf",2001-05-23,"Microsoft Windows, PlayStation 2","puzzle-platformer, stealth game"
Shellshock: Nam '67,2004-09-03,"Microsoft Windows, PlayStation 4",third-person shooter
Shenmue II,2001-09-06,PlayStation 4,"action-adventure game, role-playing video game"
Shenmue Online,2007-01-01,Microsoft Windows,massively multiplayer online role-playing game
Sheriff,1979-01-01,arcade video game,shoot 'em up
Sherlock,1984-12-31,"Commodore 64, ZX Spectrum",interactive fiction
Sherlock Holmes Versus Jack the Ripper,2009-04-30,"Microsoft Windows, Xbox One","adventure video game, crossover fiction"
Sherlock Holmes: The Case of the Silver Earring,2004-08-27,Microsoft Windows,adventure video game
Sherlock Holmes: The Mystery of the Mummy,2002-01-01,"Microsoft Windows, Nintendo DS, Wii",adventure video game
Sherlock Holmes: The Mystery of the Persian Carpet,2008-05-09,Microsoft Windows,casual game
Shift 2 Unleashed,2011-03-29,"Microsoft Windows, PlayStation 3, PlayStation Portable, Xbox One, iOS",racing video game
Shin Megami Tensei,1992-01-01,"PlayStation, PlayStation 2, Super Nintendo Entertainment System, TurboGrafx-16, iOS","cyberpunk video game, post-apocalyptic video game, role-playing video game"
Shin Megami Tensei II,1994-03-18,"PlayStation, PlayStation 2, Super Nintendo Entertainment System, Wii U, iOS","cyberpunk video game, role-playing video game"
Shin Megami Tensei III: Nocturne,2003-02-20,PlayStation 4,"crossover fiction, post-apocalyptic video game, role-playing video game"
Shin Megami Tensei If…,1994-10-28,"Microsoft Windows, PlayStation 2, Super Nintendo Entertainment System, iOS","cyberpunk video game, role-playing video game"
Shin Megami Tensei: Devil Summoner,1995-12-25,Unknown,"cyberpunk video game, role-playing video game"
Shin Megami Tensei: Devil Survivor,2009-01-15,Nintendo DS,tactical role-playing game
Shin Megami Tensei: Nine,2002-12-05,Unknown,"cyberpunk video game, role-playing video game"
Shin Megami Tensei: Strange Journey,2009-10-08,Nintendo DS,"role-playing video game, science fiction video game"
Shining Ark,2013-02-28,PlayStation Portable,role-playing video game
Shining Force,1992-03-20,"Microsoft Windows, PlayStation, iOS, macOS",tactical role-playing game
Shining Force Feather,2009-02-19,Nintendo DS,tactical role-playing game
Shining Force Gaiden,1992-12-25,Unknown,tactical role-playing game
Shining Force: The Sword of Hajya,1993-06-25,Unknown,tactical role-playing game
Shining Hearts,2010-12-16,PlayStation Portable,role-playing video game
Shining Wind,2007-05-17,PlayStation 4,role-playing video game
Shining Wisdom,1995-08-11,Unknown,action-adventure game
Shinkyoku Sōkai Polyphonica,,"Microsoft Windows, PlayStation 4",visual novel
Shiren the Wanderer,2008-06-05,Wii,role-playing video game
Shivers,1995-09-30,"Classic Mac OS, Microsoft Windows, macOS",adventure video game
Shock Troopers,1997-01-01,"Microsoft Windows, Neo Geo, arcade video game, iOS",shoot 'em up
Shogun: Total War,2000-06-13,Microsoft Windows,"real-time strategy, real-time tactics, turn-based strategy video game"
Shoot Away,1977-01-01,arcade video game,"arcade, light-gun shooter"
ShootMania Storm,2013-04-10,Microsoft Windows,first-person shooter
Shot Online,2004-01-01,Microsoft Windows,"massively multiplayer online role-playing game, sports video game"
Shrek Forever After,2010-06-18,"Microsoft Windows, Nintendo DS, PlayStation 3, Wii, Xbox One, iOS",action-adventure game
Shrek Smash n' Crash Racing,2006-11-14,"Nintendo DS, Nintendo GameCube, PlayStation 4, PlayStation Portable",racing video game
Shuffle!,2004-01-01,"Microsoft Windows, PlayStation 4","ecchi, eroge, harem, romance anime and manga, romantic comedy anime and manga, visual novel"
Shuffle! Love Rainbow,2011-04-28,Microsoft Windows,"eroge, visual novel"
Shukufuku no Campanella,2009-01-30,"Microsoft Windows, PlayStation Portable","eroge, harem, visual novel"
Sid Meier's Alpha Centauri,1999-02-12,"Classic Mac OS, Microsoft Windows, macOS","4X, hard science fiction video game, turn-based strategy video game"
Sid Meier's Colonization,1994-01-01,"Amiga 1200, AmigaOS, Classic Mac OS, DOS, Microsoft Windows, macOS",turn-based strategy video game
Sid Meier's Pirates!,2004-11-22,"Amstrad CPC, Apple II series, Commodore 64, DOS, Microsoft Windows, Nintendo Entertainment System, PlayStation, PlayStation Portable, Wii, Windows Phone, Xbox One, iOS, macOS",strategy video game
Sid Meier's SimGolf,2002-01-23,Microsoft Windows,sports video game
Side Pocket,1986-06-01,"Game Boy, Nintendo Entertainment System, PlayStation, PlayStation 2, Super Nintendo Entertainment System, arcade video game",sports video game
Silent Hill,1999-02-23,"Microsoft Windows, PlayStation 2","psychological horror fiction, survival horror"
Silent Hill 2,2001-11-23,"Microsoft Windows, PlayStation 3, PlayStation 4, Xbox One",psychological horror fiction
Silent Hill 3,2003-05-23,"Microsoft Windows, PlayStation 3, PlayStation 4, Xbox One",psychological horror fiction
Silent Hill 4: The Room,2004-06-17,"Microsoft Windows, PlayStation 3, PlayStation 4","psychological horror fiction, survival horror"
Silent Hill: Book of Memories,2012-10-16,PlayStation Vita,action game
Silent Hill: Downpour,2012-03-13,"PlayStation 3, Xbox One",psychological horror fiction
Silent Hill: Homecoming,2008-09-30,"Microsoft Windows, PlayStation 3, Xbox One",psychological horror fiction
Silent Hill: Origins,2007-11-06,"PlayStation 4, PlayStation Portable",psychological horror fiction
Silent Hill: Play Novel,2001-01-01,Microsoft Windows,visual novel
Silent Hill: Shattered Memories,2009-12-08,"PlayStation 4, PlayStation Portable, Wii",psychological horror fiction
Silent Hill: The Arcade,2007-07-25,arcade video game,first-person shooter
Silent Service,1985-01-01,"Amstrad CPC, Apple IIGS, Atari ST, Commodore 64, DOS, Microsoft Windows, Nintendo Entertainment System, ZX Spectrum, macOS",submarine simulator
Silkroad Online,2004-12-31,Microsoft Windows,massively multiplayer online role-playing game
Silpheed,1986-12-05,"Apple IIGS, DOS, PlayStation",shoot 'em up
Silver,1999-08-31,"Classic Mac OS, Microsoft Windows, macOS",role-playing video game
SimCity,2013-03-05,"Microsoft Windows, macOS","city-building game, construction and management simulation, massively multiplayer online game, science fiction video game"
SimCity 2000,1993-01-01,"Acorn Archimedes, Amiga 1200, Classic Mac OS, DOS, Microsoft Windows, Nintendo 64, PlayStation 2, Super Nintendo Entertainment System, Windows Mobile, macOS",city-building game
SimCity 3000,1999-01-31,"Classic Mac OS, Microsoft Windows, iOS, macOS","city-building game, construction and management simulation"
SimCity 4,2003-01-14,"Microsoft Windows, macOS",city-building game
SimCity Creator,2008-09-19,Wii,city-building game
SimCity DS,2007-02-22,Nintendo DS,city-building game
SimCity Societies,2007-11-13,Microsoft Windows,city-building game
SimEarth,2009-05-12,"Classic Mac OS, DOS, Microsoft Windows, PlayStation, Super Nintendo Entertainment System, TurboGrafx-16, Wii","biological simulation video game, life simulation game"
SimFarm,1993-01-01,"Classic Mac OS, DOS, Microsoft Windows",construction and management simulation
SimIsle,1995-01-01,"Classic Mac OS, DOS, Microsoft Windows",construction and management simulation
SimSig,,Microsoft Windows,train simulator
SimTower,1994-11-01,"Classic Mac OS, Microsoft Windows",construction and management simulation
SimTown,1995-01-01,"Classic Mac OS, Microsoft Windows, Super Nintendo Entertainment System","city-building game, simulation video game"
Simon the Sorcerer,1993-09-27,"Acorn Archimedes, Amiga 1200, DOS, Microsoft Windows, iOS",point-and-click adventure
Simon the Sorcerer 4: Chaos Happens,2007-02-23,Microsoft Windows,adventure video game
"Simon the Sorcerer II: The Lion, the Wizard and the Wardrobe",1995-01-01,"Classic Mac OS, DOS, Microsoft Windows, iOS","adventure video game, point-and-click adventure"
Simutrans,1999-03-06,"BeOS, Mac operating system, Microsoft Windows, macOS","city-building game, construction and management simulation"
SingStar,2007-12-06,PlayStation 3,music video game
SingStar '80s,,PlayStation 4,music video game
SingStar Pop,,PlayStation 4,music video game
SingStar:Pop Hits,,PlayStation 4,karaoke video game
Singularity,2010-06-25,"Microsoft Windows, PlayStation 3, Xbox One","first-person shooter, science fiction video game"
Sink or Swim,1993-01-01,"DOS, PlayStation, Super Nintendo Entertainment System",platformer
Siren,2003-11-06,PlayStation 4,psychological horror fiction
Skate,2007-09-14,"PlayStation 3, Xbox One",skateboarding video game
Skate 2,2009-01-21,"PlayStation 3, Xbox One",skateboarding video game
Skate 3,2010-05-11,"PlayStation 3, Xbox One",skateboarding video game
Skate or Die!,1987-01-01,"Amstrad CPC, Apple IIGS, Commodore 64, Nintendo Entertainment System, ZX Spectrum",skateboarding video game
Skool Daze,1984-01-01,"Commodore 64, ZX Spectrum",action-adventure game
Skullgirls,2012-04-10,"Microsoft Windows, PlayStation 3, Xbox One",2D fighting game
SkyRoads,1993-01-01,"DOS, Microsoft Windows, macOS","Christmas video game, racing video game"
Slash'EM,2006-01-01,Microsoft Windows,roguelike
Slender: The Eight Pages,2012-06-26,"Microsoft Windows, macOS",psychological horror video game
Sly 2: Band of Thieves,2004-09-14,"PlayStation 3, PlayStation 4, PlayStation Vita",platformer
Sly 3: Honor Among Thieves,2005-09-26,"PlayStation 3, PlayStation 4, PlayStation Vita",platformer
Sly Cooper and the Thievius Raccoonus,2002-09-23,"PlayStation 3, PlayStation 4, PlayStation Vita","platformer, stealth game"
Smash Court Tennis Pro Tournament,2002-02-07,PlayStation 4,tennis video game
Smash TV,1991-09-01,"Amstrad CPC, Atari ST, Commodore 64, Nintendo Entertainment System, PlayStation, Super Nintendo Entertainment System, ZX Spectrum, arcade video game",action game
Smokin' Guns,2009-01-01,Microsoft Windows,first-person shooter
Snake,1976-10-01,"Microsoft Windows, TRS-80 Model I",action game
Snake Rattle 'n' Roll,1990-07-01,"Nintendo Entertainment System, PlayStation","isometric platformer, platformer"
Snake's Revenge,1990-04-01,Nintendo Entertainment System,stealth game
Snatcher,1988-11-26,"MSX, NEC PC-8800 series, PlayStation 2, TurboGrafx-16","Christmas video game, adventure video game, cyberpunk video game, post-apocalyptic video game"
Sniper Elite V2,2012-04-30,"Microsoft Windows, PlayStation 3, Wii U, Xbox One",tactical shooter
Sniper: Ghost Warrior,2010-06-29,"Microsoft Windows, PlayStation 3, Xbox One",tactical shooter
Sniper: Path of Vengeance,2002-09-19,Microsoft Windows,first-person shooter
Snoopy,1984-01-01,"Atari ST, Commodore 64","action game, platformer"
Snow Bros.: Nick and Tom,1991-11-01,"Game Boy, Nintendo Entertainment System, PlayStation, arcade video game, iOS",platformer
So Blonde,2008-09-26,"Microsoft Windows, Nintendo DS, Wii",adventure video game
Soccer Kid,1993-12-31,"3DO, Amiga 1200, DOS, Microsoft Windows, PlayStation 2, Super Nintendo Entertainment System",platformer
Soccer Mania,2002-06-18,"Microsoft Windows, PlayStation 4",association football video game
Sokker,2004-01-01,web browser,"association football management game, massively multiplayer online game"
Sokoban,1982-01-01,"Apple II series, Commodore 64, Famicom Disk System, IBM Personal Computer, Microsoft Windows, NEC PC-8800 series, macOS","puzzle video game, sokoban video game"
Solar Jetman,1990-09-01,Nintendo Entertainment System,"science fiction video game, shoot 'em up"
SolarWolf,,Unknown,action game
Soldat,2002-05-09,"Microsoft Windows, personal computer",run and gun
Soldier of Fortune,2000-03-28,"Microsoft Windows, PlayStation 4","first-person shooter, science fiction video game"
Soldier of Fortune II: Double Helix,2002-05-20,"Microsoft Windows, macOS",first-person shooter
Solitaire,1989-01-01,Microsoft Windows,"card video game, solitaire"
Solomon's Key,1986-01-01,"Amstrad CPC, Atari ST, Commodore 64, DOS, Famicom Disk System, Nintendo Entertainment System, ZX Spectrum","crossover fiction, puzzle video game"
Somari,1994-01-01,Nintendo Entertainment System,platformer
Sonic & Knuckles,1994-10-18,"Microsoft Windows, Nintendo GameCube, PlayStation, PlayStation 3, PlayStation 4, Wii, Xbox One, macOS",platformer
Sonic & Sega All-Stars Racing,2010-02-23,"Microsoft Windows, Nintendo DS, PlayStation 3, Wii, Xbox One, iOS, macOS","crossover fiction, mascot racer, racing video game"
Sonic 3D Blast,1996-11-01,"Microsoft Windows, PlayStation",isometric platformer
Sonic Advance,2001-12-20,N-Gage,platformer
Sonic Advance 3,2004-06-07,Wii U,platformer
Sonic Adventure,1998-12-23,"Microsoft Windows, Nintendo GameCube, PlayStation 3, Xbox One",platformer
Sonic Adventure 2,2001-06-19,"Microsoft Windows, Nintendo GameCube, PlayStation 3, Xbox One",platformer
Sonic Battle,2003-12-04,Unknown,"adventure video game, fighting game"
Sonic Chaos,1993-11-23,Unknown,platformer
Sonic Chronicles: The Dark Brotherhood,2008-09-25,Nintendo DS,role-playing video game
Sonic Colors,2010-11-11,"Wii, Wii U",platformer
Sonic Eraser,1991-01-01,"Philips CD-i, PlayStation",puzzle video game
Sonic Free Riders,2010-10-01,Xbox One,racing video game
Sonic Generations,2011-11-01,"Microsoft Windows, PlayStation 3, Xbox One, Xbox Series X and Series S",platformer
Sonic R,1997-10-31,Microsoft Windows,racing video game
Sonic Riders: Zero Gravity,2008-01-08,"PlayStation 4, Wii",racing video game
Sonic Rivals,2006-11-16,PlayStation Portable,racing video game
Sonic Unleashed,2008-11-18,"PlayStation 3, PlayStation 4, Wii, Xbox One",platformer
Sonic and the Secret Rings,2007-02-20,Wii,"action game, action-adventure game"
Sonic the Hedgehog,1991-10-25,"Amazon Fire TV, Apple TV, BlackBerry, Java Platform, Micro Edition, Microsoft Windows, Nintendo 3DS, Nintendo DS, Nintendo GameCube, PlayStation, PlayStation 3, PlayStation 4, PlayStation Portable, Wii, Xbox One, arcade video game, iOS, macOS, mobile phone","platformer, post-apocalyptic video game"
Sonic the Hedgehog 2,1992-10-16,"Microsoft Windows, Nintendo 3DS, Nintendo DS, Nintendo GameCube, PlayStation, PlayStation 4, Virtual Console, Windows Phone, Xbox One, arcade video game, iOS, macOS, mobile phone","adventure, platformer"
Sonic the Hedgehog 3,1994-02-02,"Microsoft Windows, Nintendo 3DS, PlayStation, Xbox One",platformer
Sonic the Hedgehog 4: Episode I,2010-10-07,"Microsoft Windows, PlayStation Portable, Wii, Windows Phone, Xbox One, iOS",platformer
Sonic the Hedgehog 4: Episode II,2012-05-15,"Microsoft Windows, PlayStation 3, PlayStation Portable, Windows Phone, Xbox One, iOS",platformer
Sonic the Hedgehog CD,1993-09-23,"Microsoft Windows, Nintendo GameCube, PlayStation, PlayStation 4, PlayStation Portable, Xbox One, iOS",platformer
Soul Blazer,1992-01-31,Super Nintendo Entertainment System,"action role-playing game, role-playing video game"
Soul Edge,1996-05-16,"PlayStation 2, arcade video game",3D fighting game
Soul Link,2004-12-17,"Microsoft Windows, PlayStation 4","eroge, visual novel"
Soul Nomad & the World Eaters,2007-02-15,"Microsoft Windows, PlayStation 4","role-playing video game, strategy video game, tactical role-playing game"
Soul Reaver 2,2001-10-31,"Microsoft Windows, PlayStation 4",action-adventure game
Soul Sacrifice,2013-03-07,PlayStation Vita,"action role-playing game, action-adventure game, dark fantasy video game, fantasy video game"
Soulcalibur II,2002-07-05,"Nintendo GameCube, PlayStation 3, PlayStation 4, Xbox One, arcade video game","3D fighting game, crossover fiction"
Soulcalibur III,2005-10-25,"PlayStation 4, arcade video game",3D fighting game
Soulcalibur IV,2008-07-29,"PlayStation 3, Xbox One","3D fighting game, crossover fiction"
Soulcalibur Legends,2007-11-20,Wii,action-adventure game
South Park Rally,1999-11-30,"Microsoft Windows, Nintendo 64, PlayStation 2","racing video game, video game with LGBT character"
South Park: Chef's Luv Shack,1999-10-12,"Microsoft Windows, Nintendo 64, PlayStation 2",party video game
Space Ace,1984-01-01,"Apple IIGS, Atari ST, Commodore 64, Microsoft Windows, Philips CD-i, PlayStation, Super Nintendo Entertainment System, iOS, macOS","interactive film, science fiction video game"
Space Channel 5,1999-12-16,PlayStation 4,music video game
Space Colony,2003-01-01,"Microsoft Windows, macOS","life simulation game, real-time strategy, science fiction video game"
Space Empires IV,2000-11-07,Microsoft Windows,"space opera video game, turn-based strategy video game"
Space Harrier,1985-10-02,"Amstrad CPC, Atari ST, Commodore 64, Nintendo 3DS, Nintendo Entertainment System, PlayStation 4, TurboGrafx-16, ZX Spectrum, arcade video game",shoot 'em up
Space Invaders,1978-01-01,"Atari 2600, Atari 5200, Commodore 64, DOS, Game Boy, Game Boy Color, MSX, Microsoft Windows, Nintendo 64, Nintendo Entertainment System, Pelican VG Pocket, PlayStation 2, PlayStation Portable, SG-1000, Super Nintendo Entertainment System, WonderSwan, ZX Spectrum, arcade video game, calculator, dedicated console, handheld electronic game, iOS, mobile game, watch",shoot 'em up
Space Invaders Extreme,2008-02-21,"Microsoft Windows, Nintendo DS, PlayStation Portable",shooter game
Space Manbow,1989-12-21,"MSX, Wii U",shoot 'em up
Space Megaforce,1992-01-01,Super Nintendo Entertainment System,shoot 'em up
Space Panic,1980-01-01,"ColecoVision, arcade video game","platformer, science fiction video game"
Space Quest IV,1991-03-04,"Classic Mac OS, DOS, Microsoft Windows",adventure video game
Space Quest V,1993-02-05,"DOS, Microsoft Windows",adventure video game
Space Race,1973-07-16,"Atari, arcade video game","racing video game, science fiction video game"
Space Squash,1995-01-01,Virtual Boy,"sports video game, squash video game"
Space Travel,1969-01-01,"General Comprehensive Operating System, Multics, PDP-7","science fiction video game, simulation video game"
SpaceEngine,2019-06-11,Microsoft Windows,simulation video game
Spartan: Total Warrior,2005-10-07,"Nintendo GameCube, PlayStation 4","action-adventure game, hack and slash, historical video game"
Spasim,1974-03-01,mainframe computer,"first-person shooter, science fiction video game"
Spec Ops: The Line,2012-06-26,"Microsoft Windows, PlayStation 3, Xbox One, macOS",third-person shooter
Special Force,2004-07-01,Microsoft Windows,first-person shooter
Special Operation 85: Hostage Rescue,2007-07-16,Microsoft Windows,first-person shooter
Spectromancer,2008-10-01,"Microsoft Windows, iOS","card video game, fantasy video game, turn-based strategy video game"
Speedball,1988-01-01,"Acorn Archimedes, Commodore 64, Game Boy, PlayStation 2, Xbox One","cyberpunk video game, sports video game"
Speedball 2: Brutal Deluxe,2007-10-17,"Atari ST, Commodore 64, PlayStation, Xbox One",sports video game
SpellForce: The Order of Dawn,2003-12-16,Microsoft Windows,role-playing video game
Spider-Man,2000-08-30,"Atari 2600, Game Boy Color, Mac operating system, Microsoft Windows, Nintendo 64, PlayStation 2","action-adventure game, beat 'em up"
Spider-Man and Venom: Maximum Carnage,1994-01-01,"PlayStation, Super Nintendo Entertainment System",beat 'em up
Spider-Man: Friend or Foe,2007-10-02,"Microsoft Windows, Nintendo DS, PlayStation 4, PlayStation Portable, Wii, Xbox One","action-adventure game, adventure video game, beat 'em up, platformer"
Spider-Man: Shattered Dimensions,2010-09-07,"Microsoft Windows, Nintendo DS, PlayStation 3, Wii, Xbox One","Metroidvania, crossover fiction, cyberpunk video game, neo-noir video game"
Spiral Knights,2011-04-04,"Java platform, Java virtual machine, Microsoft Windows, macOS",massively multiplayer online role-playing game
Spirit Camera: The Cursed Memoir,2012-01-12,Nintendo 3DS,psychological horror fiction
Spitting Image,1989-01-01,"Amstrad CPC, Atari ST, Commodore 64, ZX Spectrum",beat 'em up
Splatterhouse,2010-11-23,"FM Towns, Microsoft Windows, PlayStation 3, TurboGrafx-16, Xbox One, arcade video game, iOS","beat 'em up, hack and slash, post-apocalyptic video game, survival horror"
Split/Second,2010-05-18,"Java virtual machine, Microsoft Windows, PlayStation 3, PlayStation Portable, Xbox One, iOS",racing video game
SpongeBob SquarePants featuring Nicktoons: Globs of Doom,2008-10-20,"Nintendo DS, PlayStation 4, Wii",crossover fiction
Spore,2008-09-01,"Microsoft Windows, macOS","4X, arcade, biological simulation video game, god game, life simulation game, real-time strategy, role-playing video game, space trading and combat game"
Spore Hero Arena,2009-10-08,Nintendo DS,life simulation game
Spore Origins,2008-08-25,iOS,"action game, biological simulation video game"
Sports Champions,2010-10-21,PlayStation 3,sports video game
Spy Hunter,2001-09-24,"Microsoft Windows, Nintendo GameCube, PlayStation 4, macOS",vehicular combat game
Spy vs. Spy,1984-01-01,"Acorn Electron, Amstrad CPC, Atari ST, Commodore 64, Game Boy, Game Boy Color, MSX, Nintendo Entertainment System, PlayStation 4, ZX Spectrum, iOS","action game, action-adventure game, party video game"
Spyro 2: Ripto's Rage!,1999-11-02,"PlayStation 2, PlayStation Portable",platformer
Spyro the Dragon,1998-09-10,"PlayStation 2, PlayStation 3",platformer
Spyro: A Hero's Tail,2004-11-03,"Nintendo GameCube, PlayStation 4",platformer
Spyro: Enter the Dragonfly,2002-11-03,"Nintendo GameCube, PlayStation 4",platformer
Spyro: Shadow Legacy,2005-10-18,Nintendo DS,platformer
Spyro: Year of the Dragon,2000-10-11,"PlayStation 2, PlayStation 3, PlayStation Portable",platformer
Star Citizen,,Microsoft Windows,"first-person shooter, massively multiplayer online game, science fiction video game, space flight simulation game, space trading and combat game"
Star Fox,1993-02-21,"Super NES Classic Edition, Super Nintendo Entertainment System",rail shooter
Star Fox 64,1997-04-27,"Nintendo 64, Wii, Wii U, iQue Player",shoot 'em up
Star Fox 64 3D,2011-07-14,Nintendo 3DS,shoot 'em up
Star Fox Command,2006-08-03,"Nintendo DS, Wii U",shoot 'em up
Star Heritage 1: The Black Cobra,,"Game Boy Color, Microsoft Windows, ZX Spectrum, personal computer",adventure video game
Star Ocean: The Second Story,1998-07-30,"PlayStation 2, PlayStation 3, PlayStation Portable","action role-playing game, space opera video game, video game with LGBT character"
Star Raiders,1979-01-01,"Atari 2600, Atari 5200, Atari 8-bit family, Atari ST","science fiction video game, space simulator"
Star Soldier,1986-06-13,"MSX, Nintendo Entertainment System, iOS","science fiction video game, shoot 'em up"
Star Soldier: Vanishing Earth,1998-07-10,Nintendo 64,shooter game
Star Trek Online,2010-02-02,Microsoft Windows,"massively multiplayer online role-playing game, space flight simulation game, third-person shooter"
Star Trek: 25th Anniversary,1991-01-01,Nintendo Entertainment System,"action-adventure game, science fiction video game"
Star Trek: Armada,2000-02-29,"Microsoft Windows, personal computer",real-time strategy
Star Trek: Bridge Commander,2002-02-22,"Microsoft Windows, personal computer","space combat simulation game, space flight simulation game"
Star Trek: Elite Force II,2003-06-20,"Classic Mac OS, Microsoft Windows, macOS, personal computer",first-person shooter
Star Trek: Klingon,1996-01-08,"Classic Mac OS, Microsoft Windows, personal computer",interactive film
Star Trek: Klingon Academy,2000-06-21,"Microsoft Windows, personal computer","space combat simulation game, space flight simulation game"
Star Wars,1983-05-01,"Acorn Electron, Amstrad CPC, Atari 2600, Atari 5200, Atari ST, BBC Micro, ColecoVision, Commodore 64, DOS, Game Boy, Nintendo Entertainment System, ZX Spectrum, arcade video game","platformer, shoot 'em up"
Star Wars Arcade,1993-01-01,Unknown,"action game, shoot 'em up"
Star Wars Battlefront: Elite Squadron,2009-11-03,"Nintendo DS, PlayStation Portable",third-person shooter
Star Wars Battlefront: Renegade Squadron,2007-10-09,PlayStation Portable,"first-person shooter, grand strategy wargame, third-person shooter"
Star Wars Episode I: Battle for Naboo,2000-12-18,"Microsoft Windows, Nintendo 64",action game
Star Wars Episode I: Jedi Power Battles,2000-03-31,PlayStation 2,action-adventure game
Star Wars Episode I: Obi-Wan's Adventures,2000-11-27,Game Boy Color,action-adventure game
Star Wars Episode I: Racer,1999-05-19,"Classic Mac OS, Game Boy Color, Microsoft Windows, Nintendo 64",racing video game
Star Wars Galaxies,2003-06-26,Microsoft Windows,"massively multiplayer online role-playing game, role-playing video game, science fiction video game"
Star Wars Jedi Knight II: Jedi Outcast,2002-03-26,"Classic Mac OS, Microsoft Windows, Nintendo GameCube, macOS","first-person shooter, third-person shooter"
Star Wars Jedi Knight: Dark Forces II,1997-10-10,Microsoft Windows,first-person shooter
Star Wars Jedi Knight: Jedi Academy,2003-09-17,"Classic Mac OS, Microsoft Windows, macOS",first-person shooter
Star Wars Knights of the Old Republic II: The Sith Lords,2004-12-06,"Microsoft Windows, iOS, macOS","role-playing video game, space opera video game"
Star Wars Rogue Squadron II: Rogue Leader,2001-11-09,Nintendo GameCube,action game
Star Wars Rogue Squadron III: Rebel Strike,2003-10-15,Nintendo GameCube,action game
Star Wars Trilogy Arcade,1999-01-01,arcade video game,shoot 'em up
Star Wars Trilogy: Apprentice of the Force,2004-09-21,Unknown,"action game, platformer"
Star Wars: Battlefront II,2005-10-31,"Microsoft Windows, PlayStation 4, PlayStation Portable","first-person shooter, third-person shooter"
Star Wars: Behind the Magic,1998-09-01,Microsoft Windows,behind-the-scenes film
Star Wars: Bounty Hunter,2002-11-22,"Nintendo GameCube, PlayStation 4",action game
Star Wars: Dark Forces,1995-02-28,"Classic Mac OS, DOS, Microsoft Windows, PlayStation 2, macOS",first-person shooter
Star Wars: Empire at War,2006-02-16,"Microsoft Windows, macOS",real-time strategy
Star Wars: Episode I – The Phantom Menace,1999-04-30,"Microsoft Windows, PlayStation 2","action-adventure game, space opera video game"
Star Wars: Episode II – Attack of the Clones,2002-05-30,Unknown,"action game, space opera video game"
Star Wars: Episode III – Revenge of the Sith,2005-05-05,"Nintendo DS, PlayStation 4","action-adventure game, space opera video game"
Star Wars: Flight of the Falcon,2003-11-21,Unknown,shooter game
Star Wars: Force Commander,2000-03-21,Microsoft Windows,real-time strategy
Star Wars: Galactic Battlegrounds,2001-11-13,"Classic Mac OS, Microsoft Windows, macOS",real-time strategy
Star Wars: Jedi Starfighter,2002-03-10,"PlayStation 3, PlayStation 4",action game
Star Wars: Knights of the Old Republic,2003-07-15,"Microsoft Windows, iOS, macOS","role-playing video game, space opera video game"
Star Wars: Masters of Teräs Käsi,1997-10-31,PlayStation 2,3D fighting game
Star Wars: Obi-Wan,2001-12-19,Unknown,action-adventure game
Star Wars: Racer Arcade,2000-01-01,arcade video game,racing video game
Star Wars: Rebel Assault II: The Hidden Empire,1995-11-01,"Classic Mac OS, DOS, IBM PC compatible, PlayStation 2",shoot 'em up
Star Wars: Republic Commando,2005-03-01,Microsoft Windows,first-person shooter
Star Wars: Republic Commando: Order 66,2005-08-30,mobile phone,strategy video game
Star Wars: Return of the Jedi,1984-09-01,"Amstrad CPC, Atari ST, BBC Micro, Commodore 64, DOS, ZX Spectrum, arcade video game","racing video game, shoot 'em up, shooter game"
Star Wars: Return of the Jedi - Death Star Battle,1983-12-31,"Atari 2600, Atari 5200, ZX Spectrum",shoot 'em up
Star Wars: Rogue Squadron,1998-12-03,"Microsoft Windows, Nintendo 64","action game, shooter game"
Star Wars: Shadows of the Empire,1996-12-03,"Microsoft Windows, Nintendo 64",action game
Star Wars: Starfighter,2001-02-19,"Microsoft Windows, PlayStation 4, arcade video game",action game
Star Wars: Super Bombad Racing,2001-04-23,PlayStation 4,racing video game
Star Wars: TIE Fighter,1994-07-01,"Classic Mac OS, DOS, Microsoft Windows",space combat simulation game
Star Wars: The Best of PC,2006-11-21,Microsoft Windows,Unknown
Star Wars: The Clone Wars – Jedi Alliance,2008-11-11,Nintendo DS,action-adventure game
Star Wars: The Clone Wars – Lightsaber Duels,2008-11-11,Wii,adventure video game
Star Wars: The Clone Wars – Republic Heroes,2009-10-06,"Microsoft Windows, Nintendo DS, PlayStation 3, PlayStation 4, PlayStation Portable, Wii, Xbox One",action-adventure game
Star Wars: The Empire Strikes Back,1985-01-01,"Amstrad CPC, Atari 2600, Atari ST, Commodore 64, Game Boy, Intellivision, Nintendo Entertainment System, ZX Spectrum, arcade video game","action game, action-adventure game, shoot 'em up"
Star Wars: The Force Unleashed,2008-09-16,"Java Platform, Micro Edition, Microsoft Windows, N-Gage, Nintendo DS, PlayStation 3, PlayStation 4, PlayStation Portable, Wii, Xbox One, iOS, macOS","action-adventure game, hack and slash"
Star Wars: The Force Unleashed II,2010-10-26,"Microsoft Windows, Nintendo DS, PlayStation 3, Wii, Xbox One",action-adventure game
Star Wars: The New Droid Army,2002-11-29,Unknown,action game
Star Wars: The Old Republic,2011-12-20,"Microsoft Windows, macOS","massively multiplayer online role-playing game, space opera video game, video game with LGBT character"
Star Wars: X-Wing Alliance,1999-02-28,"IBM PC compatible, Microsoft Windows",space combat simulation game
Star Wars: X-Wing vs. TIE Fighter,1997-04-17,"IBM PC compatible, Mac, Microsoft Windows",space combat simulation game
Star Wars: Yoda Stories,1997-03-01,Microsoft Windows,adventure video game
Starcross,1982-09-01,"Atari 8-bit family, Atari ST, Commodore 64, DOS, TRS-80 Model I, Texas Instruments TI-99/4A","interactive fiction, science fiction video game"
Stardoll,2004-01-01,web browser,Unknown
Stardust,1993-01-01,"Atari ST, DOS",shoot 'em up
Starflight,1986-08-15,"Classic Mac OS, Commodore 64, DOS, PlayStation","role-playing video game, science fiction video game, space opera video game, space trading and combat game, strategy video game"
Stargate,1981-10-21,"Atari 2600, Commodore 64, DOS, Nintendo Entertainment System, arcade video game",shoot 'em up
Starhawk,2012-05-08,PlayStation 3,"science fiction video game, third-person shooter"
Starhorse3,2011-01-01,arcade video game,Unknown
Starlancer,2000-03-31,Microsoft Windows,"space opera video game, space simulator"
Starry Sky,2013-01-01,Microsoft Windows,romance adventure game
Stars!,1995-01-01,Microsoft Windows,"4X, space opera video game"
Starship Titanic,1998-01-01,"Classic Mac OS, Microsoft Windows, macOS",adventure video game
Starship Troopers,2005-10-27,Microsoft Windows,first-person shooter
Starsiege: Tribes,1998-11-30,Microsoft Windows,first-person shooter
State of Emergency,2002-02-12,"Microsoft Windows, PlayStation 4",beat 'em up
Steel Battalion: Heavy Armor,2012-06-19,Xbox One,"action game, tank simulation game"
Steel Storm,2010-09-09,"Microsoft Windows, macOS","first-person shooter, shoot 'em up"
Steins;Gate,2009-10-15,"Microsoft Windows, PlayStation 3, PlayStation Portable, PlayStation Vita, Xbox One, iOS","science fiction video game, time travel video game, visual novel"
StepMania,2001-08-21,"Microsoft Windows, macOS","music video game, rhythm game"
Still Life,2005-06-03,"Classic Mac OS, Microsoft Windows",adventure video game
Stonekeep,1995-11-08,"DOS, Microsoft Windows, macOS",role-playing video game
Stonkers,1983-01-01,"Microsoft Windows, ZX Spectrum","real-time strategy, strategy video game"
Stranded,2003-01-01,Microsoft Windows,"action-adventure game, adventure video game, robinsonade"
Stranglehold,2007-09-07,"Microsoft Windows, PlayStation 3, Xbox One",third-person shooter
Strategic Command 2: Blitzkrieg,2006-01-01,Microsoft Windows,turn-based strategy video game
Street Fighter,1987-08-12,"Amstrad CPC, Commodore 64, DOS, TurboGrafx-16, ZX Spectrum, arcade video game",fighting game
Street Fighter 2010: The Final Fight,1990-08-08,"Nintendo 3DS, Nintendo Entertainment System, Wii U","platformer, science fiction video game"
Street Fighter Alpha,1995-06-05,"Game Boy Color, Microsoft Windows, PlayStation 2, PlayStation 4, PlayStation Portable, arcade video game",fighting game
Street Fighter EX,1996-11-30,"PlayStation 2, arcade video game",fighting game
Street Fighter EX3,2000-03-04,PlayStation 4,fighting game
Street Fighter II,2007-01-19,"3DO, Amiga CD32, Commodore 64, DOS, Game Boy, IBM PC compatible, PlayStation, PlayStation 2, PlayStation 4, Super Nintendo Entertainment System, TurboGrafx-16, Wii, ZX Spectrum, arcade video game, iOS, mobile phone",2D fighting game
Street Fighter II Turbo,1992-12-01,"PlayStation, Super Nintendo Entertainment System, Virtual Boy, arcade video game",fighting game
Street Fighter IV,2008-07-18,"Microsoft Windows, PlayStation 3, Xbox One, arcade video game, iOS",2D fighting game
Street Fighter X Mega Man,2012-12-17,Microsoft Windows,"action game, crossover fiction"
Street Fighter X Tekken,2012-03-06,"Microsoft Windows, PlayStation 3, PlayStation Vita, Xbox One, iOS","crossover fiction, fighting game, video game with LGBT character"
Street Fighter: The Movie,1995-08-11,PlayStation 2,fighting game
Street Legal Racing: Redline,2003-07-18,"Microsoft Windows, macOS",racing video game
Street Racer,1994-12-01,"Amiga 1200, DOS, Game Boy, PlayStation, PlayStation 2, Super Nintendo Entertainment System",racing video game
Street Rod,1989-01-01,"Commodore 64, DOS",racing video game
Street Slam,1994-01-08,"Microsoft Windows, Neo Geo, Zeebo",sports video game
Streets of Rage,1991-08-02,"Microsoft Windows, PlayStation, iOS, macOS",side-scrolling beat 'em up
Strider,1989-03-07,"Amstrad CPC, Atari ST, Commodore 64, PlayStation, PlayStation 2, TurboGrafx-16, Wii, ZX Spectrum, arcade video game","action game, cyberpunk video game, platformer, science fiction video game"
Strife,1996-05-31,"DOS, Microsoft Windows, macOS","first-person shooter, post-apocalyptic video game"
Strike Commander,1993-04-01,DOS,combat flight simulator game
Strike Fleet,1987-06-06,"Commodore 64, DOS","computer wargame, strategy video game"
Strike Force,1991-01-01,TMS34010,arcade
Strikers 1945,1995-01-01,"Microsoft Windows, PlayStation 4, Xbox Series X and Series S","science fiction video game, shoot 'em up"
Stronghold,1993-01-01,Unknown,"city-building game, real-time strategy"
Stronghold 2,2005-04-18,Microsoft Windows,real-time strategy
Stronghold 3,2011-10-25,"Microsoft Windows, macOS",real-time strategy
Stronghold Legends,2006-10-13,"Microsoft Windows, personal computer","real-time strategy, strategy video game"
Stronghold: Crusader,2002-07-31,Microsoft Windows,"real-time strategy, simulation video game"
Stunt Car Racer,1989-01-01,"Amstrad CPC, Atari ST, Commodore 64, DOS, Microsoft Windows, ZX Spectrum",racing video game
Stunt Race FX,1994-06-04,Super Nintendo Entertainment System,racing video game
Stunts,1990-10-01,"DOS, FM Towns, NEC PC-9800 series",racing video game
Style Savvy,2008-10-23,"Nintendo DS, Wii U",dress-up video game
Sub Command,2001-01-01,Microsoft Windows,submarine simulator
Submarine TITANS,2000-08-09,Microsoft Windows,"science fiction video game, strategy video game"
Sudden Attack,2005-04-11,Microsoft Windows,first-person shooter
Summer Camp,1991-01-01,Commodore 64,action game
Summer Days,,Microsoft Windows,"drama film, eroge, harem, visual novel"
Summer Games,1984-01-01,"Atari 2600, Atari 7800, Commodore 64, ZX Spectrum",sports video game
Summon Night: Twin Age,2007-08-30,Nintendo DS,action role-playing game
SunDog: Frozen Legacy,1984-01-01,Apple II series,"role-playing video game, science fiction video game, space trading and combat game"
Sunset Riders,1991-09-04,"PlayStation, Super Nintendo Entertainment System, arcade video game",shoot 'em up
Super 3D Noah's Ark,1994-01-01,"DOS, Microsoft Windows, Super Nintendo Entertainment System, macOS","Christian video game, action game, first-person shooter"
Super Back to the Future Part II,1993-07-23,Super Nintendo Entertainment System,platformer
Super Bomberman 3,1995-01-01,Super Nintendo Entertainment System,"action game, maze video game, science fiction video game"
Super Bonk,1994-07-22,Super Nintendo Entertainment System,platformer
Super Cars,1990-01-01,"Amstrad CPC, Commodore 64, MSX, Nintendo Entertainment System, ZX Spectrum",racing video game
Super Columbine Massacre RPG!,2005-04-01,Microsoft Windows,role-playing video game
Super Dimension Fortress Macross,2003-10-23,PlayStation 4,action game
Super Dodge Ball,1990-03-30,"PlayStation 4, TurboGrafx-16","dodgeball video game, sports video game"
Super Double Dragon,1992-10-01,Super Nintendo Entertainment System,beat 'em up
Super Fantasy Zone,1992-01-14,PlayStation,shoot 'em up
Super Ghouls 'n Ghosts,1991-10-04,"Super Nintendo Entertainment System, Wii U",platformer
Super Hexagon,2012-09-06,"BlackBerry 10, Microsoft Windows, iOS, macOS",action game
Super Mario 3D Land,2011-11-03,Nintendo 3DS,platformer
Super Mario 64,1996-06-23,"Nintendo 64, Wii U","3D platform game, collect-a-thon platformer"
Super Mario Advance 4: Super Mario Bros. 3,2003-07-11,Wii U,platformer
Super Mario All-Stars,1993-07-14,"Super Nintendo Entertainment System, Wii",platformer
Super Mario Bros.,1985-01-01,Nintendo Entertainment System,2D platform game
Super Mario Bros. 2,1988-09-01,Nintendo Entertainment System,"2D platform game, video game with LGBT character"
Super Mario Bros. Crossover,2010-04-27,Microsoft Windows,"crossover fiction, platformer"
Super Mario Galaxy,2007-11-01,"Wii, Wii U",3D platform game
Super Mario Galaxy 2,2010-05-23,"Wii, Wii U",3D platform game
Super Mario Kart,1992-08-27,"Super Nintendo Entertainment System, Wii U",kart racing game
Super Mario Land 2: 6 Golden Coins,1992-10-21,Game Boy,2D platform game
Super Mario RPG,1996-03-09,"Super NES Classic Edition, Super Nintendo Entertainment System, Wii, Wii U","action role-playing game, turn-based Japanese role-playing game"
Super Mario Strikers,2005-11-18,Nintendo GameCube,association football video game
Super Mario World 2: Yoshi's Island,1995-08-05,"Super NES Classic Edition, Super Nintendo Entertainment System",platformer
Super Meat Boy,2010-10-20,"Microsoft Windows, Wii U, Xbox One, macOS",platformer
Super Metroid,1994-04-18,"Super Nintendo Entertainment System, Wii, Wii U","Metroidvania, action-adventure game, shooter game"
Super Monkey Ball,2001-01-01,"Nintendo GameCube, arcade video game","action game, arcade, party video game, platformer"
Super Paper Mario,2007-04-09,"Wii, Wii U","platformer, role-playing video game"
Super Pitfall,1986-09-05,"NEC PC-8800 series, Nintendo Entertainment System",Metroidvania
Super Princess Peach,2005-10-20,Nintendo DS,platformer
Super Punch-Out!!,1994-09-14,"Super Nintendo Entertainment System, arcade video game",boxing video game
Super R-Type,1991-07-13,Super Nintendo Entertainment System,"science fiction video game, shoot 'em up"
Super Robot Taisen: Original Generation,2002-11-22,Unknown,"mecha video game, tactical role-playing game"
Super Robot Wars 64,1999-10-29,Nintendo 64,"crossover fiction, mecha video game, tactical role-playing game"
Super Robot Wars A,2001-09-21,Unknown,"mecha video game, tactical role-playing game"
Super Robot Wars Destiny,2003-08-08,Unknown,tactical role-playing game
Super Robot Wars Gaiden: Masō Kishin – The Lord of Elemental,1996-01-01,"Nintendo DS, PlayStation Portable, Super Nintendo Entertainment System","mecha video game, science fiction video game, superhero video game, tactical role-playing game"
Super Robot Wars J,2005-09-15,Unknown,"mecha video game, tactical role-playing game"
Super Robot Wars MX,2004-05-27,PlayStation 4,"mecha video game, tactical role-playing game"
Super Robot Wars UX,2013-03-14,Nintendo 3DS,"mecha video game, tactical role-playing game"
Super Robot Wars W,2007-03-01,Nintendo DS,"mecha video game, tactical role-playing game"
Super Scramble Simulator,1989-01-01,"Commodore 64, ZX Spectrum",racing video game
Super Scribblenauts,2010-10-12,Nintendo DS,"action-adventure game, puzzle video game"
Super Smash Bros.,1999-01-21,Nintendo 64,"crossover fiction, platform fighter"
Super Smash Bros. Brawl,2008-01-31,Wii,"crossover fiction, platform fighter"
Super Smash Bros. Melee,2001-11-24,Nintendo GameCube,"crossover fiction, platform fighter"
Super Smash Bros. for Nintendo 3DS and Wii U,2014-01-01,"Nintendo 3DS, Wii U","crossover fiction, platform fighter"
Super Soccer,1991-12-13,Super Nintendo Entertainment System,association football video game
Super Sprint,1986-01-01,"Amstrad CPC, Atari ST, Commodore 64, Nintendo Entertainment System, ZX Spectrum",racing video game
Super Spy Hunter,1991-09-27,Nintendo Entertainment System,vehicular combat game
Super Star Wars,1992-11-01,"PlayStation Vita, Super Nintendo Entertainment System, Wii",platformer
Super Star Wars: Return of the Jedi,1994-06-22,"Game Boy, Super Nintendo Entertainment System, Wii",platformer
Super Star Wars: The Empire Strikes Back,1993-06-01,"Super Nintendo Entertainment System, Wii",platformer
Super Street Fighter II Turbo,1994-02-23,"3DO, Amiga 1200, DOS, Microsoft Windows, PlayStation 4",fighting game
Super Street Fighter IV,2010-04-27,"PlayStation 3, Xbox One",fighting game
Super Swing Golf,2006-12-02,Wii,golf video game
SuperPower 2,2004-10-11,Microsoft Windows,government simulation game
Superbrothers: Sword & Sworcery EP,2011-03-24,"Microsoft Windows, iOS, macOS",adventure video game
Superfrog,1993-01-01,"DOS, iOS, macOS",platformer
Superman,1979-01-01,Atari 2600,action-adventure game
Superman: Shadow of Apokolips,2002-09-25,"Nintendo GameCube, PlayStation 4",action-adventure game
Supremacy 1914,2009-09-06,"Microsoft Windows, macOS, mobile phone, web browser",real-time strategy
Supreme Commander,2007-02-16,"Microsoft Windows, Xbox One","real-time strategy, science fiction video game"
Supreme Commander 2,2010-03-02,"Microsoft Windows, Xbox One, macOS",real-time strategy
Supreme Ruler 2010,2005-05-10,Microsoft Windows,strategy video game
Survival Project,2001-11-01,Microsoft Windows,"fantasy video game, massively multiplayer online role-playing game"
Suspect,1984-10-05,"Amstrad CPC, Amstrad PCW, Apple II series, Atari 8-bit family, Atari ST, Classic Mac OS, Commodore 64, DOS","halloween video game, interactive fiction"
Sweet Home,1989-12-15,Family Computer,"psychological horror fiction, role-playing video game"
Swords of Xeen,1995-01-01,DOS,role-playing video game
Syberia,2002-01-09,"Microsoft Windows, PlayStation 3, PlayStation 4, iOS, macOS",adventure video game
Syberia II,2004-03-30,"Microsoft Windows, PlayStation 3, PlayStation 4, iOS, macOS",adventure video game
Symphonic Rain,2004-03-26,Microsoft Windows,"music video game, visual novel"
Syndicate,1993-06-06,"3DO, Acorn Archimedes, Amiga CD32, Atari Jaguar, Classic Mac OS, DOS, FM Towns, Microsoft Windows, PlayStation, Super Nintendo Entertainment System","cyberpunk video game, real-time tactics, science fiction video game, shoot 'em up, strategy video game"
Syndicate Wars,1996-10-31,"DOS, Microsoft Windows, PlayStation 2","cyberpunk video game, real-time tactics, science fiction video game"
Syobon Action,2007-02-21,Microsoft Windows,action-adventure game
Syphon Filter,1999-02-16,"PlayStation 2, PlayStation 3","action-adventure game, third-person shooter"
Syphon Filter 2,2000-03-14,PlayStation 2,"stealth game, third-person shooter"
Syphon Filter 3,2001-11-06,"PlayStation 2, PlayStation 3","action-adventure game, third-person shooter"
Syphon Filter: Logan's Shadow,2007-10-02,"PlayStation 4, PlayStation Portable","stealth game, third-person shooter"
Syphon Filter: The Omega Strain,2004-05-04,PlayStation 4,"stealth game, third-person shooter"
System Shock,1994-09-23,"Classic Mac OS, DOS","action-adventure game, cyberpunk video game"
System Shock 2,1999-08-11,"Microsoft Windows, macOS","action game, cyberpunk video game, first-person shooter, role-playing video game, survival horror"
Söldner: Secret Wars,2004-05-27,Microsoft Windows,"first-person shooter, third-person shooter"
Süpercan,2011-01-01,Microsoft Windows,action-adventure game
TD Overdrive: The Brotherhood of Speed,2002-05-27,"Microsoft Windows, PlayStation 4",racing video game
TERA,2011-01-25,Microsoft Windows,massively multiplayer online role-playing game
TMNT,2007-03-20,"Microsoft Windows, Nintendo DS, Nintendo GameCube, PlayStation 4, PlayStation Portable, Wii, Xbox One","action-adventure game, hack and slash"
TNA Impact!,2008-09-09,"PlayStation 3, PlayStation 4, Wii, Xbox One",fighting game
TNA Impact!: Cross the Line,2010-06-25,Nintendo DS,fighting game
TOCA 2 Touring Cars,1998-11-27,"Microsoft Windows, PlayStation 2",racing video game
TOCA Race Driver,2002-08-23,"Microsoft Windows, PlayStation 4",racing video game
TOCA Race Driver 2,2004-04-13,"Microsoft Windows, PlayStation 4",racing video game
TOCA Touring Car Championship,1997-11-01,"Microsoft Windows, PlayStation 2",racing video game
Tabula Rasa,2007-11-02,Microsoft Windows,"massively multiplayer online role-playing game, science fiction video game"
Tachyon: The Fringe,2000-03-30,Microsoft Windows,"space flight simulation game, space trading and combat game"
Tactical Ops: Assault on Terror,1999-12-23,Microsoft Windows,first-person shooter
Tactics Ogre: Let Us Cling Together,1995-10-06,"PlayStation 2, Super Nintendo Entertainment System",tactical role-playing game
Tag Team Match: MUSCLE,1985-11-08,Nintendo Entertainment System,action game
Tag: The Power of Paint,2009-01-01,Microsoft Windows,puzzle video game
Taiko Risshiden,1992-01-01,"Microsoft Windows, PlayStation, Super Nintendo Entertainment System",turn-based strategy video game
Tail Concerto,1998-04-16,PlayStation 2,"action-adventure game, platformer"
Tails Adventure,1995-09-22,Nintendo 3DS,Metroidvania
Tails and the Music Maker,1994-12-05,Unknown,music video game
Taito Legends,2005-10-14,"Microsoft Windows, PlayStation 4",arcade
Tales of Commons,,mobile phone,Unknown
Tales of Destiny,1997-12-23,"PlayStation 2, PlayStation 4","fantasy video game, role-playing video game"
Tales of Destiny 2,2002-11-28,"PlayStation 4, PlayStation Portable",role-playing video game
Tales of Eternia Online,2006-03-03,Microsoft Windows,massively multiplayer online role-playing game
Tales of Fandom Vol.1,2002-01-01,PlayStation 2,adventure video game
Tales of Fandom Vol.2,2007-01-01,PlayStation 4,adventure video game
Tales of Graces,2009-12-10,"PlayStation 3, Wii",role-playing video game
Tales of Hearts,2008-12-18,"Nintendo DS, PlayStation Vita, iOS",role-playing video game
Tales of Monkey Island,2009-07-07,"Microsoft Windows, PlayStation 3, Wii, iOS, macOS","graphic adventure game, video game with LGBT character"
Tales of Phantasia: Narikiri Dungeon,2000-11-10,Game Boy Color,role-playing video game
Tales of Pirates,2007-03-15,Microsoft Windows,"fantasy video game, massively multiplayer online role-playing game"
Tales of Rebirth,2004-12-16,"PlayStation 4, PlayStation Portable",role-playing video game
Tales of Symphonia,2003-08-29,"Microsoft Windows, Nintendo GameCube, PlayStation 3, PlayStation 4",role-playing video game
Tales of Symphonia: Dawn of the New World,2008-06-26,"PlayStation 3, Wii",role-playing video game
Tales of Vesperia,2008-08-07,"Microsoft Windows, PlayStation 3, Xbox One","action role-playing game, fantasy video game, role-playing video game"
Tales of the Abyss,2005-12-15,"Nintendo 3DS, PlayStation 4","action role-playing game, role-playing video game"
Tales of the Tempest,2006-10-26,Nintendo DS,role-playing video game
Tales of the World: Narikiri Dungeon 2,2002-10-25,Unknown,role-playing video game
Tales of the World: Narikiri Dungeon 3,2005-01-06,Unknown,tactical role-playing game
Tales of the World: Radiant Mythology 2,2009-01-29,PlayStation Portable,action role-playing game
TalesRunner,2015-02-17,Microsoft Windows,racing video game
Talesweaver,2003-01-01,Microsoft Windows,massively multiplayer online role-playing game
Talkman,2005-11-17,PlayStation Portable,machine translation
Tamagotchi,1996-11-01,Unknown,virtual pet video game
Tank,1974-11-05,arcade video game,"maze video game, strategy video game"
Tank Battalion,1980-10-01,"MSX, Microsoft Windows, arcade video game","action game, shooter game"
Tank Force,1991-12-01,"Wii, arcade video game",action game
Tank Wars,1990-01-01,DOS,"artillery game, turn-based strategy video game"
Tao Feng: Fist of the Lotus,2003-03-18,Unknown,fighting game
Tapper,1983-01-01,"Amstrad CPC, Atari 2600, Commodore 64, DOS, ZX Spectrum, arcade video game",action game
Targhan,1989-01-01,Atari ST,action game
Tartaros Online,2016-01-01,Microsoft Windows,massively multiplayer online role-playing game
Tayutama: Kiss on my Deity,2008-07-11,"Microsoft Windows, Xbox One","bishōjo game, eroge, fantasy video game, harem, romance adventure game, visual novel"
Team Buddies,2000-09-15,PlayStation 2,"action game, real-time strategy"
Team Fortress 2,2007-10-10,"Microsoft Windows, PlayStation 3, Xbox One, macOS",first-person shooter
Tears to Tiara,2005-04-28,"Microsoft Windows, PlayStation 3","eroge, harem, visual novel"
Tech Romancer,1998-01-01,arcade video game,fighting game
Technomage,2000-11-24,"Microsoft Windows, PlayStation 2",role-playing video game
Teenage Mutant Ninja Turtles,1989-10-11,"Amstrad CPC, Atari ST, Commodore 64, DOS, ZX Spectrum","action game, beat 'em up"
Teenage Mutant Ninja Turtles 2: Battle Nexus,2004-10-19,"Microsoft Windows, Nintendo GameCube, PlayStation 4",beat 'em up
Teenage Mutant Ninja Turtles 3: Mutant Nightmare,2005-11-01,"Nintendo DS, Nintendo GameCube, PlayStation 4",fighting game
Teenage Mutant Ninja Turtles II: Back from the Sewers,1991-11-15,Game Boy,platformer
Teenage Mutant Ninja Turtles: Fall of the Foot Clan,1990-08-03,Game Boy,"platformer, science fiction video game"
Teenage Mutant Ninja Turtles: The Hyperstone Heist,1992-08-11,PlayStation,beat 'em up
Teeworlds,2007-05-27,"Microsoft Windows, cross-platform, macOS","platformer, third-person shooter"
Tekken,1994-09-21,"Namco System 11, PlayStation 2, arcade video game",3D fighting game
Tekken 2,1995-09-29,"Namco System 11, PlayStation 2, PlayStation 3, PlayStation 4, arcade video game",3D fighting game
Tekken 3,1996-11-28,"PlayStation 2, arcade video game",3D fighting game
Tekken 3D: Prime Edition,2012-02-14,Nintendo 3DS,fighting game
Tekken 4,2002-03-28,"PlayStation 4, arcade video game",3D fighting game
Tekken 5,2005-02-24,"PlayStation 4, arcade video game",3D fighting game
Tekken 6,2007-11-26,"PlayStation 3, PlayStation Portable, Xbox One",3D fighting game
Tekken Tag Tournament,1999-07-01,"PlayStation 3, PlayStation 4, arcade video game",3D fighting game
Tempest,1981-01-01,"Amstrad CPC, Atari ST, BBC Micro, ZX Spectrum",tube shooter
Tenchi wo Kurau II,1991-04-05,Nintendo Entertainment System,role-playing video game
Tenchu 2: Birth of the Stealth Assassins,2000-08-07,PlayStation 2,stealth game
Tenchu: Fatal Shadows,2004-07-22,PlayStation 4,stealth game
Tenchu: Wrath of Heaven,2003-03-03,PlayStation 4,stealth game
Tennis,1981-01-01,Atari 2600,tennis video game
Tennis for Two,1958-10-18,Donner Model 30,sports video game
Tenés Empanadas Graciela,,macOS,turn-based strategy video game
Terep 2,1996-01-01,Unknown,simulation video game
Terminal Velocity,1995-05-31,"Classic Mac OS, DOS, Microsoft Windows, iOS, macOS","science fiction video game, simulation video game"
Terranigma,1995-10-20,Super Nintendo Entertainment System,"action role-playing game, post-apocalyptic video game, role-playing video game, science fiction video game"
Terraria,2011-05-17,"Gameband, Microsoft Windows, Nintendo 3DS, PlayStation 3, PlayStation Vita, Wii U, Windows Phone, Xbox One, iOS, macOS","action-adventure game, role-playing video game, sandbox game"
Test Drive III: The Passion,1990-01-01,DOS,racing video game
Test Drive Le Mans,1999-11-26,"Game Boy Color, Microsoft Windows, PlayStation 2, PlayStation 4",racing video game
Test Drive: Eve of Destruction,2004-08-25,PlayStation 4,racing video game
Test Drive: Ferrari Racing Legends,2012-07-03,"Microsoft Windows, PlayStation 3, Xbox One",racing video game
TetraVex,,Microsoft Windows,puzzle video game
TetriNET,1997-01-01,"BeOS, Classic Mac OS, Microsoft Windows, macOS",puzzle video game
Tetris DS,2006-03-20,Nintendo DS,puzzle video game
The Activision Decathlon,1983-03-18,"Atari 2600, Atari 5200, Atari 8-bit family, ColecoVision, Commodore 64, MSX",athletics video game
The Addams Family,1992-01-01,"Atari ST, PlayStation, Super Nintendo Entertainment System",platformer
The Adventures of Batman & Robin,1994-01-01,"PlayStation, Super Nintendo Entertainment System",action game
The Adventures of Bayou Billy,1988-08-12,Nintendo Entertainment System,beat 'em up
The Adventures of Lomax,1996-10-31,"Microsoft Windows, PlayStation 2",platformer
The Adventures of Robin Hood,1991-01-01,"Atari ST, DOS","adventure video game, fantasy video game, role-playing video game"
The Adventures of Tom Sawyer,1989-02-06,Nintendo Entertainment System,action game
The Adventures of Willy Beamish,1991-01-01,"Classic Mac OS, DOS, PlayStation",adventure video game
The Amazing Spider-Man,1990-01-01,"Amstrad CPC, Atari ST, Commodore 64, DOS, ZX Spectrum",platformer
The Apprentice,1994-01-01,Philips CD-i,"action game, platformer"
The Ball,2010-10-26,"Microsoft Windows, Ouya","first-person shooter, puzzle video game"
The Bard's Tale,1985-01-01,"Amstrad CPC, Apple IIGS, Atari ST, Classic Mac OS, Commodore 64, DOS, Microsoft Windows, Nintendo Entertainment System, ZX Spectrum, macOS","dungeon crawl, role-playing video game, urban crawl"
The Battle of Olympus,1988-03-23,Nintendo Entertainment System,"Metroidvania, action role-playing game"
The Beatles: Rock Band,2009-09-09,"PlayStation 3, Wii, Xbox One",rhythm game
The Black Cauldron,1986-01-01,"Apple II series, Apple IIGS, Atari ST, DOS",point-and-click adventure
The Black Mirror,2003-10-17,Microsoft Windows,"adventure video game, horror video game, point-and-click adventure"
The Book of Unwritten Tales,2009-04-02,"Microsoft Windows, macOS",adventure video game
The Bugs Bunny Birthday Blowout,1990-01-01,Nintendo Entertainment System,platformer
The Carl Lewis Challenge,1992-01-01,Unknown,sports video game
The Chaos Engine,1993-01-01,"Acorn Archimedes, Amiga CD32, Atari ST, DOS, Microsoft Windows, PlayStation, Super Nintendo Entertainment System, macOS",run and gun
The Chronicles of Narnia: Prince Caspian,2008-05-15,"Microsoft Windows, Nintendo DS, PlayStation 3, PlayStation 4, Wii, Xbox One",action-adventure game
"The Chronicles of Narnia: The Lion, the Witch and the Wardrobe",2005-11-14,"Microsoft Windows, Nintendo DS, Nintendo GameCube, PlayStation 4",action-adventure game
The Chronicles of Riddick: Assault on Dark Athena,2009-04-07,"Microsoft Windows, PlayStation 3, Xbox One, macOS","first-person shooter, science fiction video game"
The Chronicles of Riddick: Escape from Butcher Bay,2004-06-01,Microsoft Windows,"first-person shooter, science fiction video game"
The Chronicles of Spellborn,2008-11-27,Microsoft Windows,"action-adventure game, massively multiplayer online role-playing game, role-playing video game"
The Colony,1988-01-01,"Classic Mac OS, DOS","adventure video game, first-person shooter, puzzle video game"
The Combatribes,1990-01-01,"Super Nintendo Entertainment System, Virtual Console","action game, beat 'em up, science fiction video game"
The Conduit,2009-06-23,Wii,"first-person shooter, science fiction video game"
The Crossing,,Microsoft Windows,first-person shooter
The Curse of Monkey Island,1997-10-31,"Microsoft Windows, macOS","adventure video game, graphic adventure game, point-and-click adventure"
The Cursed Crusade,2011-10-07,"Microsoft Windows, PlayStation 3, Xbox One",action-adventure game
The Da Vinci Code,2006-05-19,"Microsoft Windows, PlayStation 4",action-adventure game
The Dark Eye,1995-01-01,"Classic Mac OS, Microsoft Windows","adventure video game, horror video game"
The Darkness II,2012-02-07,"Microsoft Windows, PlayStation 3, Xbox One, macOS","first-person shooter, psychological horror fiction"
The Dig,1995-11-30,"Classic Mac OS, DOS, Microsoft Windows, macOS","adventure video game, science fiction video game"
The Duel: Test Drive II,1989-01-01,"Amstrad CPC, Apple IIGS, Atari ST, Commodore 64, DOS, MSX, Mac operating system, PlayStation, Super Nintendo Entertainment System, ZX Spectrum",racing video game
The Eidolon,1985-01-01,"Amstrad CPC, Commodore 64, MSX, ZX Spectrum","adventure video game, first-person shooter"
The Elder Scrolls IV: Oblivion,2006-03-20,"Microsoft Windows, PlayStation 3, Xbox One, mobile phone","action role-playing game, role-playing video game"
The Emperor's New Groove,2000-11-13,"Game Boy Color, Microsoft Windows, PlayStation 2",platformer
The Faery Tale Adventure,1987-01-01,"Commodore 64, DOS, PlayStation",role-playing video game
The Fairyland Story,1985-07-01,arcade video game,platformer
The Fall: Last Days of Gaia,2004-11-15,Microsoft Windows,"post-apocalyptic video game, real-time tactics"
The Famous Five: Five on a Treasure Island,1990-01-01,"Atari ST, Commodore 64, SAM Coupé",adventure video game
The Feeble Files,1997-01-01,"Classic Mac OS, Microsoft Windows, macOS","adventure video game, science fiction video game"
The Fifth Element,1998-09-23,"Microsoft Windows, PlayStation 2","action-adventure game, science fiction video game"
The Getaway,2002-12-11,PlayStation 4,action-adventure game
The Getaway: Black Monday,2004-11-12,PlayStation 4,action-adventure game
The Godfather,2006-03-21,"Microsoft Windows, PlayStation 3, PlayStation 4, PlayStation Portable, Wii, Xbox One","action-adventure game, third-person shooter"
The Godfather II,2009-04-07,"Microsoft Windows, PlayStation 3, Xbox One","action-adventure game, third-person shooter"
The Great Escape,1986-01-01,"Amstrad CPC, Commodore 64, DOS, Microsoft Windows, ZX Spectrum",action-adventure game
The Great Merchant,2001-01-01,Microsoft Windows,massively multiplayer online role-playing game
The Guardian Legend,1988-02-05,Nintendo Entertainment System,"action-adventure game, science fiction video game, shoot 'em up"
The Guild of Thieves,1987-01-01,"Acorn Archimedes, Amstrad CPC, Amstrad PCW, Atari ST, Classic Mac OS, Commodore 64, DOS, ZX Spectrum",interactive fiction
The Hidden,,Microsoft Windows,first-person shooter
The Hitchhiker's Guide to the Galaxy,1984-09-14,"Amstrad CPC, Amstrad PCW, Apple II, Apricot PC, Atari 8-bit family, Atari ST, CP/M, Classic Mac OS, Commodore 64, DOS, Epson QX-10, TRS-80 Model I, Texas Instruments TI-99/4A","interactive fiction, science fiction video game"
The Hobbit,1982-01-01,"Amstrad CPC, Classic Mac OS, Commodore 64, DOS, MSX, ZX Spectrum",interactive fiction
The Horde,1994-03-08,"3DO, DOS",strategy video game
The House of the Dead: Overkill,2009-02-10,"Microsoft Windows, PlayStation 3, Wii, iOS",shoot 'em up
The Humans,1992-01-01,"3DO, Amiga 1200, Amiga CD32, Atari Falcon, Atari Jaguar, Atari Lynx, Atari ST, DOS, Game Boy, PlayStation, Super Nintendo Entertainment System","platformer, puzzle video game"
The Idolmaster,2005-07-26,arcade video game,life simulation game
The Idolmaster Cinderella Girls,2011-11-28,iOS,social network game
The Incredible Crash Dummies,1993-10-21,"Game Boy, Nintendo Entertainment System, PlayStation, Super Nintendo Entertainment System",action game
The Incredible Hulk,2008-06-05,"Microsoft Windows, PlayStation, PlayStation 3, PlayStation 4, Super Nintendo Entertainment System, Wii, Xbox One","action game, action-adventure game, platformer"
The Incredible Hulk: The Pantheon Saga,1997-02-28,"DOS, PlayStation 2",platformer
The Incredible Hulk: Ultimate Destruction,2005-08-23,"Nintendo GameCube, PlayStation 4","action game, action-adventure game"
The Institute,1983-01-01,Commodore 64,adventure video game
The Italian Job,2003-06-25,"Nintendo GameCube, PlayStation 4",racing video game
The Jungle Book,1993-01-01,"Microsoft Windows, Nintendo Entertainment System, PlayStation, Super Nintendo Entertainment System, macOS",platformer
The Karate Kid,1987-01-01,Nintendo Entertainment System,platformer
The Killing Game Show,1990-01-01,"Atari ST, PlayStation",action game
The King of Dragons,1994-03-04,"Super Nintendo Entertainment System, arcade video game",hack and slash
The King of Fighters '94,1994-08-25,"Neo Geo, PlayStation 2, PlayStation 4",2D fighting game
The King of Fighters '95,1995-07-25,"Neo Geo, PlayStation 4, arcade video game",fighting game
The King of Fighters '96,1996-07-30,"Neo Geo, PlayStation 2, arcade video game",fighting game
The King of Fighters '97,1997-07-28,"Neo Geo, PlayStation 2, iOS",fighting game
The King of Fighters '98,1998-07-23,"Neo Geo, PlayStation 2, PlayStation 4, iOS",fighting game
The King of Fighters '99,1999-07-22,"Microsoft Windows, Neo Geo, Neo Geo CD, PlayStation 2, PlayStation 3, PlayStation 4, Virtual Console",fighting game
The King of Fighters 2000,2000-07-26,"Neo Geo, PlayStation 4",fighting game
The King of Fighters 2001,2002-03-14,"Neo Geo, PlayStation 4",fighting game
The King of Fighters 2002,2002-12-18,"Microsoft Windows, Neo Geo, PlayStation 4, Xbox One, arcade video game",fighting game
The King of Fighters 2003,2003-01-01,"Neo Geo, PlayStation 4",fighting game
The King of Fighters XI,2005-10-26,PlayStation 4,fighting game
The King of Fighters XII,2009-04-10,"PlayStation 3, Xbox One",fighting game
The King of Fighters XIII,2010-07-14,"Microsoft Windows, PlayStation 3, Xbox One, iOS",fighting game
The Last Express,1997-03-30,"Classic Mac OS, DOS, Microsoft Windows, iOS, macOS","adventure video game, video game with LGBT character"
The Last Guy,2008-07-31,"PlayStation 3, PlayStation Portable",maze video game
The Last Ninja Remix,1990-01-01,Commodore 64,Unknown
The Last Remnant,2008-11-20,"Microsoft Windows, Xbox One","role-playing video game, video game with LGBT character"
The Last Story,2011-01-27,Wii,role-playing video game
The Lawnmower Man,1994-02-11,"Classic Mac OS, PlayStation, Super Nintendo Entertainment System",action game
The Legend of Heroes: Trails from Zero,2010-09-30,"Microsoft Windows, PlayStation Portable, PlayStation Vita","Japanese role-playing video game, role-playing video game, tactical role-playing game"
The Legend of Heroes: Trails in the Sky,2004-06-24,"Microsoft Windows, PlayStation 3, PlayStation Portable, PlayStation Vita",role-playing video game
The Legend of Mir 2,2001-09-19,Microsoft Windows,"fantasy video game, massively multiplayer online role-playing game"
The Legend of Spyro: Dawn of the Dragon,2008-10-21,"Java Platform, Micro Edition, Nintendo DS, PlayStation 3, PlayStation 4, Wii, Xbox One",action-adventure game
The Legend of Zelda: A Link to the Past,2016-04-14,Super Nintendo Entertainment System,"action role-playing game, action-adventure game"
The Legend of Zelda: A Link to the Past and Four Swords,2002-12-02,Unknown,action-adventure game
The Legend of Zelda: Four Swords Adventures,2004-03-18,Nintendo GameCube,action-adventure game
The Legend of Zelda: Link's Awakening,1993-12-01,"Game Boy, Game Boy Color",action-adventure game
The Legend of Zelda: Majora's Mask,2000-04-27,"Nintendo 64, Nintendo GameCube, Wii U",action-adventure game
The Legend of Zelda: Ocarina of Time,1998-11-21,"Nintendo 3DS, Nintendo 64, Nintendo GameCube, Virtual Console, Wii, Wii U, iQue Player",action-adventure game
The Legend of Zelda: Oracle of Ages,2001-02-27,"Game Boy Color, Nintendo 3DS",action-adventure game
The Legend of Zelda: Skyward Sword,2011-11-18,"Wii, Wii U",action-adventure game
The Legend of Zelda: Spirit Tracks,2009-12-07,"Nintendo DS, Wii U",action-adventure game
The Legend of Zelda: The Minish Cap,2004-11-04,"Nintendo 3DS, Wii U",role-playing video game
The Legend of Zelda: The Wind Waker,2002-12-13,Nintendo GameCube,"action-adventure game, post-apocalyptic video game"
The Legend of Zelda: Twilight Princess,2005-01-01,"Nintendo GameCube, Wii, Wii U",action-adventure game
The Longest Journey,1999-11-19,"Microsoft Windows, iOS","adventure video game, point-and-click adventure, video game with LGBT character"
The Lord of the Rings Online,2007-04-24,Microsoft Windows,"massively multiplayer online role-playing game, role-playing video game"
The Lord of the Rings: Conquest,2009-01-09,"Microsoft Windows, Nintendo DS, PlayStation 3, Xbox One",action-adventure game
The Lord of the Rings: The Battle for Middle-earth,2004-12-06,Microsoft Windows,real-time strategy
The Lord of the Rings: The Battle for Middle-earth II,2006-03-02,"Microsoft Windows, Xbox One",real-time strategy
The Lord of the Rings: The Return of the King,2003-10-31,"Microsoft Windows, Nintendo GameCube, PlayStation 4, macOS","action-adventure game, hack and slash"
The Lord of the Rings: The Third Age,2004-11-02,"Nintendo GameCube, PlayStation 4",role-playing video game
The Lord of the Rings: War in the North,2011-11-01,"Microsoft Windows, PlayStation 3, Xbox One, macOS",role-playing video game
The Lord of the Rings: War of the Ring,2003-11-08,Microsoft Windows,strategy video game
The Lords of Midnight,1984-01-01,"Amstrad CPC, Commodore 64, DOS, Microsoft Windows, Windows Phone, ZX Spectrum, iOS, macOS",strategy video game
The Lost Vikings,1993-01-01,"Amiga CD32, DOS, Microsoft Windows, PlayStation, Super Nintendo Entertainment System","platformer, puzzle-platformer"
The Machine,1988-01-01,Commodore 64,Unknown
The Matrix Online,2005-03-22,Microsoft Windows,massively multiplayer online role-playing game
The Matrix: Path of Neo,2005-11-07,"Microsoft Windows, PlayStation 4","post-apocalyptic video game, third-person shooter"
The Misadventures of P.B. Winterbottom,2010-02-17,Microsoft Windows,puzzle-platformer
The Moment of Silence,2004-10-01,Microsoft Windows,"adventure video game, cyberpunk video game"
The Moochies,1991-01-01,Unknown,Unknown
The Movies,2005-11-08,"Microsoft Windows, macOS",business simulation game
The Movies: Stunts & Effects,2006-06-06,"Microsoft Windows, macOS","business simulation game, simulation video game"
The Mysterious Murasame Castle,1986-04-14,Famicom Disk System,action-adventure game
The Nations,2001-01-01,Microsoft Windows,real-time strategy
The Need for Speed,1994-08-31,"3DO, DOS, Microsoft Windows, PlayStation 2",racing video game
The Neverhood,1996-10-31,"Microsoft Windows, PlayStation 2",adventure video game
The Next Big Thing,2011-02-04,"Microsoft Windows, iOS, macOS",adventure video game
The Nomad Soul,1999-10-29,Microsoft Windows,"action-adventure game, adventure video game, cyberpunk video game, fighting game, first-person shooter, role-playing video game"
The Operative: No One Lives Forever,2000-12-08,"Microsoft Windows, PlayStation 4, macOS",first-person shooter
The Oregon Trail,1971-01-01,"Apple II series, Atari 8-bit family, Classic Mac OS, Commodore 64, DOS, HP 2100, Mac operating system","simulation video game, text-based video game"
The Pandora Directive,1996-07-31,"DOS, Microsoft Windows, macOS",adventure video game
The Path,2009-03-18,"Microsoft Windows, macOS",psychological horror fiction
The Pawn,1985-01-01,"Acorn Archimedes, Amstrad CPC, Amstrad PCW, Atari ST, Classic Mac OS, Commodore 64, DOS, ZX Spectrum",interactive fiction
The Pharaoh's Curse,1983-01-01,"Atari 8-bit family, Commodore 64, Commodore VIC-20",platformer
The Pink Panther: Hokus Pokus Pink,1997-10-01,Microsoft Windows,adventure video game
The Pink Panther: Passport to Peril,1996-10-31,Microsoft Windows,adventure video game
The Real Ghostbusters,1993-04-23,Game Boy,"platformer, puzzle video game"
The Reminiscence of Haruhi Suzumiya,2011-05-12,PlayStation 3,visual novel
The Saboteur,2009-12-03,"Microsoft Windows, PlayStation 3, Xbox One, iOS","action-adventure game, third-person shooter"
The Sacred Armour of Antiriad,1986-01-01,"Amstrad CPC, Commodore 64, ZX Spectrum","Metroidvania, maze video game, post-apocalyptic video game"
The Saga of Erik the Viking,1984-01-01,"Amstrad CPC, BBC Micro, Commodore 64, ZX Spectrum","adventure video game, interactive fiction"
The Secret of Monkey Island,1990-10-01,"Atari ST, Classic Mac OS, DOS, FM Towns, Microsoft Windows, PlayStation",adventure video game
The Secret of Monkey Island: Special Edition,2009-07-15,Microsoft Windows,point-and-click adventure
The Secrets of Atlantis: The Sacred Legacy,2006-11-03,"Microsoft Windows, iOS",adventure video game
The Sentinel,1986-01-01,"Amstrad CPC, Atari ST, Commodore 64, DOS, ZX Spectrum",puzzle video game
The Settlers II,1996-04-17,"Classic Mac OS, Microsoft Windows, Nintendo DS","city-building game, real-time strategy"
The Seven Cities of Gold,1984-01-01,"Classic Mac OS, Commodore 64, DOS",strategy video game
The Ship: Murder Party,2006-07-30,Microsoft Windows,first-person shooter
The Simpsons,1991-03-04,"Commodore 64, DOS, iOS","action-adventure game, arcade, beat 'em up"
The Simpsons Game,2007-10-30,"Nintendo DS, PlayStation 3, PlayStation 4, PlayStation Portable, Wii, Xbox One",action-adventure game
The Simpsons Wrestling,2001-03-22,PlayStation 2,professional wrestling video game
The Simpsons: Bart vs. the Juggernauts,1992-01-01,Game Boy,platformer
The Simpsons: Bartman Meets Radioactive Man,1992-12-01,Nintendo Entertainment System,platformer
The Simpsons: Cartoon Studio,1996-07-01,"Classic Mac OS, Mac operating system, Microsoft Windows",simulation video game
The Simpsons: Hit & Run,2003-09-16,"Microsoft Windows, Nintendo GameCube, PlayStation 4",action-adventure game
The Simpsons: Road Rage,2001-12-17,"Nintendo GameCube, PlayStation 4",racing video game
The Simpsons: Tapped Out,2012-03-01,iOS,city-building game
The Sims,2000-02-04,"Classic Mac OS, Microsoft Windows, Nintendo GameCube, PlayStation 4, macOS","life simulation game, video game with LGBT character"
The Sims 2,2004-09-16,"Microsoft Windows, Nintendo DS, Nintendo GameCube, PlayStation 4, PlayStation Portable, macOS","life simulation game, social simulation game, video game with LGBT character"
The Sims 2: Castaway,2007-10-22,"Nintendo DS, PlayStation 4, PlayStation Portable, Wii",life simulation game
The Sims 3,2009-06-02,"BlackBerry OS, Microsoft Windows, N-Gage, Nintendo 3DS, Nintendo DS, PlayStation 3, Wii, Windows Phone, Xbox One, iOS, macOS","life simulation game, social simulation game, video game with LGBT character"
The Sims Bustin' Out,2003-12-02,"N-Gage, Nintendo GameCube, PlayStation 4","life simulation game, social simulation game"
The Sims Castaway Stories,2008-01-29,"Microsoft Windows, macOS",life simulation game
The Sims Life Stories,2007-02-06,"Microsoft Windows, macOS","god game, life simulation game"
The Sims Medieval,2011-03-22,"Microsoft Windows, Windows Phone, iOS, macOS","adventure video game, life simulation game, role-playing video game, strategy video game"
The Sims Pet Stories,2007-06-19,"Mac operating system, Microsoft Windows, macOS",life simulation game
The Song of Saya,2003-12-26,Microsoft Windows,"eroge, visual novel"
The Spiderwick Chronicles,2008-02-05,"Microsoft Windows, Nintendo DS, PlayStation 4, Wii, Xbox One","action-adventure game, adventure video game"
The Spy Who Loved Me,1990-01-01,"Amstrad CPC, Commodore 64, DOS, ZX Spectrum",racing video game
The Suffering,2004-03-09,"Microsoft Windows, PlayStation 4","first-person shooter, psychological horror fiction, third-person shooter"
The Temple of Elemental Evil,2003-09-16,"Microsoft Windows, macOS",role-playing video game
The Terminator: Future Shock,1995-01-01,DOS,first-person shooter
The Texas Chainsaw Massacre,1982-01-01,Atari 2600,action game
The Thing,2024-12-05,"Microsoft Windows, PlayStation 4",third-person shooter
The Trap Door,1986-01-01,"Amstrad CPC, Commodore 64, ZX Spectrum",action-adventure game
The Ultimate Doom,1995-01-01,"DOS, Mac operating system, Microsoft Windows, Xbox One",first-person shooter
The Walking Dead: Season One,2012-04-24,"Microsoft Windows, PlayStation 3, PlayStation Portable, PlayStation Vita, Xbox One, iOS, iPadOS, macOS","episodic video game, graphic adventure game, zombie apocalyptic video game"
The Walking Dead: Survival Instinct,2013-03-21,"Microsoft Windows, PlayStation 3, Wii U, Xbox One","first-person shooter, zombie apocalyptic video game"
The Warriors,2005-10-17,"PlayStation 4, PlayStation Portable","action-adventure game, beat 'em up"
The Way of the Exploding Fist,1985-01-01,"Amstrad CPC, Commodore 64, ZX Spectrum",fighting game
The West,2008-01-01,web browser,role-playing video game
The Westerner,2003-12-21,"Microsoft Windows, iOS","adventure video game, point-and-click adventure, science fiction video game"
The Witcher,2007-10-26,"Microsoft Windows, macOS","action role-playing game, fantasy video game"
The Witcher 2: Assassins of Kings,2011-05-17,"Microsoft Windows, Xbox One, macOS","action role-playing game, fantasy video game"
The Witness,2016-01-26,"Microsoft Windows, Xbox One, iOS, macOS","Metroidbrainia, puzzle video game"
The World Ends with You,2008-04-22,"Nintendo DS, iOS",role-playing video game
The World Is Not Enough,2000-11-01,Nintendo 64,first-person shooter
Theme Park,1995-01-15,"3DO, Amiga 1200, Amiga CD32, Classic Mac OS, DOS, Mac operating system, Microsoft Windows, Nintendo DS, PlayStation, PlayStation 2, Super Nintendo Entertainment System, iOS",construction and management simulation
Theme Park World,1999-11-20,"Classic Mac OS, Microsoft Windows, PlayStation 2, PlayStation 4",construction and management simulation
Theocracy,2000-03-30,Microsoft Windows,real-time strategy
Thexder,1985-01-01,"Apple IIGS, Classic Mac OS, DOS, MSX, Nintendo Entertainment System, PlayStation 3","adventure video game, science fiction video game"
They,,"Microsoft Windows, PlayStation 3, Xbox One",first-person shooter
They Stole a Million,1986-01-01,"Amstrad CPC, Commodore 64, ZX Spectrum",strategy video game
Thief II,2000-02-29,Microsoft Windows,"first-person shooter, stealth game"
Thief: Deadly Shadows,2004-05-25,Microsoft Windows,"first-person shooter, stealth game, third-person shooter"
Thief: The Dark Project,1998-11-30,Microsoft Windows,"action-adventure game, first-person shooter, stealth game"
Thor: God of Thunder,2011-04-28,"Nintendo DS, PlayStation 3, Wii, Xbox One",action game
Thrasher Presents Skate and Destroy,1999-09-26,PlayStation 2,sports video game
Three Cards to Midnight,2009-05-07,Microsoft Windows,adventure video game
Thrillville: Off the Rails,2007-10-09,"Microsoft Windows, Nintendo DS, PlayStation 4, Wii, Xbox One",real-time strategy
Throne and Liberty,2023-12-07,"Microsoft Windows, Xbox Series X and Series S","massively multiplayer online role-playing game, role-playing video game"
Thrust,1986-01-01,"Amstrad CPC, Atari 2600, Atari ST, Commodore 64, Vectrex, ZX Spectrum",shoot 'em up
Thunder Force III,1990-06-08,PlayStation,shoot 'em up
Thunder Force IV,1992-07-24,PlayStation,shoot 'em up
Thunder Fox,1990-01-01,PlayStation,action game
Thundercats,1987-01-01,"Amstrad CPC, Commodore 64, ZX Spectrum",action game
Tibia,1997-01-01,"Microsoft Windows, macOS","adventure video game, massively multiplayer online role-playing game"
Tick! Tack!,2005-10-16,Microsoft Windows,"eroge, visual novel"
Tiger Woods PGA Tour 09,2007-08-28,"PlayStation 3, PlayStation 4, Wii, Xbox One",sports video game
Time Crisis,1997-06-27,"PlayStation 2, arcade video game",shoot 'em up
Time Gal,1992-11-13,"PlayStation, arcade video game, iOS",interactive film
Time Hollow,2008-03-19,Nintendo DS,"adventure video game, science fiction video game, visual novel"
Time Pilot,1982-11-01,"Atari 2600, ColecoVision, Commodore 64, MSX, arcade video game",shoot 'em up
Time Zone,1982-01-01,"Apple II, Apple II series",adventure video game
TimeShift,2007-10-30,"Microsoft Windows, PlayStation 3, Xbox One","first-person shooter, science fiction video game"
TimeSplitters 2,2002-10-09,"Nintendo GameCube, PlayStation 4",first-person shooter
Tiny Toon Adventures 2: Trouble in Wackyland,1992-11-27,Nintendo Entertainment System,platformer
Tiny Toon Adventures: Wacky Stackers,2001-12-30,Unknown,puzzle video game
Tiny Wings,2011-02-18,iOS,action game
Titan Quest,2006-06-26,"Microsoft Windows, iOS","action role-playing game, hack and slash"
Titus the Fox,1991-01-01,"Amstrad CPC, Atari ST, DOS, Game Boy, Game Boy Color, Microsoft Windows, macOS",platformer
To Heart,1997-05-23,"Microsoft Windows, PlayStation 2, PlayStation 4, PlayStation Portable","bishōjo game, dating sim, eroge, harem, visual novel"
To Heart 2,2004-01-01,"Microsoft Windows, PlayStation 3, PlayStation 4, PlayStation Portable","bishōjo game, dating sim, eroge, harem, visual novel"
To the Moon,2011-11-01,"Microsoft Windows, Xbox Series X and Series S, iOS, macOS","adventure video game, role-playing video game"
Tobal No. 1,1996-08-02,PlayStation 2,fighting game
Togainu no Chi,2005-01-01,"Microsoft Windows, PlayStation 4","Boys' Love game, LGBT-themed video game"
Toki Tori,2001-09-26,"Game Boy Color, Microsoft Windows, PlayStation 3, Wii, Wii U, Windows Phone, iOS, macOS","platformer, puzzle video game"
Tokimeki Memorial 2,1999-11-25,PlayStation 4,dating sim
Tokimeki Memorial 3: Yakusoku no Ano Basho de,2001-12-20,PlayStation 4,dating sim
Tokyo Mono Hara Shi: Karasu no Mori Gakuen Kitan,2010-04-22,PlayStation Portable,"adventure video game, role-playing video game"
Tom Clancy's EndWar,2008-11-04,"Microsoft Windows, Nintendo DS, PlayStation 3, PlayStation Portable, Xbox One","crossover fiction, real-time tactics, turn-based tactics"
Tom Clancy's Ghost Recon 2: Summit Strike,2005-08-03,Unknown,tactical shooter
Tom Clancy's Ghost Recon Advanced Warfighter,2006-03-09,"Microsoft Windows, PlayStation 4, Xbox One","first-person shooter, third-person shooter"
Tom Clancy's Ghost Recon Advanced Warfighter 2,2007-03-06,"Microsoft Windows, PlayStation 3, PlayStation Portable, Xbox One",third-person shooter
Tom Clancy's H.A.W.X,2009-03-03,"Microsoft Windows, PlayStation 3, Xbox One, iOS",combat flight simulator game
Tom Clancy's Rainbow Six,1998-08-21,"Classic Mac OS, Microsoft Windows, Nintendo 64, PlayStation 2","first-person shooter, tactical shooter"
Tom Clancy's Rainbow Six 3: Raven Shield,2003-03-18,"Microsoft Windows, Nintendo GameCube, PlayStation 4, macOS","first-person shooter, tactical shooter"
Tom Clancy's Rainbow Six: Critical Hour,2006-03-14,PlayStation 4,tactical shooter
Tom Clancy's Rainbow Six: Lockdown,2005-09-08,"Microsoft Windows, Nintendo GameCube, PlayStation 4",first-person shooter
Tom Clancy's Rainbow Six: Take-Down – Missions in Korea,2001-01-01,Microsoft Windows,first-person shooter
Tom Clancy's Rainbow Six: Vegas,2006-11-22,"Microsoft Windows, PlayStation 3, PlayStation Portable, Xbox One","first-person shooter, tactical shooter"
Tom Clancy's Rainbow Six: Vegas 2,2008-03-18,"Microsoft Windows, PlayStation 3, Xbox One",tactical shooter
Tom Clancy's SSN,1996-01-01,Microsoft Windows,simulation video game
Tom Clancy's Splinter Cell,2002-11-17,"Microsoft Windows, N-Gage, Nintendo GameCube, PlayStation 3, PlayStation 4, macOS","action-adventure game, stealth game"
Tom Clancy's Splinter Cell: Blacklist,2013-08-20,"Microsoft Windows, PlayStation 3, Wii U, Xbox One","action-adventure game, stealth game"
Tom Clancy's Splinter Cell: Chaos Theory,2005-03-23,"Microsoft Windows, N-Gage, Nintendo DS, Nintendo GameCube, PlayStation 3, PlayStation 4, Xbox One","action-adventure game, stealth game"
Tom Clancy's Splinter Cell: Conviction,2010-04-13,"Microsoft Windows, Windows Phone, Xbox One, iOS, macOS","action-adventure game, stealth game"
Tom Clancy's Splinter Cell: Double Agent,2006-10-17,"Microsoft Windows, Nintendo GameCube, PlayStation 3, PlayStation 4, Wii, Xbox One",action-adventure game
Tom Clancy's Splinter Cell: Essentials,2006-03-21,PlayStation Portable,"action-adventure game, stealth game"
Tom Clancy's Splinter Cell: Pandora Tomorrow,2004-03-23,"Microsoft Windows, Nintendo GameCube, PlayStation 3, PlayStation 4",action-adventure game
Tomb Raider,1996-10-25,"DOS, Microsoft Windows, N-Gage, PlayStation 2, PlayStation 3, Pocket PC, Xbox One, Xbox Series X and Series S, iOS, macOS",action-adventure game
Tomb Raider II,1997-10-31,"Classic Mac OS, Microsoft Windows, PlayStation 2, iOS, macOS",action-adventure game
Tomb Raider III,1998-11-21,"Classic Mac OS, Microsoft Windows, PlayStation 2",action-adventure game
Tomb Raider: Anniversary,2007-06-01,"Microsoft Windows, PlayStation 3, PlayStation 4, PlayStation Portable, Wii, Xbox One, macOS",action-adventure game
Tomb Raider: Elixir of Life,2004-10-01,"Java Platform, Micro Edition",platformer
Tomb Raider: The Angel of Darkness,2003-06-20,"Microsoft Windows, PlayStation 4, macOS",action-adventure game
Tomb Raider: The Osiris Codex,2003-05-01,"Java Platform, Micro Edition",platformer
Tomb Raider: Underworld,2008-11-18,"Microsoft Windows, Nintendo DS, PlayStation 3, PlayStation 4, Wii, Xbox One, macOS",action-adventure game
Tomorrow Never Dies,1999-11-16,PlayStation 2,third-person shooter
Tomoyo After: It's a Wonderful Life,2007-01-25,"Microsoft Windows, PlayStation 3, PlayStation 4, PlayStation Portable, Xbox One","eroge, visual novel"
Tonic Trouble,1999-08-31,Microsoft Windows,platformer
Tony Hawk's American Wasteland,2005-10-18,"Microsoft Windows, Nintendo GameCube, PlayStation 4, Xbox One",sports video game
Tony Hawk's Downhill Jam,2006-10-24,"Nintendo DS, PlayStation 4, Wii","racing video game, sports video game"
Tony Hawk's Pro Skater 2,2000-09-20,"Classic Mac OS, Microsoft Windows, Nintendo 64, PlayStation 2, iOS, macOS",skateboarding video game
Tony Hawk's Pro Skater 3,2001-10-28,"Classic Mac OS, Game Boy Color, Microsoft Windows, Nintendo 64, Nintendo GameCube, PlayStation 2, PlayStation 4, macOS",sports video game
Tony Hawk's Pro Skater 4,2002-10-23,"DigiBLAST, Microsoft Windows, Nintendo GameCube, PlayStation 2, PlayStation 4, macOS",sports video game
Tony Tough and the Night of Roasted Moths,1997-01-01,"Microsoft Windows, macOS","halloween video game, point-and-click adventure"
Too Human,2008-08-19,Xbox One,"action role-playing game, cyberpunk video game"
Toobin',1988-01-01,"Amstrad CPC, Atari ST, Commodore 64, DOS, Nintendo Entertainment System, ZX Spectrum",action game
Toonix,2010-12-31,web browser,massively multiplayer online game
Toonstruck,1996-11-30,"DOS, Microsoft Windows, macOS",adventure video game
Top Eleven Football Manager,2011-10-20,iOS,"association football video game, role-playing video game"
Top Gear 3000,1995-01-01,Super Nintendo Entertainment System,"racing video game, science fiction video game"
Top Management,1990-12-12,Nintendo Entertainment System,"business simulation game, strategy video game"
Top Spin 4,2011-03-15,"PlayStation 3, Wii, Xbox One",tennis video game
Torchlight,2009-10-27,"Microsoft Windows, macOS","action role-playing game, role-playing video game"
Torchlight II,2012-09-20,"Microsoft Windows, macOS","action role-playing game, role-playing video game"
Torin's Passage,1995-10-31,"Classic Mac OS, DOS, Microsoft Windows",adventure video game
Toshinden 4,1999-08-12,PlayStation 2,fighting game
Total Annihilation,1997-09-30,"Classic Mac OS, Mac operating system, Microsoft Windows","real-time strategy, science fiction video game"
Total Distortion,1995-01-01,"Classic Mac OS, Microsoft Windows",adventure video game
Total Overdose,2005-09-16,"Microsoft Windows, PlayStation 4",third-person shooter
Total War: Rome II,2013-09-03,"Microsoft Windows, macOS","real-time tactics, turn-based strategy video game"
Total War: Shogun 2,2011-03-15,"Microsoft Windows, macOS","real-time strategy, real-time tactics, turn-based strategy video game"
Touch Down Fever,1987-01-01,Nintendo Entertainment System,American football video game
TouchMaster,2007-06-25,Nintendo DS,puzzle video game
Touhou Bunkachou ~ Shoot the Bullet,2005-12-30,Microsoft Windows,shoot 'em up
Touhou Chireiden ~ Subterranean Animism,2008-08-16,Microsoft Windows,shoot 'em up
Touhou Eiyashou ~ Imperishable Night,2004-08-15,Microsoft Windows,shoot 'em up
Touhou Fuujinroku ~ Mountain of Faith,2007-08-17,Microsoft Windows,shoot 'em up
Touhou Hisoutensoku,2009-08-15,Microsoft Windows,fighting game
Touhou Kaeidzuka ~ Phantasmagoria of Flower View,2005-08-14,Microsoft Windows,shoot 'em up
Touhou Koumakyou ~ The Embodiment of Scarlet Devil,2002-08-11,Microsoft Windows,bullet hell
Touhou Seirensen ~ Undefined Fantastic Object,2009-08-15,Microsoft Windows,shoot 'em up
Touhou Shinreibyou ~ Ten Desires,2011-05-08,Microsoft Windows,bullet hell
Touhou Suimusou ~ Immaterial and Missing Power,2004-12-30,Microsoft Windows,fighting game
Touhou Youyoumu ~ Perfect Cherry Blossom,2003-08-17,Microsoft Windows,bullet hell
Tourist Trophy,2006-02-02,PlayStation 4,sim racing
Toy Story Mania!,2009-08-14,"Microsoft Windows, PlayStation 3, Wii, Xbox One, iOS",party video game
Track & Field,1987-04-01,"Atari 2600, Commodore 64, Game Boy, MSX, Nintendo DS, Nintendo Entertainment System, ZX Spectrum, arcade video game",athletics video game
Track & Field II,1988-01-01,Nintendo Entertainment System,athletics video game
TrackMania 2,2011-09-14,Microsoft Windows,racing video game
TrackMania DS,2008-01-01,Microsoft Windows,racing video game
TrackMania Nations,2006-01-01,Microsoft Windows,racing video game
TrackMania Nations Forever,2007-01-01,Microsoft Windows,racing video game
Traders: The Intergalactic Trading Game,1991-01-01,"Atari ST, DOS","business simulation game, science fiction video game, strategy video game"
Traffic Giant,2001-02-28,Microsoft Windows,"city-building game, real-time strategy"
Transformers: Beast Wars Transmetals,1999-12-09,"Nintendo 64, PlayStation 2",fighting game
Transformers: The Battle to Save the Earth,1986-01-01,Commodore 64,action role-playing game
Transformers: The Game,2007-06-19,"Microsoft Windows, Nintendo DS, PlayStation 3, PlayStation 4, PlayStation Portable, Wii, Xbox One",third-person shooter
Transformice,2010-05-01,"Microsoft Windows, macOS",platformer
Transport Tycoon Deluxe,1994-01-01,"DOS, Microsoft Windows, PlayStation 2, iOS",business simulation game
Travian,2004-01-01,web browser,"massively multiplayer online real-time strategy game, real-time strategy, strategy video game"
Treasure Isle,2010-04-04,Facebook Platform,"role-playing video game, simulation video game"
Tremulous,2005-08-11,"Classic Mac OS, Microsoft Windows",first-person shooter
Trespasser,1998-10-28,Microsoft Windows,"action-adventure game, first-person shooter, science fiction video game"
Trials Evolution,2012-04-18,"Microsoft Windows, Xbox One, iOS","platformer, racing video game"
Triangle Heart,1998-12-18,Microsoft Windows,"eroge, magical girl video game, visual novel"
Tribal Wars,2003-06-10,"Microsoft Windows, iOS, macOS",real-time strategy
Tribes 2,2001-03-30,Microsoft Windows,first-person shooter
Tribes: Aerial Assault,2002-09-23,PlayStation 4,first-person shooter
Tribes: Ascend,2012-04-12,Microsoft Windows,first-person shooter
Trickster Online,,Microsoft Windows,fantasy video game
Trine,2009-07-03,"Microsoft Windows, PlayStation 3, PlayStation Portable, macOS","platformer, puzzle video game"
Triplane Turmoil,1996-01-01,"DOS, Microsoft Windows",shoot 'em up
TripleA,2001-10-01,"Java Platform, Standard Edition",turn-based strategy video game
Tristia of the Deep-Blue Sea,2002-07-20,"Microsoft Windows, PlayStation 4","adventure video game, visual novel"
Trojan,1986-04-01,"DOS, Nintendo Entertainment System, PlayStation 3, arcade video game","hack and slash, post-apocalyptic video game"
Tron,1982-01-01,arcade video game,"Tron-like, action game"
Tron: Evolution,2010-11-26,"Microsoft Windows, PlayStation 3, PlayStation Portable, Wii, Xbox One",action-adventure game
Trophy Manager,2006-01-01,web browser,association football management game
Tropico,2001-04-21,"Classic Mac OS, Microsoft Windows, macOS","business simulation game, construction and management simulation, real-time strategy"
Tropico 3,2009-10-20,"Microsoft Windows, Xbox One, iOS, macOS",business simulation game
Tropico 4,2011-08-26,"Microsoft Windows, Xbox One, macOS",business simulation game
Trouble Shooter,1992-03-06,PlayStation,shoot 'em up
True Golf Classics: Wicked 18,1993-03-05,"3DO, PlayStation, Super Nintendo Entertainment System",sports video game
True Love,1995-06-09,"Microsoft Windows, NEC PC-9800 series","eroge, video game with LGBT character, visual novel"
True Tears,2008-01-01,"Microsoft Windows, PlayStation 4",visual novel
Tsuki wa Higashi ni Hi wa Nishi ni,2003-01-01,"Microsoft Windows, PlayStation 4","eroge, harem, visual novel"
Tumblepop,1992-11-20,arcade video game,action game
Turbo Sliders,2003-04-16,Microsoft Windows,racing video game
Turning Point: Fall of Liberty,2008-02-26,"Microsoft Windows, PlayStation 3, Xbox One","alternate history video game, first-person shooter"
Turok,2008-02-05,"Microsoft Windows, PlayStation 3, Xbox One","action-adventure game, first-person shooter"
Turrican,1990-01-01,"Amstrad CPC, Atari ST, CDTV, Commodore 64, Commodore International, Game Boy, PlayStation, TurboGrafx-16, ZX Spectrum","science fiction video game, shoot 'em up"
Tux Racer,2000-10-02,"Microsoft Windows, arcade video game, macOS","racing video game, winter sports video game"
Twelve: Sengoku Hōshinden,,PlayStation Portable,Unknown
Twilight Zone,1993-04-05,"Microsoft Windows, PlayStation 3, PlayStation Vita, Xbox One",pinball video game
TwinBee,1986-01-04,"Famicom Disk System, MSX, Microsoft Windows, Nintendo Entertainment System, Xbox One",shoot 'em up
TwinBee RPG,1998-04-02,PlayStation 2,role-playing video game
TwinBee Yahho!,1995-04-19,arcade video game,shoot 'em up
Twinity,2008-09-05,Microsoft Windows,life simulation game
Twinkle Crusaders,,Microsoft Windows,"eroge, visual novel"
Twisted Edge Extreme Snowboarding,1998-11-10,Nintendo 64,"snowboarding video game, sports video game"
Twisted Metal,1995-11-05,PlayStation 2,"Christmas video game, vehicular combat game"
Twisted Metal III,1998-10-31,PlayStation 2,vehicular combat game
Two Worlds,2007-05-09,"Microsoft Windows, Xbox One, macOS",action role-playing game
Two Worlds II,2010-11-12,"Microsoft Windows, PlayStation 3, Xbox One, macOS",action role-playing game
Tyrian,1995-01-01,"BlackBerry Z10, DOS, IBM PC compatible, Zune HD, iOS, macOS",shoot 'em up
Tōka Gettan,,"Microsoft Windows, PlayStation 4","drama anime and manga, eroge, fantasy anime and manga, harem, romance anime and manga, school anime and manga, visual novel"
U.N. Squadron,1991-07-26,"Amstrad CPC, Atari ST, Commodore 64, Super Nintendo Entertainment System, ZX Spectrum",shoot 'em up
UEFA Euro 2000,2000-04-28,PlayStation 2,association football video game
UFC 2009 Undisputed,2009-05-19,"PlayStation 3, Xbox One",mixed martial arts video game
UFC Undisputed 3,2012-02-14,"PlayStation 3, PlayStation Portable, Xbox One",fighting game
UFO: Afterlight,2007-02-09,Microsoft Windows,"post-apocalyptic video game, real-time tactics, science fiction video game, strategy video game, turn-based strategy video game"
UFO: Aftermath,2003-09-16,Microsoft Windows,"post-apocalyptic video game, real-time strategy, real-time tactics, science fiction video game"
UFO: Aftershock,2005-10-21,Microsoft Windows,"post-apocalyptic video game, real-time strategy, real-time tactics, science fiction video game"
UFO: Alien Invasion,2003-12-30,"Classic Mac OS, Microsoft Windows","science fiction video game, strategy video game"
UFO: Extraterrestrials,2007-05-04,Microsoft Windows,"real-time strategy, science fiction video game, turn-based tactics"
Ultima IV: Quest of the Avatar,1985-09-16,"Atari ST, Commodore 64, DOS, MSX, Nintendo Entertainment System, iOS",role-playing video game
Ultima IX: Ascension,1999-11-23,Microsoft Windows,role-playing video game
Ultima Online,1997-09-24,Microsoft Windows,massively multiplayer online role-playing game
Ultima Underworld: The Stygian Abyss,1992-03-21,"DOS, Microsoft Windows, PlayStation 2",role-playing video game
Ultima VIII: Pagan,1994-03-15,"DOS, macOS",role-playing video game
Ultimate Ghosts 'n Goblins,2006-08-13,PlayStation Portable,"hack and slash, platformer"
Ultimate Marvel vs. Capcom 3,2011-11-15,"Microsoft Windows, PlayStation 3, PlayStation Vita, Xbox One","airdasher, crossover fiction"
Ultimate Mortal Kombat 3,1996-11-01,"3DO, Game Boy, Nintendo DS, PlayStation, PlayStation 4, Super Nintendo Entertainment System, iOS","fighting game, post-apocalyptic video game"
Ultimate Tron II,1990-01-01,"Commodore 64, Commodore Plus/4",action game
Uncharted 3: Drake's Deception,2011-11-01,PlayStation 3,"action-adventure game, platformer, third-person shooter"
Uncharted Waters II: New Horizons,1994-01-01,"PlayStation, PlayStation 2, Super Nintendo Entertainment System",role-playing video game
Uncharted Waters Online,2007-01-07,"Microsoft Windows, PlayStation 3",massively multiplayer online role-playing game
Uncharted: Drake's Fortune,2007-11-19,PlayStation 3,"action-adventure game, platformer, third-person shooter"
Uncharted: Golden Abyss,2011-12-17,PlayStation Vita,"action-adventure game, platformer"
Under Defeat,2006-03-23,arcade video game,shoot 'em up
Under Fire!,1985-01-01,"Commodore 64, DOS",simulation video game
Under a Killing Moon,1994-10-31,"Classic Mac OS, DOS, Microsoft Windows, iOS, macOS",adventure video game
Undercover Cops,1995-03-03,Super Nintendo Entertainment System,"beat 'em up, post-apocalyptic video game, science fiction video game"
Uninvited,1986-01-01,"Apple IIGS, Atari ST, Classic Mac OS, Commodore 64, DOS, Microsoft Windows, Nintendo Entertainment System, macOS",adventure video game
Universal Hero,1986-01-01,ZX Spectrum,action-adventure game
Universal Studios Theme Parks Adventure,2001-12-07,Nintendo GameCube,crossover fiction
Universe Sandbox,2008-05-01,"Microsoft Windows, macOS","educational video game, simulation video game"
Universe at War: Earth Assault,2007-12-10,"Microsoft Windows, Xbox One","real-time strategy, science fiction video game"
Unknown Horizons,2008-01-01,personal computer,city-building game
Unreal,1998-05-22,"Classic Mac OS, Mac operating system, Microsoft Windows","first-person shooter, science fiction video game"
Unreal II: The Awakening,2003-02-03,Microsoft Windows,first-person shooter
Unreal Tournament 2003,2002-10-01,"Microsoft Windows, macOS",first-person shooter
Unreal Tournament 2004,2004-03-16,"Microsoft Windows, macOS",first-person shooter
Unreal Tournament 3,2007-11-12,"Microsoft Windows, PlayStation 3, Xbox One",first-person shooter
Uplink,2001-10-01,"Microsoft Windows, iOS, macOS","cracker, cyberpunk video game, simulation video game"
Urban Chaos,1999-11-30,"Microsoft Windows, PlayStation 2",action-adventure game
Urban Chaos: Riot Response,2006-05-19,PlayStation 4,first-person shooter
Urban Reign,2005-09-13,PlayStation 4,beat 'em up
Urban Terror,2000-08-05,"Microsoft Windows, macOS",first-person shooter
Uridium,1986-01-01,"Amstrad CPC, Atari ST, Commodore 64, DOS, ZX Spectrum, iOS","science fiction video game, shoot 'em up"
Urusei Yatsura: Dear My Friends,1994-01-01,PlayStation,adventure video game
Uta no Prince-sama,2010-06-24,"PlayStation Portable, PlayStation Vita","otome game, visual novel"
Utawarerumono,2002-04-26,"Microsoft Windows, PlayStation 4, PlayStation Portable, PlayStation Vita","adventure anime and manga, eroge, fantasy anime and manga, post-apocalyptic video game, tactical role-playing game, visual novel"
V GAS,2005-01-01,Unknown,Unknown
V-Rally 3,2002-06-21,"Microsoft Windows, Nintendo GameCube, PlayStation 4",racing video game
VGA Planets,1991-01-01,"Classic Mac OS, DOS, Microsoft Windows",turn-based strategy video game
VVVVVV,2010-01-11,"Commodore 64, Microsoft Windows, Nintendo 3DS, Ouya, Pandora, PlayStation Vita, iOS, macOS",puzzle-platformer
Vagrant Story,2000-02-10,PlayStation 2,action role-playing game
Valis II,1989-08-09,"MSX, PlayStation, TurboGrafx-16","action game, action-adventure game, adventure video game"
Valkyria Chronicles,2008-04-24,"Microsoft Windows, PlayStation 3",tactical role-playing game
Valkyrie Profile: Covenant of the Plume,2008-11-01,"Nintendo DS, PlayStation 3",role-playing video game
Vampire Night,2000-01-01,"PlayStation 4, arcade video game","light-gun shooter, vampire video game"
Vampire: The Masquerade – Bloodlines,2004-11-16,Microsoft Windows,"role-playing video game, vampire video game, video game with LGBT character"
Vampire: The Masquerade – Redemption,2000-06-07,"Classic Mac OS, Microsoft Windows, macOS",action role-playing game
Vandal Hearts II,1999-07-08,PlayStation 2,tactical role-playing game
Vanguard: Saga of Heroes,2007-01-30,Microsoft Windows,massively multiplayer online role-playing game
Vanquish,2010-10-19,"Microsoft Windows, PlayStation 3, Xbox One","action game, science fiction video game, third-person shooter"
Vantage Master,1997-12-12,Microsoft Windows,tactical role-playing game
Vegas Jackpot,1983-01-01,Commodore 64,simulation video game
Veil of Tiers,1993-01-01,"Commodore 128, Commodore 64",Unknown
Velnor's Lair,1983-01-01,"Commodore 64, ZX Spectrum","adventure video game, text adventure"
Vette!,1989-01-01,"Classic Mac OS, DOS",racing video game
Vib-Ribbon,1999-12-09,PlayStation 2,music video game
Victoria II,2010-08-13,Microsoft Windows,"computer wargame, grand strategy wargame, historical video game, real-time strategy"
Victoria: An Empire Under the Sun,2003-01-01,"Microsoft Windows, macOS","computer wargame, grand strategy wargame, historical video game, real-time strategy"
Viduzzles,1983-01-01,Commodore 64,Unknown
Vietcong,2003-03-26,"Microsoft Windows, PlayStation 4",first-person shooter
Vietcong 2,2005-10-24,Microsoft Windows,first-person shooter
Viewpoint,1992-11-20,"Neo Geo, PlayStation, PlayStation 2, arcade video game",shoot 'em up
Viewtiful Joe,2003-06-26,"Nintendo GameCube, PlayStation 4","action game, platformer"
Vigilante,1988-01-01,"Amstrad CPC, Commodore 64, MSX, TurboGrafx-16, ZX Spectrum",beat 'em up
Vindictus,2010-01-21,"IBM PC compatible, Microsoft Windows","massively multiplayer online role-playing game, role-playing video game"
Virtonomics,2009-05-30,web browser,"business simulation game, turn-based strategy video game"
Virtua Cop,1994-09-01,Microsoft Windows,shoot 'em up
Virtua Cop 2,1996-11-22,"Microsoft Windows, PlayStation 4",light-gun shooter
Virtua Fighter,1994-11-22,"Microsoft Windows, PlayStation, iOS",3D fighting game
Virtua Fighter 3,1996-09-01,PowerPC 600,3D fighting game
Virtua Tennis 4,2011-04-29,"Microsoft Windows, PlayStation 3, PlayStation Vita, Wii, Xbox One",tennis video game
Virtual Bart,1994-09-01,"PlayStation, Super Nintendo Entertainment System",action game
Viva Piñata,2006-11-09,"Microsoft Windows, Xbox One",life simulation game
Viva Piñata: Pocket Paradise,2008-09-08,Nintendo DS,life simulation game
Viva Piñata: Trouble in Paradise,2008-09-02,Xbox One,life simulation game
Vivisector: Beast Within,2006-01-06,Microsoft Windows,"biopunk, first-person shooter, science fiction video game"
Voyage: Inspired by Jules Verne,2005-08-18,Microsoft Windows,"adventure video game, point-and-click adventure"
Voyeur,1993-01-01,"Classic Mac OS, DOS, Microsoft Windows, Philips CD-i","erotic video game, full motion video, simulation video game, visual novel"
Vs. Super Mario Bros.,1986-01-01,arcade video game,Unknown
WALL-E,2008-06-24,"Microsoft Windows, Nintendo DS, PlayStation 3, PlayStation 4, PlayStation Portable, Wii, Xbox One, macOS","platformer, post-apocalyptic video game"
WCW Backstage Assault,2000-12-01,"Nintendo 64, PlayStation 2",professional wrestling video game
WWE '13,2012-10-30,"PlayStation 3, Wii, Xbox One",professional wrestling video game
WWE Brawl,,PlayStation 3,fighting game
WWE Crush Hour,2003-03-17,"Nintendo GameCube, PlayStation 4","fighting game, vehicular combat game"
WWE Day of Reckoning,2004-08-30,Nintendo GameCube,fighting game
WWE Day of Reckoning 2,2005-08-29,Nintendo GameCube,"fighting game, sports video game"
WWE Raw 2,2003-09-15,Microsoft Windows,professional wrestling video game
WWE Road to WrestleMania X8,2002-10-23,Unknown,professional wrestling video game
WWE SmackDown vs. Raw 2007,2006-11-14,"PlayStation 3, PlayStation 4, PlayStation Portable, Xbox One",professional wrestling video game
WWE SmackDown vs. Raw 2008,2007-11-09,"Nintendo DS, PlayStation 3, PlayStation 4, PlayStation Portable, Wii, Xbox One",fighting game
WWE SmackDown vs. Raw 2009,2008-11-06,"Nintendo DS, PlayStation 3, PlayStation 4, PlayStation Portable, Wii, Xbox One",professional wrestling video game
WWE SmackDown vs. Raw 2010,2009-10-20,"Nintendo 3DS, Nintendo DS, PlayStation 3, PlayStation 4, PlayStation Portable, Wii, Xbox One, iOS",professional wrestling video game
WWE SmackDown vs. Raw 2011,2010-10-26,"PlayStation 3, PlayStation 4, PlayStation Portable, Wii, Xbox One",professional wrestling video game
WWE SmackDown! Here Comes the Pain,2003-10-27,PlayStation 4,professional wrestling video game
WWE SmackDown! vs. Raw,2004-11-02,PlayStation 4,professional wrestling video game
WWE SmackDown! vs. Raw 2006,2005-11-11,"PlayStation 4, PlayStation Portable",professional wrestling video game
WWE WrestleMania X8,2002-06-09,Nintendo GameCube,sports video game
WWE WrestleMania XIX,2003-09-08,Nintendo GameCube,sports video game
WWF Attitude,1999-07-31,"Game Boy Color, Nintendo 64, PlayStation 2",professional wrestling video game
WWF Rage in the Cage,1993-12-21,PlayStation,sports video game
WWF Road to WrestleMania,2001-11-18,Game Boy,professional wrestling video game
WWF Royal Rumble,1993-09-15,"PlayStation, Super Nintendo Entertainment System",sports video game
WWF SmackDown! 2: Know Your Role,2000-11-21,PlayStation 2,professional wrestling video game
WWF Super WrestleMania,1992-02-12,"PlayStation, Super Nintendo Entertainment System",sports video game
WWF WrestleMania,1991-01-01,"Amstrad CPC, Atari ST, Commodore 64, DOS, ZX Spectrum",sports video game
WWF WrestleMania 2000,1999-01-01,Nintendo 64,professional wrestling video game
WWF WrestleMania Challenge,1990-11-01,Nintendo Entertainment System,fighting game
WWF WrestleMania: Steel Cage Challenge,1992-01-01,Nintendo Entertainment System,professional wrestling video game
WWF WrestleMania: The Arcade Game,1995-10-18,"DOS, PlayStation, PlayStation 2, Super Nintendo Entertainment System, arcade video game",professional wrestling video game
Wacky Wheels,1994-10-17,"DOS, Microsoft Windows, macOS","racing video game, vehicular combat game"
Wai Wai World 2: SOS!! Parsley Jō,1991-01-05,Nintendo Entertainment System,"crossover fiction, platformer"
Wakfu,2012-02-29,"Java virtual machine, Microsoft Windows, macOS","massively multiplayer online role-playing game, turn-based tactics"
Waku Waku 7,1996-11-21,"Neo Geo, Nintendo 3DS, PlayStation 4, Super Nintendo Entertainment System, arcade video game",fighting game
Walker,1993-02-01,Unknown,action game
Wallace & Gromit's Grand Adventures,2009-03-23,"Microsoft Windows, iOS",role-playing video game
War Cars Construction Set,1987-01-01,"Amstrad CPC, Commodore 64, ZX Spectrum",Unknown
War Gods,1997-05-21,"Microsoft Windows, Nintendo 64, PlayStation 2, arcade video game",fighting game
War Rock,2007-01-01,Microsoft Windows,"action game, first-person shooter, massively multiplayer online role-playing game"
War in Middle Earth,1988-01-01,"Amstrad CPC, Apple IIGS, Atari ST, Commodore 64, DOS, ZX Spectrum",real-time strategy
War of the Monsters,2003-01-14,PlayStation 4,"action game, fighting game"
War of the Roses,2012-10-02,Microsoft Windows,action game
WarGames: Defcon 1,1998-06-30,"Microsoft Windows, PlayStation 2","real-time strategy, tactical shooter"
Warcraft II: Tides of Darkness,1995-12-09,"Classic Mac OS, DOS, Microsoft Windows, PlayStation 2","fantasy video game, real-time strategy"
Warcraft III: Reign of Chaos,2002-07-03,"Classic Mac OS, Microsoft Windows, macOS","fantasy video game, real-time strategy"
Warcraft: Orcs & Humans,1994-11-15,"Classic Mac OS, DOS, Microsoft Windows","fantasy video game, real-time strategy"
Wargame: European Escalation,2012-02-23,"Microsoft Windows, macOS",real-time strategy
"Warhammer 40,000: Chaos Gate",1998-10-31,Microsoft Windows,turn-based strategy video game
"Warhammer 40,000: Dark Millennium",,Microsoft Windows,massively multiplayer online role-playing game
"Warhammer 40,000: Dawn of War",2004-09-20,Microsoft Windows,"real-time strategy, science fiction video game"
"Warhammer 40,000: Dawn of War II",2009-02-19,"Microsoft Windows, macOS","science fiction video game, tactical role-playing game"
Warhammer Online: Age of Reckoning,2008-09-18,"Microsoft Windows, macOS",massively multiplayer online role-playing game
Warhammer: Dark Omen,1998-03-31,"Microsoft Windows, PlayStation 2",real-time tactics
Warhammer: Mark of Chaos,2006-11-14,"Microsoft Windows, Xbox One",real-time tactics
Warhawk,2007-08-28,PlayStation 3,"science fiction video game, third-person shooter"
Wario Land II,1998-03-02,"Game Boy, Game Boy Color",platformer
Wario Land: Shake It!,2008-07-24,Wii,platformer
Wario Land: Super Mario Land 3,1994-01-21,"Game Boy, Nintendo 3DS",platformer
Wario: Master of Disguise,2007-01-18,"Nintendo DS, Wii U",Metroidvania
WarioWare D.I.Y.,2009-04-29,Nintendo DS,action game
"WarioWare, Inc.: Mega Microgames!",2003-03-21,"Nintendo 3DS, Wii U","minigame collection, party video game"
"WarioWare, Inc.: Mega Party Games!",2004-04-05,Nintendo GameCube,party video game
WarioWare: Smooth Moves,2006-12-02,"Wii, Wii U",party video game
WarioWare: Snapped!,2008-12-24,Nintendo DSi,action game
WarioWare: Touched!,2004-12-02,"Nintendo 3DS, Nintendo DS, Wii U",action game
WarioWare: Twisted!,2004-10-14,Unknown,"action game, puzzle video game"
Warlock: Master of the Arcane,2012-05-08,Microsoft Windows,"4X, turn-based strategy video game"
Warlords Battlecry II,2002-03-12,Microsoft Windows,"real-time strategy, role-playing video game"
Warlords Battlecry III,2004-01-01,Microsoft Windows,real-time strategy
Warning Forever,2003-07-24,Microsoft Windows,Unknown
Warrior II,1987-01-01,Commodore 64,action-adventure game
Warriors Orochi,2007-03-21,"Microsoft Windows, PlayStation 4, PlayStation Portable, Xbox One","crossover fiction, crowd-combat video game, hack and slash"
Warriors Orochi 3,2011-12-22,"PlayStation 3, PlayStation Vita, Xbox One","crossover fiction, crowd-combat video game, hack and slash"
Warriors of Fate,1996-03-22,"CP System Changer, PlayStation 2, arcade video game",beat 'em up
Warriors: Legends of Troy,2011-05-26,"PlayStation 3, Xbox One",hack and slash
Wars and Warriors: Joan of Arc,2004-02-07,Microsoft Windows,action game
Warsow,2005-07-08,"Microsoft Windows, personal computer",first-person shooter
Warzone 2100,1999-03-26,"FreeBSD, Microsoft Windows, PlayStation 2, Unix-like operating system, macOS, web browser","post-apocalyptic video game, real-time strategy, science fiction video game, strategy video game"
Wasteland,1988-01-01,"Commodore 64, DOS, Microsoft Windows, macOS","post-apocalyptic video game, role-playing video game, science fiction video game"
Wasteland 2,2014-09-19,"Microsoft Windows, macOS","post-apocalyptic video game, role-playing video game, science fiction video game"
Wastelands,1989-01-01,Commodore 64,action game
Watch Dogs,2014-05-27,"Microsoft Windows, PlayStation 3, Wii U, Xbox One","action-adventure game, cyberpunk video game, science fiction video game"
Way of the Samurai,2002-02-07,PlayStation 4,action-adventure game
Way of the Samurai 4,2011-03-03,"Microsoft Windows, PlayStation 3",action-adventure game
We Without Wings,2009-01-30,"Microsoft Windows, PlayStation 3, PlayStation Vita","eroge, visual novel"
Wet,2009-09-15,"PlayStation 3, Xbox One","action game, action-adventure game, third-person shooter, video game with LGBT character"
Whac-A-Mole,1975-01-01,Nintendo DS,arcade
Whale's Voyage,1993-01-01,"Amiga CD32, DOS",role-playing video game
White Album,1998-05-01,Microsoft Windows,"drama anime and manga, eroge, harem, visual novel"
Who Shot Johnny Rock?,1991-01-01,"3DO, DOS, Philips CD-i, PlayStation, PlayStation 4, arcade video game","interactive film, light-gun shooter"
Widelands,2006-10-30,"Microsoft Windows, macOS",real-time strategy
Wii Fit,2007-12-01,Wii,fitness video game
Wii Fit Plus,2009-10-01,Wii,fitness video game
Wii Party,2010-07-08,Wii,party video game
Wii Play,2006-12-02,Wii,party video game
Wii Play: Motion,2011-06-13,Wii,party video game
Wii Sports,2006-11-19,Wii,sports video game
Wii Sports Resort,2009-06-25,Wii,sports video game
Wild Arms 2,1999-09-02,PlayStation 2,role-playing video game
Wild Arms 3,2002-03-14,PlayStation 4,role-playing video game
Wild Arms 4,2005-03-24,PlayStation 4,role-playing video game
Wild Arms 5,2006-12-14,PlayStation 4,role-playing video game
Wild Gunman,1984-02-18,Nintendo Entertainment System,light-gun shooter
Wildlife Park,2003-12-08,"Microsoft Windows, macOS",construction and management simulation
Wildlife Park 2,2006-06-23,Microsoft Windows,business simulation game
Wind: A Breath of Heart,,"Microsoft Windows, PlayStation 4","eroge, harem, visual novel"
Wing Commander II: Vengeance of the Kilrathi,1991-01-01,DOS,"science fiction video game, space flight simulation game"
Wing Commander III: Heart of the Tiger,1995-01-01,"3DO, Classic Mac OS, DOS, PlayStation 2","science fiction video game, space combat simulation game"
Wing Commander IV: The Price of Freedom,1996-02-12,"Classic Mac OS, DOS, Microsoft Windows, PlayStation 2","science fiction video game, space flight simulation game"
Wing Commander: Prophecy,1997-11-30,Microsoft Windows,"science fiction video game, space flight simulation game"
Wings,1990-10-01,Microsoft Windows,"shoot 'em up, third-person shooter"
Wings of Fury,1987-01-01,"Amstrad CPC, Commodore 64, DOS, Game Boy Color",action game
Wings of War,2004-08-30,Microsoft Windows,combat flight simulator game
Winter Challenge,1991-01-01,"DOS, PlayStation",sports video game
Winx Club: Quest for the Codex,2006-11-06,Nintendo DS,"action-adventure game, arcade, puzzle video game, rhythm game, side-scrolling video game"
Wipeout 3,1999-09-08,PlayStation 2,racing video game
Wishbringer,1985-05-01,"Amstrad CPC, Apple II series, Atari 8-bit family, Atari ST, Classic Mac OS, Commodore 64, DOS",interactive fiction
Witchaven,1995-09-30,"DOS, Microsoft Windows","dark fantasy video game, first-person shooter"
Wizard of Wor,1981-06-05,"Atari 2600, Atari 5200, Commodore 64","action game, maze video game"
Wizard101,2008-09-02,"Microsoft Windows, macOS",massively multiplayer online role-playing game
Wizardry 8,2001-11-15,"Microsoft Windows, macOS",role-playing video game
Wizardry: Proving Grounds of the Mad Overlord,1981-09-01,Apple II,role-playing video game
Wizards & Warriors,1987-12-01,Nintendo Entertainment System,platformer
Wizball,1987-01-01,"Amstrad CPC, Atari ST, Commodore 64, DOS, ZX Spectrum",shoot 'em up
WolfQuest,2007-10-31,"Microsoft Windows, iOS, macOS","biological simulation video game, role-playing video game"
Wolfenstein 3D,1995-10-19,"3DO, Acorn Archimedes, Amiga 1200, AmigaOS, Apple II series, Apple IIGS, Atari Jaguar, Atari ST, Atari TOS, Classic Mac OS, IBM Personal Computer, Microsoft Windows, MorphOS, NEC PC-9800 series, PlayStation 3, Pocket PC, RISC OS, Super Nintendo Entertainment System, Xbox One, iOS",first-person shooter
Wolfenstein RPG,2008-09-30,"Java Platform, Micro Edition, Java virtual machine, iOS","first-person shooter, role-playing video game"
Wolfenstein: Enemy Territory,2003-05-29,"Microsoft Windows, macOS",first-person shooter
Wolfpack,1990-01-01,"Classic Mac OS, DOS",simulation video game
Wonder Boy in Monster Land,1987-10-30,"Amstrad CPC, Atari ST, Commodore 64, TurboGrafx-16, ZX Spectrum",platformer
Wonder Boy in Monster World,1991-10-25,"Microsoft Windows, PlayStation, macOS","Metroidvania, action-adventure game"
Wonderful Everyday,2010-03-26,Microsoft Windows,"eroge, visual novel"
Wordfeud,2013-01-01,"Windows Phone, iOS",word video game
Work Time Fun,2005-12-22,PlayStation Portable,action game
World Champ,1990-12-07,Nintendo Entertainment System,sports video game
World Cup 98,1998-03-31,"Microsoft Windows, Nintendo 64, PlayStation 2",association football video game
World Games,1986-01-01,"Amstrad CPC, Apple IIGS, Atari ST, Commodore 64, DOS, MSX, Nintendo Entertainment System, ZX Spectrum",sports video game
World Series of Poker 2008: Battle for the Bracelets,2007-09-25,"Microsoft Windows, Nintendo DS, PlayStation 3, PlayStation 4, Xbox One",Unknown
World of Padman,2007-04-01,"AmigaOS, Microsoft Windows, macOS","first-person shooter, third-person shooter"
World of Tanks,2013-09-05,"Microsoft Windows, Xbox One, iOS, macOS","action game, massively multiplayer online game, tank simulation game"
WorldShift,2009-11-11,Microsoft Windows,tactical role-playing game
Worms,1995-06-01,"Atari Jaguar, DOS, Game Boy, Game Boy Color, Microsoft Windows, PlayStation, PlayStation 2, Super Nintendo Entertainment System","artillery game, strategy video game"
Worms 2: Armageddon,2009-07-01,"Xbox One, iOS","artillery game, strategy video game, turn-based strategy video game"
Worms 3D,2003-10-31,"Microsoft Windows, Nintendo GameCube, PlayStation 4, macOS","artillery game, strategy video game"
Worms Armageddon,1999-05-31,"Game Boy Color, Microsoft Windows, Nintendo 64, PlayStation 2","artillery game, strategy video game, turn-based strategy video game"
Worms: The Director's Cut,1997-01-01,"Amiga 1200, Amiga 4000",strategy video game
Wrath of the Demon,1990-01-01,"Atari ST, CDTV, Commodore 64, DOS",action game
X-15 Alpha Mission,1986-01-01,Commodore 64,simulation video game
X-COM: Enforcer,2001-04-18,Microsoft Windows,third-person shooter
X-COM: Terror from the Deep,1995-01-01,"3DO, DOS, Microsoft Windows, PlayStation 2","science fiction video game, strategy video game"
X-Men 2: Clone Wars,1995-01-01,PlayStation,platformer
X-Men Legends,2004-09-21,"N-Gage, Nintendo GameCube, PlayStation 4",action role-playing game
X-Men Legends II: Rise of Apocalypse,2005-09-20,"Microsoft Windows, N-Gage, Nintendo GameCube, PlayStation 4, PlayStation Portable","action role-playing game, role-playing video game"
X-Men: Children of the Atom,1995-11-22,"PlayStation 2, arcade video game",fighting game
X-Plane,1993-01-01,"Classic Mac OS, Microsoft Windows, iOS, macOS","flight simulation video game, simulation video game"
X-Squad,2000-08-03,PlayStation 4,action game
X-Tris,1997-01-01,Commodore 64,Unknown
X2: Wolverine's Revenge,2003-04-14,"Microsoft Windows, Nintendo GameCube, PlayStation 4",action game
X3: Terran Conflict,2008-10-16,"Microsoft Windows, macOS","science fiction video game, space flight simulation game, space opera video game, space trading and combat game"
XBill,1994-01-01,"Classic Mac OS, Microsoft Windows, iOS, macOS",Unknown
XBlast,1993-01-01,Microsoft Windows,strategy video game
XCOM: Enemy Unknown,2012-10-09,"Microsoft Windows, PlayStation 3, Xbox One, iOS, macOS","science fiction video game, turn-based strategy video game"
XGRA: Extreme G Racing Association,2003-09-11,"Nintendo GameCube, PlayStation 4",racing video game
XIII,2003-11-18,"Microsoft Windows, Nintendo GameCube, PlayStation 4, macOS",first-person shooter
Xenoblade Chronicles,2010-06-10,"Wii, Wii U","action role-playing game, science fiction video game"
Xenogears,1998-02-11,PlayStation 2,"role-playing video game, science fiction video game"
Xenon,1988-01-01,"Amstrad CPC, Commodore 64, DOS, MSX, ZX Spectrum","science fiction video game, shoot 'em up"
Xenon 2: Megablast,1989-01-01,"Acorn Archimedes, Atari ST, DOS, PlayStation",science fiction video game
Xexex,1991-01-01,arcade video game,"science fiction video game, shoot 'em up"
Xexyz,1988-08-26,Nintendo Entertainment System,"platformer, post-apocalyptic video game"
Y-Out,1991-01-01,Commodore 64,shoot 'em up
Yager,2003-05-23,Microsoft Windows,combat flight simulator game
Yakuza,2005-12-08,"PlayStation 3, PlayStation 4, Wii U",action-adventure game
Yakuza 5,2012-12-06,PlayStation 3,"Christmas video game, action-adventure game"
Yami to Bōshi to Hon no Tabibito,2002-01-01,Microsoft Windows,"eroge, visual novel, yuri game"
Yars' Revenge,1982-05-01,Atari 2600,action game
Yggdra Union,2006-03-23,"Microsoft Windows, PlayStation Portable, iOS",tactical role-playing game
Yie Ar Kung-Fu,1985-01-01,"Acorn Electron, Amstrad CPC, BBC Micro, Commodore 16, Commodore 64, Commodore Plus/4, Game Boy Color, MSX, Nintendo DS, Nintendo Entertainment System, PlayStation 4, Wii U, ZX Spectrum, arcade video game",fighting game
Yie Ar Kung-Fu II,1986-01-01,"Acorn Electron, Amstrad CPC, BBC Micro, Commodore 64, MSX, Thomson MO5, Thomson TO7, Virtual Console, ZX Spectrum",beat 'em up
YoWorld,2008-05-08,web browser,virtual world
Yoake Mae yori Ruriiro na,2005-09-22,"Microsoft Windows, PlayStation 4, PlayStation Portable","eroge, romance adventure game, visual novel"
Yogurting,2005-05-10,Microsoft Windows,massively multiplayer online role-playing game
Yoomurjak's Ring,2006-01-01,Microsoft Windows,adventure video game
Yoshi,1991-12-14,"Game Boy, Nintendo Entertainment System",puzzle video game
Yoshi's Cookie,1993-07-09,"Game Boy, Nintendo Entertainment System, Super Nintendo Entertainment System",puzzle video game
Yosuga no Sora,2008-01-01,Microsoft Windows,"ecchi, eroge, harem, visual novel"
Yousei Daisensou ~ Touhou Sangetsusei,2010-08-14,Microsoft Windows,shoot 'em up
Yu-Gi-Oh! Worldwide Edition: Stairway to the Destined Duel,2003-04-15,Unknown,"collectible card video game, strategy video game"
Yume Miru Kusuri: A Drug That Makes You Dream,2005-12-22,Microsoft Windows,"eroge, visual novel"
Yume Penguin Monogatari,1991-01-25,Nintendo Entertainment System,platformer
Yumeria,2003-04-24,PlayStation 4,"harem, magical girl"
ZZT,1991-01-01,DOS,"game creation system, puzzle video game"
Zack & Wiki: Quest for Barbaros' Treasure,2007-10-23,"Wii, Wii U",puzzle video game
Zak McKracken: Between Time and Space,2008-04-20,"Microsoft Windows, macOS","adventure video game, science fiction video game"
Zamczysko,1995-01-01,Commodore 64,Unknown
ZanZarah: The Hidden Portal,2002-04-26,Microsoft Windows,"action game, action-adventure game, adventure video game, role-playing game, role-playing video game"
Zapp Hussein,1990-01-01,Commodore 64,sports video game
Zappy Zooks,1983-01-01,Commodore 64,action game
Zatch Bell! Mamodo Fury,2005-12-15,"Nintendo GameCube, PlayStation 4","fighting game, role-playing video game"
Zauberschloß,1984-01-01,Atari 8-bit family,adventure video game
Zaxxon,1982-01-01,"Apple II, Atari 2600, Atari 5200, ColecoVision, Commodore 64, DOS, Intellivision, MSX, SG-1000, TRS-80 Color Computer, ZX Spectrum, arcade video game",shoot 'em up
Zelda II: The Adventure of Link,1987-01-14,"Famicom Disk System, Nintendo Entertainment System, Wii U","action role-playing game, role-playing video game"
Zendoku,2007-04-20,Nintendo DS,sudoku video game
Zeno Clash,2009-04-21,"Microsoft Windows, Xbox One","fighting game, first-person shooter"
Zeno Clash II,2013-04-30,"Microsoft Windows, PlayStation 3, Xbox One","fighting game, first-person shooter"
Zenonia,2008-08-28,"Nintendo DSi, PlayStation 3, PlayStation Portable, PlayStation Vita, Windows Mobile, Zeebo, iOS",action role-playing game
Zero Tolerance,1994-01-01,"Microsoft Windows, PlayStation","action game, first-person shooter"
Zero Wing,1989-07-01,"Microsoft Windows, PlayStation, TurboGrafx-16, arcade video game, macOS","horizontally scrolling shooter, shoot 'em up"
Zero the Kamikaze Squirrel,1994-11-01,"PlayStation, Super Nintendo Entertainment System",platformer
Zettai Fukuju Meirei,2005-04-22,Microsoft Windows,"Boys' Love game, LGBT-themed video game"
Zeus: Master of Olympus,2000-01-01,Microsoft Windows,city-building game
Zoids: Empire VS Republic ~Genes of Mecha Organisms~,2000-11-22,PlayStation 2,Unknown
Zombi,1986-01-01,"Amstrad CPC, Atari ST, Commodore 64, DOS, ZX Spectrum","action-adventure game, zombie video game"
ZombiU,2012-11-18,"Microsoft Windows, Wii U","first-person shooter, post-apocalyptic video game, zombie video game"
Zombies Ate My Neighbors,1993-09-01,"PlayStation, Super Nintendo Entertainment System",shoot 'em up
Zone 66,1993-01-01,DOS,multidirectional shooter
Zone of the Enders: The 2nd Runner,2003-02-13,"Microsoft Windows, PlayStation 3, PlayStation 4, Xbox One","hack and slash, mecha video game, third-person shooter"
Zoo Tycoon,2001-10-17,"Classic Mac OS, Microsoft Windows, macOS",business simulation game
Zoo Tycoon 2,2004-11-09,"Microsoft Windows, macOS",business simulation game
Zoo Tycoon DS,2005-10-11,Nintendo DS,business simulation game
Zoop,1995-10-31,"Classic Mac OS, DOS, Microsoft Windows, PlayStation, PlayStation 2, Super Nintendo Entertainment System",puzzle video game
Zork II,1981-01-01,"Atari ST, Commodore 64, DOS, MSX, Microsoft Windows",interactive fiction
Zork III,1983-01-01,"Apple II series, Atari ST, CP/M, Commodore 128, Commodore 64, Commodore Plus/4, Microsoft Windows",interactive fiction
Zork Zero,1988-10-19,"Classic Mac OS, DOS, Microsoft Windows",interactive fiction
Zorro,1985-01-01,"Amstrad CPC, Commodore 64, ZX Spectrum",action-adventure game
Zuma,2003-12-12,"Microsoft Windows, PlayStation 3, PlayStation 4, Xbox One, iOS, macOS","Puzz Loop clone, puzzle video game, tile-matching video game"
Zumba Fitness,2010-11-18,"PlayStation 3, Wii, Xbox One",music video game
Zybex,1989-01-01,"Commodore 64, ZX Spectrum",shoot 'em up
Zynaps,1987-01-01,"Amstrad CPC, Atari ST, Commodore 64, ZX Spectrum",shoot 'em up
Zzyzzyxx,1982-01-01,arcade video game,platformer
dnd,1975-01-01,PLATO,"dungeon crawl, role-playing video game"
drummania,2010-01-01,PlayStation 4,music video game
eJay,2003-08-05,PlayStation 4,music video game
eRepublik,2008-10-21,web browser,massively multiplayer online game
flOw,2006-04-14,"PlayStation 3, PlayStation Portable, PlayStation Vita",life simulation game
gbrainy,,Microsoft Windows,puzzle video game
iDance,,arcade video game,"fitness video game, music video game"
iRacing,2008-01-01,Microsoft Windows,"racing video game, sim racing"
josé,,Unknown,Unknown
openBVE,,"Microsoft Windows, macOS",train simulator
osu!,2007-09-16,"Microsoft Windows, iOS, macOS","music video game, rhythm game"
Æon Flux,2005-11-15,PlayStation 4,"action-adventure game, cyberpunk video game, post-apocalyptic video game, science fiction video game"
ÜberSoldier,2006-03-29,Microsoft Windows,first-person shooter
Ōkami,2007-02-14,"PlayStation 4, Wii",action-adventure game
Ōkami Kakushi,2009-08-20,PlayStation Portable,visual novel
Ōkamiden,2010-09-30,Nintendo DS,action-adventure game
